# relative_time, cycles_done, cur_item, corpus_count, pending_total, pending_favs, map_size, saved_crashes, saved_hangs, max_depth, execs_per_sec, total_execs, edges_found
61, 0, 1, 355, 348, 4, 0.11%, 0, 0, 2, 213.30, 12183, 9344
66, 0, 1, 371, 364, 4, 0.11%, 0, 0, 2, 207.57, 13235, 9421
71, 0, 1, 384, 377, 4, 0.11%, 0, 0, 2, 205.88, 14274, 9437
76, 0, 1, 391, 384, 4, 0.11%, 0, 0, 2, 181.81, 15200, 9455
81, 0, 1, 407, 400, 4, 0.11%, 0, 0, 2, 175.04, 16083, 9514
86, 0, 1, 424, 417, 4, 0.11%, 0, 0, 2, 190.19, 17057, 9523
91, 0, 1, 434, 427, 4, 0.11%, 0, 0, 2, 190.57, 18023, 9582
96, 0, 352, 434, 426, 277, 0.11%, 0, 0, 2, 199.00, 18956, 9582
102, 0, 417, 434, 425, 276, 0.11%, 0, 0, 2, 204.82, 20054, 9582
107, 0, 231, 434, 424, 275, 0.11%, 0, 0, 2, 201.18, 21046, 9582
112, 0, 231, 444, 434, 275, 0.11%, 0, 0, 3, 193.99, 22030, 9602
117, 0, 231, 455, 445, 275, 0.11%, 0, 0, 3, 198.89, 23034, 9612
122, 0, 231, 462, 452, 275, 0.11%, 0, 0, 3, 209.00, 24114, 9631
127, 0, 231, 476, 466, 275, 0.11%, 0, 0, 3, 193.26, 25089, 9643
132, 0, 231, 483, 473, 275, 0.12%, 0, 0, 3, 198.22, 26077, 9676
137, 0, 231, 488, 478, 275, 0.12%, 0, 0, 3, 205.54, 27112, 9683
142, 0, 231, 494, 484, 275, 0.12%, 0, 0, 3, 208.37, 28182, 9698
147, 0, 231, 500, 490, 275, 0.12%, 0, 0, 3, 198.26, 29169, 9706
153, 0, 231, 504, 494, 275, 0.12%, 0, 0, 3, 200.46, 30196, 9717
158, 0, 231, 511, 501, 275, 0.12%, 0, 0, 3, 205.75, 31241, 9720
163, 0, 231, 516, 506, 275, 0.12%, 0, 0, 3, 199.97, 32242, 9742
168, 0, 231, 519, 509, 275, 0.12%, 0, 0, 3, 198.31, 33235, 9745
173, 0, 231, 524, 514, 275, 0.12%, 0, 0, 3, 196.90, 34251, 9763
178, 0, 231, 534, 524, 275, 0.12%, 0, 0, 3, 199.16, 35274, 9781
183, 0, 231, 541, 531, 275, 0.12%, 0, 0, 3, 202.53, 36291, 9790
188, 0, 160, 544, 532, 330, 0.12%, 0, 0, 3, 205.63, 37262, 9793
193, 0, 160, 546, 534, 330, 0.12%, 0, 0, 3, 197.67, 38311, 9794
198, 0, 477, 546, 533, 330, 0.12%, 0, 0, 3, 221.48, 39415, 9794
203, 0, 101, 546, 531, 328, 0.12%, 0, 0, 3, 21.56, 40483, 9794
208, 0, 101, 546, 531, 328, 0.12%, 0, 0, 3, 163.53, 41329, 9794
214, 0, 101, 562, 547, 328, 0.12%, 0, 0, 3, 178.19, 42247, 9814
219, 0, 101, 567, 552, 328, 0.12%, 0, 0, 3, 188.61, 43239, 10378
224, 0, 101, 580, 565, 328, 0.12%, 0, 0, 3, 185.30, 44170, 10390
229, 0, 101, 586, 571, 328, 0.12%, 0, 0, 3, 197.60, 45211, 10402
234, 0, 101, 595, 580, 328, 0.12%, 0, 0, 3, 200.00, 46204, 10414
239, 0, 101, 602, 587, 328, 0.12%, 0, 0, 3, 196.79, 47223, 10445
244, 0, 101, 611, 596, 328, 0.12%, 0, 0, 3, 201.99, 48250, 10456
249, 0, 101, 619, 604, 328, 0.12%, 0, 0, 3, 193.44, 49262, 10471
254, 0, 101, 622, 607, 328, 0.12%, 0, 0, 3, 199.32, 50297, 10472
260, 0, 101, 627, 612, 328, 0.12%, 0, 0, 3, 202.09, 51330, 10477
265, 0, 101, 635, 620, 328, 0.13%, 0, 0, 3, 192.64, 52323, 10507
270, 0, 101, 636, 621, 328, 0.13%, 0, 0, 3, 208.26, 53413, 10507
275, 0, 101, 643, 628, 328, 0.13%, 0, 0, 3, 210.97, 54506, 10519
280, 0, 613, 646, 630, 370, 0.13%, 0, 0, 3, 78.93, 55566, 10522
285, 0, 588, 646, 629, 369, 0.13%, 0, 0, 3, 199.92, 56689, 10522
290, 0, 588, 653, 636, 369, 0.13%, 0, 0, 4, 187.21, 57675, 10527
296, 0, 588, 657, 640, 369, 0.13%, 0, 0, 4, 179.45, 58531, 10529
301, 0, 588, 662, 645, 369, 0.13%, 0, 0, 4, 180.65, 59445, 10534
306, 0, 588, 669, 652, 369, 0.13%, 0, 0, 4, 188.66, 60397, 10540
311, 0, 588, 673, 656, 369, 0.13%, 0, 0, 4, 192.56, 61367, 10548
316, 0, 588, 676, 659, 369, 0.13%, 0, 0, 4, 191.66, 62339, 10551
321, 0, 588, 677, 660, 369, 0.13%, 0, 0, 4, 187.32, 63291, 10552
326, 0, 588, 677, 660, 369, 0.13%, 0, 0, 4, 180.90, 64215, 10552
331, 0, 588, 680, 663, 369, 0.13%, 0, 0, 4, 179.88, 65127, 10556
336, 0, 588, 687, 670, 369, 0.13%, 0, 0, 4, 178.46, 66022, 10569
341, 0, 588, 689, 672, 369, 0.13%, 0, 0, 4, 180.26, 66936, 10571
346, 0, 588, 691, 674, 369, 0.13%, 0, 0, 4, 182.67, 67868, 10573
351, 0, 588, 694, 677, 369, 0.13%, 0, 0, 4, 185.26, 68825, 10575
356, 0, 588, 695, 678, 369, 0.13%, 0, 0, 4, 191.24, 69756, 10576
362, 0, 636, 697, 679, 402, 0.13%, 0, 0, 4, 192.32, 70738, 10578
367, 0, 636, 702, 684, 402, 0.13%, 0, 0, 4, 191.18, 71696, 10587
372, 0, 636, 710, 692, 402, 0.13%, 0, 0, 4, 189.59, 72652, 10624
377, 0, 636, 713, 695, 402, 0.13%, 0, 0, 4, 189.32, 73639, 10625
382, 0, 636, 717, 699, 402, 0.13%, 0, 0, 4, 156.67, 74372, 10626
387, 0, 636, 723, 705, 402, 0.13%, 0, 0, 4, 150.55, 75134, 10959
392, 0, 636, 729, 711, 402, 0.13%, 0, 0, 4, 156.16, 75917, 10975
397, 0, 636, 731, 713, 402, 0.13%, 0, 0, 4, 161.82, 76759, 10978
402, 0, 636, 732, 714, 402, 0.13%, 0, 0, 4, 163.12, 77576, 10979
407, 0, 636, 733, 715, 402, 0.13%, 0, 0, 4, 162.29, 78396, 10980
412, 0, 636, 736, 718, 402, 0.13%, 0, 0, 4, 161.05, 79212, 11079
417, 0, 636, 740, 722, 402, 0.13%, 0, 0, 4, 162.11, 80053, 11085
422, 0, 636, 740, 722, 402, 0.13%, 0, 0, 4, 161.80, 80860, 11085
428, 0, 636, 742, 724, 402, 0.13%, 0, 0, 4, 156.26, 81675, 11089
433, 0, 636, 748, 730, 402, 0.13%, 0, 0, 4, 158.54, 82488, 11095
438, 0, 636, 751, 733, 402, 0.13%, 0, 0, 4, 161.08, 83298, 11099
443, 0, 636, 754, 736, 402, 0.13%, 0, 0, 4, 159.29, 84102, 11158
448, 0, 703, 757, 738, 429, 0.13%, 0, 0, 4, 21.98, 84967, 11159
453, 0, 342, 757, 737, 428, 0.13%, 0, 0, 4, 172.16, 85840, 11159
458, 0, 342, 757, 737, 428, 0.13%, 0, 0, 4, 199.15, 86909, 11159
464, 0, 735, 758, 737, 428, 0.13%, 0, 0, 4, 168.33, 87699, 11160
469, 0, 735, 763, 742, 428, 0.13%, 0, 0, 5, 165.12, 88537, 11161
474, 0, 735, 770, 749, 428, 0.13%, 0, 0, 5, 162.67, 89351, 11180
479, 0, 735, 777, 756, 428, 0.13%, 0, 0, 5, 164.90, 90207, 11183
484, 0, 735, 782, 761, 428, 0.13%, 0, 0, 5, 168.09, 91070, 11260
489, 0, 735, 785, 764, 428, 0.13%, 0, 0, 5, 162.93, 91910, 11261
494, 0, 735, 786, 765, 428, 0.13%, 0, 0, 5, 162.58, 92739, 11261
499, 0, 735, 793, 772, 428, 0.13%, 0, 0, 5, 171.83, 93616, 11264
504, 0, 735, 797, 776, 428, 0.13%, 0, 0, 5, 167.60, 94466, 11267
509, 0, 735, 803, 782, 428, 0.13%, 0, 0, 5, 165.96, 95315, 11275
514, 0, 735, 808, 787, 428, 0.13%, 0, 0, 5, 181.38, 96280, 11284
520, 0, 735, 811, 790, 428, 0.13%, 0, 0, 5, 181.37, 97225, 11304
525, 0, 735, 815, 794, 428, 0.13%, 0, 0, 5, 184.16, 98185, 11311
530, 0, 807, 817, 795, 450, 0.13%, 0, 0, 5, 189.46, 99130, 11313
535, 0, 656, 818, 795, 449, 0.13%, 0, 0, 5, 206.55, 100173, 11316
540, 0, 656, 823, 800, 449, 0.13%, 0, 0, 5, 203.98, 101200, 11323
545, 0, 656, 825, 802, 449, 0.14%, 0, 0, 5, 215.83, 102326, 11325
550, 0, 656, 828, 805, 449, 0.14%, 0, 0, 5, 218.44, 103415, 11328
555, 0, 656, 828, 805, 449, 0.14%, 0, 0, 5, 219.63, 104539, 11328
560, 0, 656, 830, 807, 449, 0.14%, 0, 0, 5, 218.21, 105629, 11330
566, 0, 656, 831, 808, 449, 0.14%, 0, 0, 5, 201.76, 106668, 11331
571, 0, 656, 834, 811, 449, 0.14%, 0, 0, 5, 209.18, 107693, 11336
576, 0, 656, 836, 813, 449, 0.14%, 0, 0, 5, 204.48, 108731, 11337
581, 0, 656, 837, 814, 449, 0.14%, 0, 0, 5, 206.24, 109814, 11338
586, 0, 722, 838, 814, 465, 0.14%, 0, 0, 5, 149.23, 110528, 11339
591, 0, 722, 838, 814, 465, 0.14%, 0, 0, 5, 137.07, 111143, 11339
596, 0, 722, 848, 824, 465, 0.14%, 0, 0, 5, 166.25, 112022, 11345
601, 0, 722, 851, 827, 465, 0.14%, 0, 0, 5, 179.52, 112937, 11353
606, 0, 722, 854, 830, 465, 0.14%, 0, 0, 5, 178.60, 113837, 11354
611, 0, 722, 859, 835, 465, 0.14%, 0, 0, 5, 181.72, 114760, 11357
616, 0, 722, 862, 838, 465, 0.14%, 0, 0, 5, 182.18, 115678, 11367
621, 0, 722, 865, 841, 465, 0.14%, 0, 0, 5, 180.01, 116620, 11369
627, 0, 722, 867, 843, 465, 0.14%, 0, 0, 5, 182.77, 117573, 11370
632, 0, 722, 873, 849, 465, 0.14%, 0, 0, 5, 180.30, 118479, 11376
637, 0, 722, 877, 853, 465, 0.14%, 0, 0, 5, 184.03, 119413, 11388
642, 0, 722, 878, 854, 465, 0.14%, 0, 0, 5, 184.93, 120371, 11388
647, 0, 722, 879, 855, 465, 0.14%, 0, 0, 5, 186.74, 121337, 11391
652, 0, 861, 879, 854, 484, 0.14%, 0, 0, 5, 194.06, 122292, 11391
657, 0, 721, 879, 853, 483, 0.14%, 0, 0, 5, 212.32, 123391, 11391
663, 0, 721, 882, 856, 483, 0.14%, 0, 0, 5, 205.23, 124420, 11391
668, 0, 721, 883, 857, 483, 0.14%, 0, 0, 5, 198.38, 125419, 11391
673, 0, 721, 883, 857, 483, 0.14%, 0, 0, 5, 203.68, 126447, 11391
678, 0, 457, 886, 859, 486, 0.14%, 0, 0, 5, 204.90, 127435, 11394
683, 0, 412, 887, 859, 485, 0.14%, 0, 0, 5, 203.64, 128437, 11395
688, 0, 393, 887, 858, 484, 0.14%, 0, 0, 5, 209.15, 129450, 11395
693, 0, 831, 887, 857, 483, 0.14%, 0, 0, 5, 208.44, 130455, 11395
698, 0, 831, 898, 868, 483, 0.14%, 0, 0, 6, 202.03, 131464, 11420
703, 0, 831, 903, 873, 483, 0.14%, 0, 0, 6, 199.48, 132465, 11429
708, 0, 831, 906, 876, 483, 0.14%, 0, 0, 6, 204.93, 133500, 11438
713, 0, 831, 910, 880, 483, 0.14%, 0, 0, 6, 200.83, 134524, 11445
719, 0, 831, 912, 882, 483, 0.14%, 0, 0, 6, 197.97, 135534, 11453
724, 0, 831, 915, 885, 483, 0.14%, 0, 0, 6, 201.65, 136559, 11458
729, 0, 831, 920, 890, 483, 0.14%, 0, 0, 6, 193.50, 137552, 11472
734, 0, 831, 924, 894, 483, 0.14%, 0, 0, 6, 224.27, 138746, 11474
739, 0, 831, 926, 896, 483, 0.14%, 0, 0, 6, 224.16, 139880, 11476
744, 0, 829, 928, 897, 511, 0.14%, 0, 0, 6, 228.09, 140982, 11477
749, 0, 567, 928, 896, 510, 0.14%, 0, 0, 6, 217.90, 142046, 11477
754, 0, 238, 928, 895, 509, 0.14%, 0, 0, 6, 213.64, 142999, 11477
759, 0, 808, 929, 895, 509, 0.14%, 0, 0, 6, 236.99, 144077, 11478
764, 0, 808, 940, 906, 509, 0.14%, 0, 0, 6, 220.06, 145171, 11496
769, 0, 808, 949, 915, 509, 0.14%, 0, 0, 6, 216.74, 146266, 11500
774, 0, 808, 955, 921, 509, 0.14%, 0, 0, 6, 216.09, 147372, 11503
780, 0, 808, 962, 928, 509, 0.14%, 0, 0, 6, 211.96, 148449, 11503
785, 0, 808, 965, 931, 509, 0.14%, 0, 0, 6, 215.01, 149542, 11538
790, 0, 808, 969, 935, 509, 0.14%, 0, 0, 6, 212.60, 150610, 11552
795, 0, 808, 973, 939, 509, 0.14%, 0, 0, 6, 202.08, 151614, 11561
800, 0, 808, 978, 944, 509, 0.14%, 0, 0, 6, 212.07, 152697, 11566
805, 0, 808, 981, 947, 509, 0.14%, 0, 0, 6, 209.93, 153734, 11569
810, 0, 808, 984, 950, 509, 0.14%, 0, 0, 6, 188.48, 154702, 11571
815, 0, 808, 987, 953, 509, 0.14%, 0, 0, 6, 202.57, 155740, 11573
820, 0, 808, 990, 956, 509, 0.14%, 0, 0, 6, 197.77, 156733, 11574
825, 0, 808, 992, 958, 509, 0.14%, 0, 0, 6, 210.94, 157812, 11574
830, 0, 952, 992, 956, 530, 0.14%, 0, 0, 6, 223.95, 158864, 11574
835, 0, 952, 993, 957, 530, 0.14%, 0, 0, 7, 201.71, 159919, 11574
840, 0, 957, 995, 958, 529, 0.14%, 0, 0, 7, 184.79, 160815, 11574
846, 0, 957, 998, 961, 529, 0.14%, 0, 0, 7, 180.12, 161727, 11574
851, 0, 957, 1000, 963, 529, 0.14%, 0, 0, 7, 193.19, 162734, 11576
856, 0, 957, 1009, 972, 529, 0.14%, 0, 0, 7, 185.17, 163673, 11602
861, 0, 957, 1011, 974, 529, 0.14%, 0, 0, 7, 188.44, 164623, 11897
866, 0, 957, 1013, 976, 529, 0.14%, 0, 0, 7, 186.60, 165597, 11899
871, 0, 957, 1015, 978, 529, 0.14%, 0, 0, 7, 179.21, 166487, 11901
876, 0, 957, 1018, 981, 529, 0.14%, 0, 0, 7, 184.58, 167444, 11906
881, 0, 957, 1021, 984, 529, 0.14%, 0, 0, 7, 181.78, 168365, 11910
886, 0, 957, 1024, 987, 529, 0.14%, 0, 0, 7, 193.11, 169346, 11919
892, 0, 957, 1027, 990, 529, 0.14%, 0, 0, 7, 196.40, 170369, 11924
897, 0, 957, 1030, 993, 529, 0.14%, 0, 0, 7, 195.33, 171377, 11925
902, 0, 957, 1035, 998, 529, 0.14%, 0, 0, 7, 193.28, 172369, 11931
907, 0, 957, 1038, 1001, 529, 0.14%, 0, 0, 7, 193.39, 173368, 11932
912, 0, 957, 1040, 1003, 529, 0.14%, 0, 0, 7, 196.56, 174390, 11933
918, 0, 1009, 1040, 1002, 541, 0.14%, 0, 0, 7, 216.59, 175479, 11933
923, 0, 88, 1040, 1001, 540, 0.14%, 0, 0, 7, 237.58, 176722, 11933
928, 0, 1028, 1044, 1004, 539, 0.14%, 0, 0, 8, 232.78, 177861, 11937
933, 0, 1028, 1050, 1010, 539, 0.14%, 0, 0, 8, 228.78, 178999, 11941
938, 0, 1028, 1053, 1013, 539, 0.14%, 0, 0, 8, 231.49, 180200, 11944
943, 0, 1028, 1059, 1019, 539, 0.14%, 0, 0, 8, 225.07, 181318, 11966
948, 0, 1028, 1060, 1020, 539, 0.14%, 0, 0, 8, 232.38, 182513, 11966
953, 0, 1028, 1064, 1024, 539, 0.14%, 0, 0, 8, 232.14, 183705, 11969
959, 0, 1028, 1068, 1028, 539, 0.14%, 0, 0, 8, 224.73, 184865, 11987
964, 0, 1028, 1069, 1029, 539, 0.14%, 0, 0, 8, 230.00, 186060, 11988
969, 0, 1028, 1073, 1033, 539, 0.14%, 0, 0, 8, 226.74, 187236, 11994
974, 0, 1028, 1073, 1033, 539, 0.14%, 0, 0, 8, 228.98, 188432, 11994
979, 0, 1028, 1077, 1037, 539, 0.14%, 0, 0, 8, 230.54, 189588, 12001
984, 0, 1028, 1079, 1039, 539, 0.14%, 0, 0, 8, 233.04, 190788, 12002
989, 0, 711, 1079, 1037, 550, 0.14%, 0, 0, 8, 206.68, 191717, 12002
994, 0, 1047, 1080, 1037, 549, 0.14%, 0, 0, 8, 23.04, 192886, 12002
999, 0, 1047, 1084, 1041, 549, 0.14%, 0, 0, 9, 237.22, 194082, 12002
1005, 0, 1047, 1087, 1044, 549, 0.14%, 0, 0, 9, 232.35, 195283, 12003
1010, 0, 1047, 1090, 1047, 549, 0.14%, 0, 0, 9, 225.73, 196408, 12008
1015, 0, 1047, 1092, 1049, 549, 0.14%, 0, 0, 9, 226.96, 197602, 12008
1020, 0, 1047, 1093, 1050, 549, 0.14%, 0, 0, 9, 225.58, 198773, 12008
1025, 0, 1047, 1096, 1053, 549, 0.14%, 0, 0, 9, 225.75, 199934, 12010
1030, 0, 1047, 1099, 1056, 549, 0.14%, 0, 0, 9, 228.75, 201087, 12014
1035, 0, 1047, 1104, 1061, 549, 0.14%, 0, 0, 9, 230.23, 202278, 12021
1040, 0, 1047, 1108, 1065, 549, 0.14%, 0, 0, 9, 228.56, 203461, 12022
1046, 0, 1047, 1119, 1076, 549, 0.14%, 0, 0, 9, 228.56, 204612, 12040
1051, 0, 1121, 1123, 1079, 566, 0.14%, 0, 0, 9, 243.25, 205719, 12043
1056, 0, 1098, 1123, 1077, 564, 0.14%, 0, 0, 9, 41.41, 206951, 12043
1061, 0, 1098, 1126, 1080, 564, 0.14%, 0, 0, 10, 162.52, 207933, 12043
1066, 0, 1098, 1133, 1087, 564, 0.14%, 0, 0, 10, 191.80, 208963, 12048
1071, 0, 1098, 1138, 1092, 564, 0.14%, 0, 0, 10, 200.12, 209968, 12048
1076, 0, 1098, 1142, 1096, 564, 0.14%, 0, 0, 10, 199.69, 210970, 12073
1081, 0, 1098, 1143, 1097, 564, 0.14%, 0, 0, 10, 200.90, 211999, 12073
1087, 0, 1098, 1147, 1101, 564, 0.14%, 0, 0, 10, 202.16, 213019, 12075
1092, 0, 1098, 1150, 1104, 564, 0.14%, 0, 0, 10, 204.67, 214044, 12076
1097, 0, 1098, 1153, 1107, 564, 0.14%, 0, 0, 10, 200.45, 215073, 12087
1102, 0, 1098, 1155, 1109, 564, 0.14%, 0, 0, 10, 203.68, 216099, 12088
1107, 0, 1098, 1158, 1112, 564, 0.14%, 0, 0, 10, 200.24, 217118, 12093
1112, 0, 1098, 1158, 1112, 564, 0.14%, 0, 0, 10, 223.73, 218249, 12093
1117, 0, 1065, 1158, 1110, 576, 0.14%, 0, 0, 10, 205.54, 219218, 12093
1122, 0, 1065, 1159, 1111, 576, 0.14%, 0, 0, 10, 231.51, 220459, 12094
1127, 0, 1137, 1161, 1112, 576, 0.14%, 0, 0, 10, 203.85, 221426, 12095
1132, 0, 1137, 1166, 1117, 576, 0.14%, 0, 0, 11, 192.03, 222376, 12095
1137, 0, 1137, 1171, 1122, 576, 0.14%, 0, 0, 11, 186.91, 223314, 12098
1142, 0, 1137, 1174, 1125, 576, 0.14%, 0, 0, 11, 186.23, 224277, 12108
1147, 0, 1137, 1176, 1127, 576, 0.14%, 0, 0, 11, 186.33, 225245, 12109
1153, 0, 1137, 1184, 1135, 576, 0.14%, 0, 0, 11, 188.22, 226195, 12113
1158, 0, 1137, 1188, 1139, 576, 0.14%, 0, 0, 11, 190.74, 227183, 12115
1163, 0, 1137, 1192, 1143, 576, 0.14%, 0, 1, 11, 187.51, 227962, 12117
1168, 0, 1137, 1195, 1146, 576, 0.14%, 0, 1, 11, 189.74, 228913, 12120
1173, 0, 1137, 1201, 1152, 576, 0.14%, 0, 1, 11, 185.48, 229852, 12126
1178, 0, 1137, 1202, 1153, 576, 0.14%, 0, 1, 11, 188.74, 230831, 12126
1183, 0, 1137, 1203, 1154, 576, 0.14%, 0, 1, 11, 209.63, 231897, 12127
1188, 0, 1176, 1203, 1153, 593, 0.14%, 0, 1, 11, 188.55, 232929, 12127
1194, 0, 922, 1203, 1152, 592, 0.14%, 0, 1, 11, 222.95, 234117, 12127
1199, 0, 402, 1203, 1151, 591, 0.14%, 0, 1, 11, 230.50, 235307, 12127
1204, 0, 1058, 1204, 1151, 590, 0.14%, 0, 1, 11, 192.73, 236239, 12127
1209, 0, 1058, 1213, 1160, 590, 0.14%, 0, 1, 11, 206.01, 237299, 12134
1214, 0, 1058, 1218, 1165, 590, 0.15%, 0, 1, 11, 209.43, 238382, 12368
1219, 0, 1058, 1225, 1172, 590, 0.15%, 0, 1, 11, 208.78, 239455, 12372
1224, 0, 1058, 1228, 1175, 590, 0.15%, 0, 1, 11, 213.91, 240540, 12374
1229, 0, 1058, 1232, 1179, 590, 0.15%, 0, 1, 11, 208.11, 241624, 12390
1235, 0, 1058, 1237, 1184, 590, 0.15%, 0, 1, 11, 210.53, 242719, 12396
1240, 0, 1058, 1239, 1186, 590, 0.15%, 0, 1, 11, 190.01, 243639, 12397
1245, 0, 1058, 1244, 1191, 590, 0.15%, 0, 1, 11, 203.57, 244680, 12405
1250, 0, 1058, 1245, 1192, 590, 0.15%, 0, 1, 11, 195.28, 245694, 12405
1255, 0, 1058, 1248, 1195, 590, 0.15%, 0, 1, 11, 175.58, 246546, 12408
1260, 0, 1242, 1248, 1194, 606, 0.15%, 0, 1, 11, 157.60, 247398, 12408
1265, 0, 177, 1248, 1193, 605, 0.15%, 0, 1, 11, 191.57, 248355, 12408
1270, 0, 1136, 1248, 1192, 604, 0.15%, 0, 1, 11, 138.05, 249281, 12408
1276, 0, 1136, 1256, 1200, 604, 0.15%, 0, 1, 11, 191.54, 250308, 12410
1281, 0, 1136, 1260, 1204, 604, 0.15%, 0, 1, 11, 206.03, 251373, 12412
1286, 0, 1136, 1264, 1208, 604, 0.15%, 0, 1, 11, 213.87, 252485, 12413
1291, 0, 1136, 1268, 1212, 604, 0.15%, 0, 1, 11, 203.12, 253521, 12415
1296, 0, 1136, 1274, 1218, 604, 0.15%, 0, 1, 11, 190.66, 254469, 12417
1301, 0, 1136, 1281, 1225, 604, 0.15%, 0, 1, 11, 204.88, 255532, 12418
1306, 0, 1136, 1284, 1228, 604, 0.15%, 0, 1, 11, 214.22, 256617, 12419
1311, 0, 1136, 1288, 1232, 604, 0.15%, 0, 1, 11, 216.07, 257729, 12420
1316, 0, 1136, 1289, 1233, 604, 0.15%, 0, 1, 11, 204.16, 258764, 12422
1321, 0, 1136, 1291, 1235, 604, 0.15%, 0, 1, 11, 196.66, 259724, 12427
1327, 0, 1256, 1291, 1233, 614, 0.15%, 0, 1, 11, 196.81, 260729, 12427
1332, 0, 1256, 1295, 1237, 614, 0.15%, 0, 1, 12, 179.65, 261669, 12427
1337, 0, 1256, 1299, 1241, 614, 0.15%, 0, 1, 12, 174.01, 262519, 12428
1342, 0, 1256, 1301, 1243, 614, 0.15%, 0, 1, 12, 168.74, 263364, 12428
1347, 0, 1256, 1303, 1245, 614, 0.15%, 0, 1, 12, 169.05, 264212, 12428
1352, 0, 1256, 1303, 1245, 614, 0.15%, 0, 1, 12, 172.54, 265109, 12428
1357, 0, 1256, 1308, 1250, 614, 0.15%, 0, 1, 12, 167.43, 265957, 12430
1362, 0, 1256, 1310, 1252, 614, 0.15%, 0, 1, 12, 157.84, 266760, 12431
1367, 0, 1256, 1310, 1252, 614, 0.15%, 0, 1, 12, 160.16, 267576, 12431
1372, 0, 1256, 1310, 1252, 614, 0.15%, 0, 1, 12, 158.94, 268386, 12431
1378, 0, 1256, 1312, 1254, 614, 0.15%, 0, 1, 12, 157.34, 269189, 12432
1383, 0, 1256, 1315, 1257, 614, 0.15%, 0, 1, 12, 169.17, 270068, 12479
1388, 0, 1256, 1317, 1259, 614, 0.15%, 0, 1, 12, 177.21, 270970, 12484
1393, 0, 1256, 1318, 1260, 614, 0.15%, 0, 1, 12, 208.37, 272087, 12485
1398, 0, 1282, 1320, 1261, 623, 0.15%, 0, 1, 12, 203.78, 273016, 12485
1403, 0, 1282, 1324, 1265, 623, 0.15%, 0, 1, 12, 197.59, 274017, 12521
1408, 0, 1282, 1329, 1270, 623, 0.15%, 0, 1, 12, 212.66, 275135, 12523
1413, 0, 1282, 1333, 1274, 623, 0.15%, 0, 1, 12, 214.33, 276203, 12524
1418, 0, 1282, 1337, 1278, 623, 0.15%, 0, 1, 12, 214.18, 277283, 12532
1423, 0, 1282, 1339, 1280, 623, 0.15%, 0, 1, 12, 188.72, 278187, 12532
1428, 0, 1282, 1341, 1282, 623, 0.15%, 0, 1, 12, 188.74, 279155, 12532
1433, 0, 1282, 1344, 1285, 623, 0.15%, 0, 1, 12, 190.51, 280115, 12536
1439, 0, 1327, 1346, 1286, 630, 0.15%, 0, 1, 12, 191.06, 281078, 12537
1444, 0, 1014, 1346, 1285, 629, 0.15%, 0, 1, 12, 217.34, 282186, 12537
1449, 0, 1335, 1346, 1284, 628, 0.15%, 0, 1, 12, 213.93, 283219, 12537
1454, 0, 1335, 1349, 1287, 628, 0.15%, 0, 1, 13, 195.85, 284211, 12538
1459, 0, 1335, 1354, 1292, 628, 0.15%, 0, 1, 13, 204.25, 285247, 12550
1464, 0, 1335, 1357, 1295, 628, 0.15%, 0, 1, 13, 208.81, 286344, 12552
1470, 0, 1335, 1362, 1300, 628, 0.15%, 0, 1, 13, 210.56, 287423, 12554
1475, 0, 1335, 1364, 1302, 628, 0.15%, 0, 1, 13, 211.22, 288517, 12557
1480, 0, 1335, 1366, 1304, 628, 0.15%, 0, 1, 13, 211.94, 289587, 12558
1485, 0, 1335, 1370, 1308, 628, 0.15%, 0, 1, 13, 210.90, 290631, 12560
1490, 0, 1292, 1370, 1306, 634, 0.15%, 0, 1, 13, 225.87, 291655, 12560
1495, 0, 1292, 1373, 1309, 634, 0.15%, 0, 1, 13, 191.28, 292612, 12562
1500, 0, 1292, 1375, 1311, 634, 0.15%, 0, 1, 13, 176.32, 293517, 12562
1505, 0, 1292, 1378, 1314, 634, 0.15%, 0, 1, 13, 191.11, 294507, 12567
1511, 0, 1292, 1379, 1315, 634, 0.15%, 0, 1, 13, 195.35, 295516, 12569
1516, 0, 1292, 1381, 1317, 634, 0.15%, 0, 1, 13, 195.67, 296523, 12569
1521, 0, 1292, 1382, 1318, 634, 0.15%, 0, 1, 13, 199.72, 297559, 12826
1526, 0, 1292, 1384, 1320, 634, 0.15%, 0, 1, 13, 194.40, 298545, 12826
1531, 0, 1292, 1385, 1321, 634, 0.15%, 0, 1, 13, 196.93, 299575, 12826
1536, 0, 1292, 1388, 1324, 634, 0.15%, 0, 1, 13, 198.50, 300610, 12827
1541, 0, 1292, 1390, 1326, 634, 0.15%, 0, 1, 13, 188.30, 301545, 12829
1547, 0, 1292, 1391, 1327, 634, 0.15%, 0, 1, 13, 222.28, 302703, 12830
1552, 0, 1349, 1392, 1327, 641, 0.15%, 0, 1, 14, 229.91, 303827, 12830
1557, 0, 1349, 1393, 1328, 641, 0.15%, 0, 1, 14, 234.29, 305035, 12831
1562, 0, 1240, 1393, 1326, 640, 0.15%, 0, 1, 14, 201.78, 305918, 12831
1567, 0, 1240, 1400, 1333, 640, 0.15%, 0, 1, 14, 190.34, 306861, 12842
1572, 0, 1240, 1407, 1340, 640, 0.15%, 0, 1, 14, 188.47, 307834, 12899
1577, 0, 1240, 1411, 1344, 640, 0.15%, 0, 1, 14, 189.54, 308780, 12900
1582, 0, 1240, 1413, 1346, 640, 0.15%, 0, 1, 14, 189.75, 309760, 12900
1587, 0, 1240, 1415, 1348, 640, 0.15%, 0, 1, 14, 189.82, 310749, 12900
1593, 0, 1240, 1415, 1348, 640, 0.15%, 0, 1, 14, 187.62, 311712, 12900
1598, 0, 1240, 1415, 1348, 640, 0.15%, 0, 1, 14, 190.05, 312702, 12900
1603, 0, 1240, 1418, 1351, 640, 0.15%, 0, 1, 14, 191.35, 313701, 12900
1608, 0, 1240, 1419, 1352, 640, 0.15%, 0, 1, 14, 190.90, 314680, 12903
1613, 0, 1240, 1420, 1353, 640, 0.15%, 0, 1, 14, 189.18, 315656, 12903
1619, 0, 1240, 1420, 1353, 640, 0.15%, 0, 1, 14, 218.44, 316822, 12903
1624, 0, 1366, 1421, 1353, 642, 0.15%, 0, 1, 14, 226.53, 317872, 12906
1629, 0, 1366, 1424, 1356, 642, 0.15%, 0, 1, 14, 218.44, 318957, 12906
1634, 0, 1366, 1425, 1357, 642, 0.15%, 0, 1, 14, 220.63, 320076, 12906
1639, 0, 1366, 1429, 1361, 642, 0.15%, 0, 1, 14, 221.44, 321200, 12907
1644, 0, 1366, 1429, 1361, 642, 0.15%, 0, 1, 14, 221.09, 322316, 12907
1649, 0, 1366, 1431, 1363, 642, 0.15%, 0, 1, 14, 218.08, 323434, 12909
1654, 0, 1366, 1432, 1364, 642, 0.15%, 0, 1, 14, 220.05, 324549, 12912
1659, 0, 1422, 1433, 1364, 646, 0.15%, 0, 1, 14, 217.79, 325628, 12913
1664, 0, 1392, 1433, 1363, 645, 0.15%, 0, 1, 14, 232.74, 326845, 12913
1669, 0, 1381, 1434, 1363, 644, 0.15%, 0, 1, 15, 177.27, 327635, 12913
1674, 0, 1381, 1443, 1372, 644, 0.16%, 0, 1, 15, 154.22, 328388, 13017
1679, 0, 1381, 1447, 1376, 644, 0.16%, 0, 1, 15, 148.07, 329114, 13023
1684, 0, 1381, 1448, 1377, 644, 0.16%, 0, 1, 15, 150.97, 329878, 13023
1689, 0, 1381, 1453, 1382, 644, 0.16%, 0, 1, 15, 152.20, 330648, 13042
1694, 0, 1381, 1453, 1382, 644, 0.16%, 0, 1, 15, 152.45, 331413, 13042
1700, 0, 1381, 1455, 1384, 644, 0.16%, 0, 1, 15, 153.88, 332186, 13044
1705, 0, 1381, 1458, 1387, 644, 0.16%, 0, 1, 15, 154.05, 332987, 13044
1710, 0, 1381, 1463, 1392, 644, 0.16%, 0, 1, 15, 153.28, 333760, 13046
1715, 0, 1381, 1465, 1394, 644, 0.16%, 0, 1, 15, 154.78, 334542, 13046
1720, 0, 1381, 1465, 1394, 644, 0.16%, 0, 1, 15, 196.33, 335526, 13046
1725, 0, 293, 1465, 1392, 651, 0.16%, 0, 1, 15, 235.82, 336580, 13046
1730, 0, 1449, 1465, 1391, 650, 0.16%, 0, 1, 15, 107.99, 337397, 13046
1735, 0, 1449, 1470, 1396, 650, 0.16%, 0, 1, 15, 173.38, 338376, 13057
1740, 0, 1449, 1473, 1399, 650, 0.16%, 0, 1, 15, 191.13, 339387, 13061
1745, 0, 1449, 1477, 1403, 650, 0.16%, 0, 1, 15, 193.22, 340354, 13071
1750, 0, 1449, 1481, 1407, 650, 0.16%, 0, 1, 15, 196.50, 341145, 13075
1756, 0, 1449, 1485, 1411, 650, 0.16%, 0, 1, 15, 194.01, 342151, 13077
1761, 0, 1449, 1490, 1416, 650, 0.16%, 0, 1, 15, 197.28, 343134, 13084
1766, 0, 1449, 1492, 1418, 650, 0.16%, 0, 1, 15, 198.64, 344129, 13089
1771, 0, 1449, 1496, 1422, 650, 0.16%, 0, 1, 15, 194.84, 345126, 13091
1776, 0, 1449, 1498, 1424, 650, 0.16%, 0, 1, 15, 196.39, 346100, 13294
1781, 0, 1449, 1502, 1428, 650, 0.16%, 0, 1, 15, 198.53, 347118, 13295
1786, 0, 1449, 1504, 1430, 650, 0.16%, 0, 1, 15, 209.70, 348196, 13295
1791, 0, 1496, 1504, 1429, 662, 0.16%, 0, 1, 15, 38.26, 348680, 13295
1796, 0, 1496, 1504, 1429, 662, 0.16%, 0, 1, 15, 45.63, 348926, 13295
1801, 0, 474, 1504, 1428, 661, 0.16%, 0, 1, 15, 184.16, 349896, 13295
1806, 0, 1415, 1507, 1430, 660, 0.16%, 0, 1, 15, 229.82, 350962, 13298
1812, 0, 1415, 1515, 1438, 660, 0.16%, 0, 1, 15, 219.37, 351998, 13310
1817, 0, 1415, 1520, 1443, 660, 0.16%, 0, 1, 15, 227.83, 353185, 13315
1822, 0, 1415, 1523, 1446, 660, 0.16%, 0, 1, 15, 230.25, 354334, 13319
1827, 0, 1415, 1527, 1450, 660, 0.16%, 0, 1, 15, 229.40, 355494, 13321
1832, 0, 1415, 1532, 1455, 660, 0.16%, 0, 1, 15, 206.34, 356541, 13326
1837, 0, 1415, 1534, 1457, 660, 0.16%, 0, 1, 15, 214.22, 357619, 13328
1842, 0, 1312, 1534, 1456, 682, 0.16%, 0, 1, 15, 47.59, 358520, 13328
1847, 0, 1312, 1534, 1456, 682, 0.16%, 0, 1, 15, 77.85, 358960, 13328
1852, 0, 1312, 1540, 1462, 682, 0.16%, 0, 1, 15, 98.15, 359482, 13328
1857, 0, 1312, 1542, 1464, 682, 0.16%, 0, 1, 15, 100.32, 360004, 13328
1863, 0, 1312, 1544, 1466, 682, 0.16%, 0, 1, 15, 104.96, 360550, 13328
1868, 0, 1312, 1547, 1469, 682, 0.16%, 0, 1, 15, 102.39, 361071, 13338
1873, 0, 1312, 1547, 1469, 682, 0.16%, 0, 1, 15, 105.33, 361609, 13338
1878, 0, 1312, 1549, 1471, 682, 0.16%, 0, 1, 15, 103.32, 362124, 13584
1883, 0, 1312, 1551, 1473, 682, 0.16%, 0, 1, 15, 100.59, 362636, 13584
1888, 0, 1312, 1552, 1474, 682, 0.16%, 0, 1, 15, 103.25, 363187, 13586
1893, 0, 1312, 1552, 1474, 682, 0.16%, 0, 1, 15, 92.40, 363636, 13586
1898, 0, 1312, 1553, 1475, 682, 0.16%, 0, 1, 15, 91.23, 364080, 13586
1903, 0, 1312, 1556, 1478, 682, 0.16%, 0, 1, 15, 101.53, 364608, 13588
1909, 0, 1312, 1557, 1479, 682, 0.16%, 0, 1, 15, 105.30, 365157, 13588
1914, 0, 1312, 1557, 1479, 682, 0.16%, 0, 1, 15, 105.82, 365701, 13588
1919, 0, 1312, 1558, 1480, 682, 0.16%, 0, 1, 15, 101.41, 366235, 13588
1924, 0, 1312, 1558, 1480, 682, 0.16%, 0, 1, 15, 107.63, 366783, 13588
1929, 0, 1312, 1559, 1481, 682, 0.16%, 0, 1, 15, 111.11, 367352, 13588
1934, 0, 1312, 1560, 1482, 682, 0.16%, 0, 1, 15, 104.53, 367867, 13591
1939, 0, 1312, 1561, 1483, 682, 0.16%, 0, 1, 15, 108.59, 368424, 13593
1944, 0, 1312, 1563, 1485, 682, 0.16%, 0, 1, 15, 158.68, 369184, 13595
1949, 0, 1540, 1563, 1484, 682, 0.16%, 0, 1, 15, 83.02, 369620, 13595
1954, 0, 1369, 1564, 1484, 681, 0.16%, 0, 1, 15, 163.71, 370427, 13595
1959, 0, 1369, 1570, 1490, 681, 0.16%, 0, 1, 15, 205.71, 371506, 13600
1964, 0, 1369, 1573, 1493, 681, 0.16%, 0, 1, 15, 207.45, 372563, 13603
1969, 0, 1369, 1575, 1495, 681, 0.16%, 0, 1, 15, 202.17, 373601, 13605
1974, 0, 1369, 1577, 1497, 681, 0.16%, 0, 1, 15, 218.58, 374723, 13606
1979, 0, 1369, 1579, 1499, 681, 0.16%, 0, 1, 15, 198.59, 375719, 13608
1985, 0, 1369, 1581, 1501, 681, 0.16%, 0, 1, 15, 174.53, 376592, 13609
1990, 0, 1369, 1581, 1501, 681, 0.16%, 0, 1, 15, 173.60, 377453, 13609
1995, 0, 625, 1582, 1500, 694, 0.16%, 0, 1, 15, 195.93, 378226, 13610
2000, 0, 625, 1582, 1500, 694, 0.16%, 0, 1, 15, 146.32, 378926, 13610
2005, 0, 1323, 1582, 1499, 693, 0.16%, 0, 1, 15, 182.37, 379586, 13610
2010, 0, 1323, 1586, 1503, 693, 0.16%, 0, 1, 15, 185.03, 380544, 13626
2015, 0, 1323, 1589, 1506, 693, 0.16%, 0, 1, 15, 185.08, 381510, 13627
2020, 0, 1323, 1590, 1507, 693, 0.16%, 0, 1, 15, 197.85, 382507, 13630
2025, 0, 1323, 1591, 1508, 693, 0.16%, 0, 1, 15, 200.57, 383523, 13630
2030, 0, 1323, 1592, 1509, 693, 0.16%, 0, 1, 15, 181.36, 384420, 13630
2035, 0, 1323, 1592, 1509, 693, 0.16%, 0, 1, 15, 202.13, 385474, 13630
2040, 0, 1323, 1595, 1512, 693, 0.16%, 0, 1, 15, 210.01, 386531, 13633
2046, 0, 1323, 1596, 1513, 693, 0.16%, 0, 1, 15, 222.05, 387702, 13633
2051, 0, 1323, 1598, 1515, 693, 0.16%, 0, 1, 15, 214.99, 388848, 13634
2056, 0, 1323, 1600, 1517, 693, 0.16%, 0, 1, 15, 207.04, 389871, 13639
2061, 0, 594, 1601, 1516, 698, 0.16%, 0, 1, 15, 236.95, 390874, 13640
2066, 0, 1544, 1601, 1515, 697, 0.16%, 0, 1, 15, 232.33, 391888, 13640
2071, 0, 1544, 1606, 1520, 697, 0.16%, 0, 1, 15, 208.15, 392912, 13647
2076, 0, 1544, 1608, 1522, 697, 0.16%, 0, 2, 15, 195.83, 393687, 13649
2082, 0, 1544, 1608, 1522, 697, 0.16%, 0, 4, 15, 24.41, 394457, 13649
2087, 0, 1544, 1609, 1523, 697, 0.16%, 0, 7, 15, 27.30, 394920, 13650
2093, 0, 1544, 1611, 1525, 697, 0.16%, 0, 8, 15, 22.76, 395956, 13653
2098, 0, 1544, 1614, 1528, 697, 0.16%, 0, 9, 15, 212.65, 396806, 13655
2103, 0, 1544, 1614, 1528, 697, 0.16%, 0, 10, 15, 228.48, 397655, 13655
2109, 0, 1544, 1615, 1529, 697, 0.16%, 0, 13, 15, 37.70, 398150, 13657
2114, 0, 1544, 1616, 1530, 697, 0.16%, 0, 14, 15, 174.13, 399008, 13657
2119, 0, 1544, 1617, 1531, 697, 0.16%, 0, 17, 15, 178.81, 399407, 13657
2124, 0, 1544, 1618, 1532, 697, 0.16%, 0, 19, 15, 221.21, 400052, 13657
2129, 0, 1544, 1620, 1534, 697, 0.16%, 0, 20, 15, 216.05, 400927, 13673
2134, 0, 1544, 1623, 1537, 697, 0.16%, 0, 20, 15, 206.89, 401959, 13680
2139, 0, 1285, 1623, 1535, 711, 0.16%, 0, 20, 15, 215.73, 402920, 13680
2144, 0, 1000, 1623, 1534, 710, 0.16%, 0, 20, 15, 79.73, 403828, 13680
2149, 0, 1000, 1623, 1534, 710, 0.16%, 0, 20, 15, 133.66, 404581, 13680
2154, 0, 1000, 1627, 1538, 710, 0.16%, 0, 21, 15, 157.33, 405230, 13682
2159, 0, 1000, 1628, 1539, 710, 0.16%, 0, 21, 15, 173.42, 406137, 13682
2165, 0, 1000, 1629, 1540, 710, 0.16%, 0, 21, 15, 184.52, 407104, 13682
2170, 0, 1000, 1631, 1542, 710, 0.16%, 0, 21, 15, 193.07, 408105, 13682
2175, 0, 1000, 1631, 1542, 710, 0.16%, 0, 21, 15, 192.10, 409101, 13682
2180, 0, 1000, 1633, 1544, 710, 0.16%, 0, 21, 15, 191.68, 410099, 13684
2185, 0, 1000, 1637, 1548, 710, 0.16%, 0, 21, 15, 193.24, 411063, 13688
2190, 0, 1000, 1639, 1550, 710, 0.16%, 0, 21, 15, 193.94, 412067, 13689
2195, 0, 1000, 1640, 1551, 710, 0.16%, 0, 21, 15, 193.20, 413070, 13689
2201, 0, 1000, 1642, 1553, 710, 0.16%, 0, 21, 15, 194.22, 414041, 13690
2206, 0, 1000, 1642, 1553, 710, 0.16%, 0, 21, 15, 193.44, 415043, 13690
2211, 0, 1000, 1644, 1555, 710, 0.16%, 0, 21, 15, 193.60, 416044, 13696
2216, 0, 1000, 1645, 1556, 710, 0.16%, 0, 21, 15, 193.65, 417035, 13696
2221, 0, 1000, 1647, 1558, 710, 0.16%, 0, 21, 15, 208.87, 418084, 13696
2226, 0, 551, 1647, 1556, 714, 0.16%, 0, 21, 15, 207.14, 418976, 13696
2231, 0, 83, 1647, 1555, 713, 0.16%, 0, 21, 15, 222.50, 420044, 13696
2236, 0, 1522, 1647, 1554, 712, 0.16%, 0, 21, 15, 235.53, 421126, 13696
2242, 0, 1254, 1649, 1555, 711, 0.16%, 0, 21, 15, 218.88, 422129, 13700
2247, 0, 1403, 1650, 1555, 711, 0.16%, 0, 21, 15, 225.84, 423200, 13701
2252, 0, 1428, 1650, 1553, 710, 0.16%, 0, 21, 15, 3.76, 424145, 13701
2257, 0, 1428, 1650, 1553, 710, 0.16%, 0, 21, 15, 211.82, 425207, 13701
2262, 0, 1230, 1651, 1553, 710, 0.16%, 0, 21, 15, 181.80, 426111, 13702
2267, 0, 1230, 1654, 1556, 710, 0.16%, 0, 21, 15, 178.26, 426999, 13704
2272, 0, 1230, 1657, 1559, 710, 0.16%, 0, 21, 15, 136.33, 427639, 13704
2277, 0, 1230, 1659, 1561, 710, 0.16%, 0, 21, 15, 136.53, 428305, 13704
2282, 0, 1230, 1664, 1566, 710, 0.16%, 0, 21, 15, 110.31, 428860, 13704
2287, 0, 1230, 1666, 1568, 710, 0.16%, 0, 21, 15, 90.59, 429324, 13704
2293, 0, 1230, 1669, 1571, 710, 0.16%, 0, 21, 15, 100.57, 429839, 13705
2298, 0, 1230, 1670, 1572, 710, 0.16%, 0, 21, 15, 112.93, 430436, 13705
2303, 0, 1230, 1671, 1573, 710, 0.17%, 0, 21, 15, 108.04, 430981, 14225
2308, 0, 1230, 1672, 1574, 710, 0.17%, 0, 21, 15, 105.69, 431496, 14225
2313, 0, 1230, 1672, 1574, 710, 0.17%, 0, 21, 15, 98.33, 432018, 14225
2318, 0, 1230, 1676, 1578, 710, 0.17%, 0, 21, 15, 96.00, 432481, 14238
2323, 0, 1230, 1679, 1581, 710, 0.17%, 0, 21, 15, 96.35, 432956, 14238
2328, 0, 1230, 1681, 1583, 710, 0.17%, 0, 21, 15, 80.34, 433339, 14238
2333, 0, 1230, 1683, 1585, 710, 0.17%, 0, 21, 15, 108.90, 433941, 14239
2338, 0, 1230, 1684, 1586, 710, 0.17%, 0, 21, 15, 95.00, 434295, 14244
2343, 0, 1230, 1685, 1587, 710, 0.17%, 0, 21, 15, 113.13, 434805, 14244
2348, 0, 1230, 1686, 1588, 710, 0.17%, 0, 21, 15, 105.65, 435319, 14244
2354, 0, 1230, 1691, 1593, 710, 0.17%, 0, 21, 15, 82.16, 435718, 14245
2359, 0, 1230, 1692, 1594, 710, 0.17%, 0, 21, 15, 106.05, 436269, 14245
2364, 0, 1230, 1692, 1594, 710, 0.17%, 0, 21, 15, 122.51, 436911, 14245
2370, 0, 1670, 1692, 1593, 708, 0.17%, 0, 21, 15, 20.63, 437514, 14245
2375, 0, 1670, 1692, 1593, 708, 0.17%, 0, 21, 15, 83.96, 438021, 14245
2380, 0, 446, 1692, 1592, 707, 0.17%, 0, 21, 15, 120.63, 438712, 14245
2385, 0, 446, 1692, 1592, 707, 0.17%, 0, 21, 15, 97.62, 439185, 14245
2390, 0, 1337, 1692, 1591, 706, 0.17%, 0, 21, 15, 96.86, 439551, 14245
2395, 0, 1337, 1693, 1592, 706, 0.17%, 0, 21, 15, 105.83, 440065, 14246
2400, 0, 1070, 1694, 1592, 707, 0.17%, 0, 21, 15, 192.28, 440550, 14247
2406, 0, 1070, 1696, 1594, 707, 0.17%, 0, 21, 15, 214.64, 441653, 14249
2411, 0, 431, 1697, 1593, 707, 0.17%, 0, 21, 15, 215.63, 442706, 14250
2416, 0, 431, 1697, 1593, 707, 0.17%, 0, 21, 15, 230.95, 443922, 14250
2421, 0, 1593, 1698, 1593, 706, 0.17%, 0, 21, 15, 185.83, 444826, 14251
2427, 0, 1593, 1701, 1596, 706, 0.17%, 0, 21, 15, 195.70, 445849, 14252
2432, 0, 1593, 1704, 1599, 706, 0.17%, 0, 21, 15, 210.24, 446930, 14253
2437, 0, 1593, 1707, 1602, 706, 0.17%, 0, 22, 15, 4.69, 447972, 14268
2443, 0, 1593, 1708, 1603, 706, 0.17%, 0, 22, 15, 208.16, 448999, 14269
2448, 0, 1593, 1708, 1603, 706, 0.17%, 0, 22, 15, 218.58, 450099, 14269
2453, 0, 1593, 1710, 1605, 706, 0.17%, 0, 22, 15, 220.08, 451209, 14270
2458, 0, 1593, 1711, 1606, 706, 0.17%, 0, 22, 15, 221.12, 452316, 14276
2463, 0, 1593, 1712, 1607, 706, 0.17%, 0, 22, 15, 211.55, 453391, 14276
2468, 0, 1593, 1713, 1608, 706, 0.17%, 0, 22, 15, 219.78, 454503, 14276
2473, 0, 1213, 1714, 1607, 716, 0.17%, 0, 22, 15, 184.92, 455373, 14277
2478, 0, 1213, 1714, 1607, 716, 0.17%, 0, 22, 15, 85.09, 455663, 14277
2483, 0, 1213, 1716, 1609, 716, 0.17%, 0, 22, 15, 72.09, 456003, 14277
2488, 0, 1213, 1719, 1612, 716, 0.17%, 0, 22, 15, 67.11, 456335, 14277
2493, 0, 1213, 1720, 1613, 716, 0.17%, 0, 22, 15, 51.16, 456577, 14277
2498, 0, 1213, 1720, 1613, 716, 0.17%, 0, 22, 15, 41.80, 456777, 14277
2503, 0, 1213, 1720, 1613, 716, 0.17%, 0, 22, 15, 49.67, 457031, 14277
2508, 0, 1213, 1724, 1617, 716, 0.17%, 0, 22, 15, 51.26, 457289, 14277
2514, 0, 1213, 1726, 1619, 716, 0.17%, 0, 22, 15, 51.46, 457571, 14277
2519, 0, 1213, 1729, 1622, 716, 0.17%, 0, 22, 15, 47.35, 457822, 14336
2524, 0, 1213, 1730, 1623, 716, 0.17%, 0, 22, 15, 48.51, 458080, 14336
2529, 0, 1213, 1731, 1624, 716, 0.17%, 0, 22, 15, 44.61, 458306, 14336
2534, 0, 1213, 1731, 1624, 716, 0.17%, 0, 22, 15, 46.26, 458531, 14336
2539, 0, 1213, 1731, 1624, 716, 0.17%, 0, 22, 15, 50.91, 458791, 14336
2544, 0, 1213, 1732, 1625, 716, 0.17%, 0, 22, 15, 53.81, 459052, 14336
2549, 0, 1213, 1733, 1626, 716, 0.17%, 0, 22, 15, 66.94, 459404, 14336
2555, 0, 1213, 1734, 1627, 716, 0.17%, 0, 22, 15, 68.42, 459754, 14336
2560, 0, 1213, 1734, 1627, 716, 0.17%, 0, 22, 15, 65.48, 460084, 14336
2565, 0, 1213, 1734, 1627, 716, 0.17%, 0, 22, 15, 63.06, 460391, 14336
2570, 0, 1213, 1736, 1629, 716, 0.17%, 0, 23, 15, 64.24, 460677, 14336
2575, 0, 1213, 1737, 1630, 716, 0.17%, 0, 23, 15, 66.82, 461017, 14339
2580, 0, 1213, 1739, 1632, 716, 0.17%, 0, 23, 15, 64.42, 461346, 14340
2585, 0, 1213, 1739, 1632, 716, 0.17%, 0, 23, 15, 61.64, 461659, 14340
2590, 0, 1213, 1739, 1632, 716, 0.17%, 0, 23, 15, 62.37, 461985, 14340
2595, 0, 1213, 1741, 1634, 716, 0.17%, 0, 23, 15, 64.81, 462312, 14341
2601, 0, 1213, 1741, 1634, 716, 0.17%, 0, 23, 15, 69.36, 462681, 14341
2606, 0, 1213, 1741, 1634, 716, 0.17%, 0, 23, 15, 68.59, 463031, 14341
2611, 0, 1213, 1741, 1634, 716, 0.17%, 0, 23, 15, 69.21, 463377, 14341
2616, 0, 1213, 1743, 1636, 716, 0.17%, 0, 23, 15, 68.70, 463727, 14341
2621, 0, 1213, 1744, 1637, 716, 0.17%, 0, 23, 15, 67.80, 464069, 14342
2626, 0, 1213, 1744, 1637, 716, 0.17%, 0, 23, 15, 70.35, 464437, 14342
2631, 0, 1213, 1744, 1637, 716, 0.17%, 0, 23, 15, 69.57, 464791, 14342
2636, 0, 1213, 1744, 1637, 716, 0.17%, 0, 23, 15, 67.84, 465126, 14342
2641, 0, 1213, 1745, 1638, 716, 0.17%, 0, 23, 15, 67.21, 465474, 14342
2646, 0, 1213, 1746, 1639, 716, 0.17%, 0, 23, 15, 153.74, 466206, 14342
2652, 0, 1726, 1746, 1638, 715, 0.17%, 0, 23, 15, 87.38, 466524, 14342
2657, 0, 775, 1746, 1637, 714, 0.17%, 0, 23, 15, 114.47, 466981, 14342
2662, 0, 1698, 1746, 1636, 713, 0.17%, 0, 23, 15, 198.06, 468055, 14342
2667, 0, 1698, 1749, 1639, 713, 0.17%, 0, 23, 15, 219.85, 469192, 14564
2672, 0, 1698, 1754, 1644, 713, 0.17%, 0, 23, 15, 216.03, 470283, 14565
2677, 0, 1698, 1756, 1646, 713, 0.17%, 0, 23, 15, 219.69, 471389, 14565
2682, 0, 1698, 1760, 1650, 713, 0.17%, 0, 23, 15, 224.67, 472557, 14599
2687, 0, 1698, 1763, 1653, 713, 0.17%, 0, 23, 15, 223.20, 473678, 14602
2692, 0, 1698, 1764, 1654, 713, 0.17%, 0, 23, 15, 224.04, 474805, 14602
2697, 0, 1698, 1765, 1655, 713, 0.17%, 0, 23, 15, 192.55, 475780, 14605
2702, 0, 1698, 1767, 1657, 713, 0.17%, 0, 23, 15, 173.61, 476625, 14606
2707, 0, 1698, 1767, 1657, 713, 0.17%, 0, 23, 15, 175.09, 477501, 14606
2712, 0, 1698, 1768, 1658, 713, 0.17%, 0, 23, 15, 170.71, 478345, 14606
2717, 0, 1698, 1770, 1660, 713, 0.17%, 0, 23, 15, 189.61, 479283, 14607
2722, 0, 1698, 1770, 1660, 713, 0.17%, 0, 23, 15, 216.04, 480399, 14607
2727, 0, 1698, 1771, 1661, 713, 0.17%, 0, 23, 15, 225.97, 481540, 14607
2732, 0, 646, 1771, 1659, 714, 0.17%, 0, 23, 15, 229.94, 482572, 14607
2738, 0, 1770, 1772, 1659, 713, 0.17%, 0, 23, 16, 223.20, 483605, 14607
2743, 0, 1770, 1776, 1663, 713, 0.17%, 0, 23, 16, 223.41, 484725, 14609
2748, 0, 1770, 1778, 1665, 713, 0.17%, 0, 23, 16, 228.36, 485923, 14609
2753, 0, 1770, 1779, 1666, 713, 0.17%, 0, 23, 16, 227.13, 487058, 14617
2758, 0, 1770, 1782, 1669, 713, 0.17%, 0, 23, 16, 224.22, 488183, 14618
2763, 0, 1770, 1784, 1671, 713, 0.17%, 0, 23, 16, 213.98, 489273, 14619
2768, 0, 1770, 1785, 1672, 713, 0.17%, 0, 23, 16, 197.97, 490282, 14619
2773, 0, 1770, 1785, 1672, 713, 0.17%, 0, 23, 16, 212.61, 491404, 14619
2779, 0, 1770, 1786, 1673, 713, 0.17%, 0, 23, 16, 219.49, 492551, 14619
2784, 0, 1770, 1788, 1675, 713, 0.17%, 0, 23, 16, 215.16, 493625, 14619
2789, 0, 1770, 1788, 1675, 713, 0.17%, 0, 23, 16, 210.06, 494713, 14619
2794, 0, 1770, 1789, 1676, 713, 0.17%, 0, 23, 16, 196.21, 495707, 14619
2799, 0, 1770, 1792, 1679, 713, 0.17%, 0, 23, 16, 217.76, 496833, 14623
2804, 0, 1711, 1794, 1679, 718, 0.17%, 0, 23, 16, 232.92, 497886, 14624
2809, 0, 1711, 1796, 1681, 718, 0.17%, 0, 23, 16, 226.85, 499016, 14627
2814, 0, 1711, 1797, 1682, 718, 0.17%, 0, 23, 16, 218.87, 500155, 14627
2819, 0, 1711, 1800, 1685, 718, 0.17%, 0, 23, 16, 212.19, 501220, 14628
2824, 0, 1711, 1802, 1687, 718, 0.17%, 0, 23, 16, 211.43, 502294, 14630
2829, 0, 1711, 1804, 1689, 718, 0.17%, 0, 23, 16, 218.61, 503404, 14630
2834, 0, 1711, 1806, 1691, 718, 0.17%, 0, 23, 16, 218.51, 504506, 14636
2839, 0, 1711, 1806, 1691, 718, 0.17%, 0, 23, 16, 214.75, 505570, 14636
2844, 0, 1711, 1806, 1691, 718, 0.17%, 0, 23, 16, 215.59, 506710, 14636
2850, 0, 1711, 1807, 1692, 718, 0.17%, 0, 23, 16, 213.14, 507769, 14637
2855, 0, 1711, 1808, 1693, 718, 0.17%, 0, 23, 16, 224.03, 508940, 14638
2860, 0, 1711, 1810, 1695, 718, 0.17%, 0, 23, 16, 225.67, 510118, 14643
2865, 0, 1756, 1811, 1695, 719, 0.17%, 0, 23, 16, 2.66, 511157, 14643
2870, 0, 1756, 1821, 1705, 719, 0.17%, 0, 23, 16, 202.72, 512159, 14656
2875, 0, 1756, 1826, 1710, 719, 0.17%, 0, 23, 16, 209.04, 513242, 14667
2881, 0, 1756, 1828, 1712, 719, 0.17%, 0, 23, 16, 207.89, 514332, 14669
2886, 0, 1756, 1830, 1714, 719, 0.17%, 0, 23, 16, 211.29, 515394, 14669
2891, 0, 1756, 1837, 1721, 719, 0.18%, 0, 23, 16, 207.49, 516443, 14686
2896, 0, 1756, 1837, 1721, 719, 0.18%, 0, 23, 16, 210.86, 517551, 14686
2901, 0, 1756, 1839, 1723, 719, 0.18%, 0, 23, 16, 204.07, 518593, 14696
2906, 0, 1756, 1841, 1725, 719, 0.18%, 0, 23, 16, 215.22, 519723, 14890
2911, 0, 1756, 1842, 1726, 719, 0.18%, 0, 23, 16, 219.62, 520830, 14892
2916, 0, 1756, 1844, 1728, 719, 0.18%, 0, 23, 16, 224.09, 522004, 14893
2921, 0, 1756, 1845, 1729, 719, 0.18%, 0, 23, 16, 225.24, 523135, 14894
2927, 0, 1756, 1847, 1731, 719, 0.18%, 0, 23, 16, 202.51, 524157, 14895
2932, 0, 1756, 1850, 1734, 719, 0.18%, 0, 23, 16, 201.91, 525160, 14898
2937, 0, 1477, 1850, 1732, 732, 0.18%, 0, 23, 16, 206.81, 526127, 14898
2942, 0, 1477, 1851, 1733, 732, 0.18%, 0, 23, 16, 204.00, 527170, 14899
2947, 0, 1839, 1856, 1737, 732, 0.18%, 0, 23, 17, 166.06, 527915, 14901
2952, 0, 1839, 1860, 1741, 732, 0.18%, 0, 24, 17, 174.64, 528616, 14905
2957, 0, 1839, 1865, 1746, 732, 0.18%, 0, 24, 17, 156.62, 529386, 14918
2962, 0, 1839, 1873, 1754, 732, 0.18%, 0, 24, 17, 165.42, 530210, 14922
2967, 0, 1839, 1875, 1756, 732, 0.18%, 0, 25, 17, 199.00, 530976, 14924
2972, 0, 1839, 1878, 1759, 732, 0.18%, 0, 25, 17, 176.06, 531842, 14927
2978, 0, 1839, 1881, 1762, 732, 0.18%, 0, 25, 17, 180.27, 532784, 14929
2983, 0, 1839, 1883, 1764, 732, 0.18%, 0, 25, 17, 172.92, 533656, 14929
2988, 0, 1839, 1886, 1767, 732, 0.18%, 0, 26, 17, 197.27, 534434, 14932
2993, 0, 1839, 1890, 1771, 732, 0.18%, 0, 26, 17, 193.79, 535434, 14933
2998, 0, 1839, 1894, 1775, 732, 0.18%, 0, 27, 17, 167.70, 536111, 14944
3003, 0, 1839, 1901, 1782, 732, 0.18%, 0, 27, 17, 181.48, 537048, 14967
3008, 0, 1839, 1902, 1783, 732, 0.18%, 0, 27, 17, 171.67, 537901, 14967
3013, 0, 1839, 1905, 1786, 732, 0.18%, 0, 27, 17, 189.47, 538882, 14969
3018, 0, 1839, 1912, 1793, 732, 0.18%, 0, 27, 17, 196.28, 539915, 14974
3024, 0, 1839, 1913, 1794, 732, 0.18%, 0, 27, 17, 204.74, 540965, 14974
3029, 0, 1839, 1913, 1794, 732, 0.18%, 0, 27, 17, 229.47, 542165, 14974
3034, 0, 1520, 1913, 1792, 753, 0.18%, 0, 27, 17, 235.38, 543253, 14974
3039, 0, 1705, 1914, 1792, 752, 0.18%, 0, 27, 17, 217.79, 544242, 14979
3044, 0, 1705, 1918, 1796, 752, 0.18%, 0, 27, 17, 217.00, 545346, 14998
3049, 0, 1705, 1921, 1799, 752, 0.18%, 0, 27, 17, 218.18, 546467, 15000
3054, 0, 1705, 1923, 1801, 752, 0.18%, 0, 27, 17, 217.10, 547569, 15001
3059, 0, 1705, 1924, 1802, 752, 0.18%, 0, 27, 17, 215.98, 548652, 15001
3064, 0, 1705, 1927, 1805, 752, 0.18%, 0, 27, 17, 213.82, 549757, 15021
3069, 0, 1705, 1928, 1806, 752, 0.18%, 0, 27, 17, 210.16, 550812, 15025
3075, 0, 1705, 1929, 1807, 752, 0.18%, 0, 27, 17, 202.75, 551811, 15026
3080, 0, 1705, 1929, 1807, 752, 0.18%, 0, 27, 17, 205.93, 552859, 15026
3085, 0, 1705, 1930, 1808, 752, 0.18%, 0, 27, 17, 186.87, 553770, 15026
3090, 0, 1705, 1930, 1808, 752, 0.18%, 0, 27, 17, 194.35, 554748, 15026
3095, 0, 1705, 1932, 1810, 752, 0.18%, 0, 27, 17, 192.74, 555749, 15028
3100, 0, 1705, 1932, 1810, 752, 0.18%, 0, 27, 17, 210.49, 556824, 15028
3105, 0, 1705, 1933, 1811, 752, 0.18%, 0, 27, 17, 217.98, 557963, 15028
3110, 0, 1927, 1938, 1814, 758, 0.18%, 0, 27, 17, 184.14, 558808, 15030
3115, 0, 1927, 1946, 1822, 758, 0.18%, 0, 27, 17, 202.85, 559861, 15036
3121, 0, 1927, 1951, 1827, 758, 0.18%, 0, 27, 17, 199.16, 560864, 15039
3126, 0, 1927, 1957, 1833, 758, 0.18%, 0, 27, 17, 207.29, 561906, 15049
3131, 0, 1927, 1962, 1838, 758, 0.18%, 0, 27, 17, 207.80, 562981, 15054
3136, 0, 1927, 1966, 1842, 758, 0.18%, 0, 27, 17, 209.00, 564029, 15054
3141, 0, 1927, 1967, 1843, 758, 0.18%, 0, 27, 17, 219.60, 565148, 15054
3146, 0, 1927, 1972, 1848, 758, 0.18%, 0, 27, 17, 220.90, 566259, 15057
3151, 0, 1927, 1975, 1851, 758, 0.18%, 0, 27, 17, 220.27, 567376, 15058
3156, 0, 1927, 1977, 1853, 758, 0.18%, 0, 27, 17, 226.45, 568526, 15058
3161, 0, 1966, 1977, 1852, 777, 0.18%, 0, 27, 17, 45.94, 569611, 15058
3166, 0, 1961, 1979, 1852, 777, 0.18%, 0, 27, 17, 236.47, 570626, 15060
3171, 0, 1961, 1984, 1857, 777, 0.18%, 0, 27, 17, 223.85, 571733, 15060
3176, 0, 1961, 1990, 1863, 777, 0.18%, 0, 27, 17, 224.83, 572875, 15066
3181, 0, 1961, 1990, 1863, 777, 0.18%, 0, 27, 17, 219.70, 573987, 15066
3187, 0, 1961, 1992, 1865, 777, 0.18%, 0, 27, 17, 220.12, 575129, 15069
3192, 0, 1961, 1997, 1870, 777, 0.18%, 0, 27, 17, 222.91, 576252, 15092
3197, 0, 1961, 1999, 1872, 777, 0.18%, 0, 27, 17, 202.87, 577250, 15092
3202, 0, 1961, 2001, 1874, 777, 0.18%, 0, 27, 17, 213.28, 578356, 15092
3207, 0, 1961, 2003, 1876, 777, 0.18%, 0, 27, 17, 209.35, 579430, 15094
3212, 0, 1961, 2005, 1878, 777, 0.18%, 0, 27, 17, 226.59, 580613, 15094
3217, 0, 1984, 2005, 1876, 782, 0.18%, 0, 27, 17, 225.52, 581651, 15094
3222, 0, 1984, 2011, 1882, 782, 0.18%, 0, 27, 18, 222.70, 582781, 15106
3228, 0, 1984, 2013, 1884, 782, 0.18%, 0, 27, 18, 225.77, 583959, 15108
3233, 0, 1984, 2016, 1887, 782, 0.18%, 0, 27, 18, 227.56, 585100, 15174
3238, 0, 1984, 2019, 1890, 782, 0.18%, 0, 27, 18, 205.49, 586113, 15174
3243, 0, 1984, 2021, 1892, 782, 0.18%, 0, 27, 18, 200.90, 587131, 15177
3248, 0, 1984, 2022, 1893, 782, 0.18%, 0, 27, 18, 210.20, 588226, 15177
3253, 0, 1984, 2027, 1898, 782, 0.18%, 0, 27, 18, 220.63, 589357, 15186
3258, 0, 1984, 2028, 1899, 782, 0.18%, 0, 27, 18, 225.05, 590504, 15186
3263, 0, 1984, 2030, 1901, 782, 0.18%, 0, 27, 18, 187.30, 591398, 15187
3268, 0, 1984, 2030, 1901, 782, 0.18%, 0, 27, 18, 188.24, 592370, 15187
3273, 0, 1987, 2032, 1902, 787, 0.18%, 0, 27, 18, 190.10, 593266, 15190
3279, 0, 1987, 2036, 1906, 787, 0.18%, 0, 27, 18, 215.39, 594379, 15195
3284, 0, 1987, 2040, 1910, 787, 0.18%, 0, 27, 18, 210.61, 595471, 15199
3289, 0, 1987, 2044, 1914, 787, 0.18%, 0, 27, 18, 224.97, 596647, 15207
3294, 0, 1987, 2046, 1916, 787, 0.18%, 0, 27, 18, 211.66, 597725, 15208
3299, 0, 1987, 2047, 1917, 787, 0.18%, 0, 27, 18, 207.61, 598752, 15208
3304, 0, 1987, 2048, 1918, 787, 0.18%, 0, 27, 18, 203.90, 599775, 15209
3309, 0, 1987, 2048, 1918, 787, 0.18%, 0, 27, 18, 217.82, 600879, 15209
3314, 0, 1987, 2048, 1918, 787, 0.18%, 0, 27, 18, 223.65, 602015, 15209
3319, 0, 1987, 2048, 1918, 787, 0.18%, 0, 27, 18, 205.54, 603023, 15209
3324, 0, 253, 2048, 1916, 795, 0.18%, 0, 27, 18, 118.45, 603943, 15209
3330, 0, 1954, 2052, 1919, 794, 0.18%, 0, 27, 18, 202.28, 604924, 15210
3335, 0, 1954, 2059, 1926, 794, 0.18%, 0, 27, 18, 204.63, 605933, 15211
3340, 0, 1954, 2061, 1928, 794, 0.18%, 0, 27, 18, 210.31, 606995, 15224
3345, 0, 1954, 2069, 1936, 794, 0.18%, 0, 27, 18, 215.00, 608099, 15226
3350, 0, 1954, 2072, 1939, 794, 0.18%, 0, 27, 18, 210.70, 609164, 15234
3355, 0, 1954, 2075, 1942, 794, 0.18%, 0, 27, 18, 212.40, 610253, 15234
3360, 0, 1954, 2078, 1945, 794, 0.18%, 0, 27, 18, 181.94, 611130, 15235
3365, 0, 1954, 2080, 1947, 794, 0.18%, 0, 27, 18, 212.66, 612264, 15235
3370, 0, 1954, 2085, 1952, 794, 0.18%, 0, 27, 18, 212.13, 613315, 15236
3375, 0, 1954, 2088, 1955, 794, 0.18%, 0, 27, 18, 217.86, 614416, 15237
3380, 0, 1954, 2089, 1956, 794, 0.18%, 0, 27, 18, 205.62, 615479, 15243
3386, 0, 1954, 2091, 1958, 794, 0.18%, 0, 27, 18, 215.97, 616569, 15245
3391, 0, 1954, 2091, 1958, 794, 0.18%, 0, 27, 18, 215.93, 617657, 15245
3396, 0, 1954, 2091, 1958, 794, 0.18%, 0, 27, 18, 223.36, 618833, 15245
3401, 0, 1965, 2093, 1958, 798, 0.18%, 0, 27, 18, 215.61, 619800, 15247
3406, 0, 2059, 2097, 1961, 797, 0.18%, 0, 27, 18, 180.28, 620683, 15249
3411, 0, 2059, 2104, 1968, 797, 0.18%, 0, 27, 18, 161.46, 621474, 15271
3417, 0, 2059, 2110, 1974, 797, 0.18%, 0, 29, 18, 24.27, 622058, 15272
3422, 0, 2059, 2110, 1974, 797, 0.18%, 0, 30, 18, 185.41, 622730, 15272
3427, 0, 2059, 2113, 1977, 797, 0.18%, 0, 30, 18, 153.87, 623487, 15273
3433, 0, 2059, 2114, 1978, 797, 0.18%, 0, 31, 18, 165.17, 624150, 15274
3438, 0, 2059, 2118, 1982, 797, 0.18%, 0, 31, 18, 166.03, 625028, 15278
3443, 0, 2059, 2120, 1984, 797, 0.18%, 0, 32, 18, 159.64, 625650, 15279
3448, 0, 2059, 2123, 1987, 797, 0.18%, 0, 32, 18, 159.74, 626463, 15280
3453, 0, 2059, 2127, 1991, 797, 0.18%, 0, 32, 18, 168.99, 627320, 15291
3459, 0, 2059, 2129, 1993, 797, 0.18%, 0, 34, 18, 22.94, 627981, 15354
3464, 0, 2059, 2130, 1994, 797, 0.18%, 0, 35, 18, 170.94, 628686, 15354
3469, 0, 2059, 2132, 1996, 797, 0.18%, 0, 35, 18, 176.37, 629585, 15355
3474, 0, 2059, 2134, 1998, 797, 0.18%, 0, 35, 18, 175.90, 630481, 15355
3479, 0, 2059, 2134, 1998, 797, 0.18%, 0, 36, 18, 199.81, 631213, 15355
3484, 0, 2059, 2136, 2000, 797, 0.18%, 0, 36, 18, 173.98, 632069, 15357
3489, 0, 2059, 2137, 2001, 797, 0.18%, 0, 37, 18, 155.00, 632757, 15357
3494, 0, 2059, 2138, 2002, 797, 0.18%, 0, 37, 18, 185.56, 633737, 15357
3500, 0, 2002, 2138, 2000, 807, 0.18%, 0, 37, 18, 208.25, 634539, 15357
3505, 0, 2002, 2143, 2005, 807, 0.18%, 0, 37, 18, 210.07, 635602, 15371
3510, 0, 2002, 2146, 2008, 807, 0.18%, 0, 37, 18, 215.69, 636723, 15404
3515, 0, 2002, 2148, 2010, 807, 0.18%, 0, 37, 18, 186.68, 637629, 15405
3520, 0, 2002, 2149, 2011, 807, 0.18%, 0, 37, 18, 215.83, 638768, 15405
3525, 0, 2002, 2150, 2012, 807, 0.18%, 0, 37, 18, 213.25, 639851, 15405
3530, 0, 2002, 2151, 2013, 807, 0.18%, 0, 37, 18, 216.61, 640938, 15405
3535, 0, 2002, 2152, 2014, 807, 0.18%, 0, 37, 18, 215.36, 642021, 15405
3540, 0, 2002, 2152, 2014, 807, 0.18%, 0, 37, 18, 203.97, 643029, 15405
3545, 0, 2002, 2152, 2014, 807, 0.18%, 0, 37, 18, 216.47, 644125, 15405
3550, 0, 2002, 2152, 2014, 807, 0.18%, 0, 37, 18, 218.67, 645255, 15405
3556, 0, 2046, 2152, 2013, 809, 0.18%, 0, 37, 18, 206.35, 646163, 15405
3561, 0, 1254, 2152, 2012, 808, 0.18%, 0, 37, 18, 223.63, 647325, 15405
3566, 0, 680, 2152, 2012, 808, 0.18%, 0, 37, 18, 236.95, 648569, 15405
3571, 0, 1973, 2152, 2010, 806, 0.18%, 0, 37, 18, 17.18, 649575, 15405
3576, 0, 1973, 2154, 2012, 806, 0.18%, 0, 37, 18, 225.31, 650686, 15459
3581, 0, 1973, 2156, 2014, 806, 0.18%, 0, 37, 18, 228.87, 651836, 15460
3586, 0, 1973, 2158, 2016, 806, 0.18%, 0, 37, 18, 229.07, 653026, 15460
3591, 0, 1973, 2158, 2016, 806, 0.18%, 0, 38, 18, 223.85, 653919, 15460
3596, 0, 1973, 2158, 2016, 806, 0.18%, 0, 40, 18, 231.53, 654584, 15460
3601, 0, 1973, 2160, 2018, 806, 0.18%, 0, 40, 18, 228.07, 655727, 15462
3606, 0, 1973, 2161, 2019, 806, 0.18%, 0, 40, 18, 226.09, 656858, 15463
3611, 0, 1973, 2162, 2020, 806, 0.18%, 0, 40, 18, 213.15, 657937, 15468
3617, 0, 1973, 2162, 2020, 806, 0.18%, 0, 41, 18, 4.68, 658818, 15468
3622, 0, 1973, 2164, 2022, 806, 0.18%, 0, 42, 18, 199.65, 659601, 15470
3627, 0, 2154, 2164, 2021, 812, 0.18%, 0, 42, 18, 13.36, 660462, 15470
3632, 0, 499, 2164, 2020, 811, 0.18%, 0, 42, 18, 204.84, 661534, 15470
3637, 0, 2015, 2167, 2022, 810, 0.18%, 0, 42, 19, 203.46, 662445, 15495
3643, 0, 2015, 2169, 2024, 810, 0.18%, 0, 42, 19, 202.07, 663475, 15496
3648, 0, 2015, 2171, 2026, 810, 0.18%, 0, 42, 19, 203.68, 664509, 15496
3653, 0, 2015, 2172, 2027, 810, 0.18%, 0, 42, 19, 201.57, 665536, 15497
3658, 0, 2015, 2173, 2028, 810, 0.18%, 0, 42, 19, 200.47, 666563, 15498
3663, 0, 2015, 2174, 2029, 810, 0.18%, 0, 42, 19, 194.18, 667558, 15499
3668, 0, 2015, 2175, 2030, 810, 0.18%, 0, 42, 19, 191.48, 668558, 15509
3673, 0, 2015, 2176, 2031, 810, 0.18%, 0, 42, 19, 198.52, 669564, 15509
3678, 0, 2015, 2178, 2033, 810, 0.18%, 0, 42, 19, 197.87, 670550, 15509
3683, 0, 2015, 2178, 2033, 810, 0.18%, 0, 42, 19, 199.26, 671573, 15509
3689, 0, 2015, 2180, 2035, 810, 0.18%, 0, 42, 19, 194.15, 672574, 15512
3694, 0, 2145, 2189, 2043, 816, 0.18%, 0, 42, 19, 198.08, 673429, 15517
3699, 0, 2145, 2193, 2047, 816, 0.19%, 0, 42, 19, 179.54, 674291, 15531
3704, 0, 2145, 2195, 2049, 816, 0.19%, 0, 42, 19, 188.26, 675265, 15532
3709, 0, 2145, 2197, 2051, 816, 0.19%, 0, 42, 19, 196.33, 676254, 15532
3714, 0, 2145, 2201, 2055, 816, 0.19%, 0, 42, 19, 207.61, 677296, 15544
3719, 0, 2145, 2204, 2058, 816, 0.19%, 0, 42, 19, 200.31, 678322, 15544
3724, 0, 2145, 2207, 2061, 816, 0.19%, 0, 42, 19, 207.01, 679379, 15545
3729, 0, 2145, 2210, 2064, 816, 0.19%, 0, 42, 19, 206.32, 680424, 15549
3734, 0, 2145, 2214, 2068, 816, 0.19%, 0, 42, 19, 204.64, 681468, 15549
3739, 0, 2145, 2216, 2070, 816, 0.19%, 0, 42, 19, 202.82, 682494, 15549
3744, 0, 2145, 2216, 2070, 816, 0.19%, 0, 42, 19, 208.12, 683553, 15549
3750, 0, 2026, 2219, 2071, 821, 0.19%, 0, 42, 19, 198.00, 684425, 15556
3755, 0, 2026, 2221, 2073, 821, 0.19%, 0, 42, 19, 204.76, 685498, 15556
3760, 0, 2026, 2221, 2073, 821, 0.19%, 0, 42, 19, 216.10, 686606, 15556
3765, 0, 2026, 2222, 2074, 821, 0.19%, 0, 42, 19, 203.32, 687613, 15556
3770, 0, 2026, 2223, 2075, 821, 0.19%, 0, 42, 19, 201.43, 688628, 15557
3775, 0, 2026, 2226, 2078, 821, 0.19%, 0, 42, 19, 201.69, 689641, 15961
3780, 0, 2026, 2227, 2079, 821, 0.19%, 0, 42, 19, 220.85, 690772, 15962
3785, 0, 2026, 2227, 2079, 821, 0.19%, 0, 42, 19, 224.34, 691948, 15962
3790, 0, 2026, 2228, 2080, 821, 0.19%, 0, 42, 19, 225.77, 693075, 15963
3795, 0, 2026, 2228, 2080, 821, 0.19%, 0, 42, 19, 223.24, 694190, 15963
3800, 0, 982, 2228, 2078, 818, 0.19%, 0, 42, 19, 224.00, 695169, 15963
3806, 0, 2068, 2229, 2078, 817, 0.19%, 0, 42, 19, 206.56, 696148, 15964
3811, 0, 2068, 2229, 2078, 817, 0.19%, 0, 42, 19, 206.66, 697210, 15964
3816, 0, 1944, 2229, 2077, 817, 0.19%, 0, 42, 19, 202.85, 698203, 15964
3821, 0, 1944, 2232, 2080, 817, 0.19%, 0, 42, 19, 179.76, 699092, 15967
3826, 0, 1944, 2233, 2081, 817, 0.19%, 0, 42, 19, 174.14, 699996, 15968
3831, 0, 1944, 2234, 2082, 817, 0.19%, 0, 42, 19, 188.08, 700978, 15968
3836, 0, 1944, 2235, 2083, 817, 0.19%, 0, 42, 19, 204.13, 702033, 15968
3841, 0, 1944, 2238, 2086, 817, 0.19%, 0, 42, 19, 210.79, 703094, 15969
3846, 0, 1944, 2239, 2087, 817, 0.19%, 0, 42, 19, 220.10, 704201, 15969
3851, 0, 1944, 2239, 2087, 817, 0.19%, 0, 42, 19, 224.52, 705357, 15969
3857, 0, 1944, 2240, 2088, 817, 0.19%, 0, 42, 19, 228.48, 706540, 15969
3862, 0, 1944, 2241, 2089, 817, 0.19%, 0, 42, 19, 228.75, 707675, 15969
3867, 0, 1944, 2242, 2090, 817, 0.19%, 0, 42, 19, 210.27, 708723, 15970
3872, 0, 1996, 2243, 2089, 823, 0.19%, 0, 42, 19, 210.22, 709584, 15970
3877, 0, 1996, 2248, 2094, 823, 0.19%, 0, 42, 19, 200.51, 710607, 15987
3882, 0, 1996, 2249, 2095, 823, 0.19%, 0, 42, 19, 218.10, 711766, 15988
3887, 0, 1996, 2252, 2098, 823, 0.19%, 0, 42, 19, 209.60, 712843, 15988
3892, 0, 1996, 2255, 2101, 823, 0.19%, 0, 42, 19, 199.47, 713843, 15989
3897, 0, 1996, 2257, 2103, 823, 0.19%, 0, 42, 19, 201.00, 714870, 15990
3903, 0, 1996, 2259, 2105, 823, 0.19%, 0, 42, 19, 211.01, 715928, 16001
3908, 0, 1996, 2260, 2106, 823, 0.19%, 0, 42, 19, 219.47, 717055, 16001
3913, 0, 1996, 2261, 2107, 823, 0.19%, 0, 42, 19, 210.73, 718066, 16001
3918, 0, 1996, 2263, 2109, 823, 0.19%, 0, 42, 19, 215.02, 719190, 16003
3923, 0, 2258, 2263, 2108, 831, 0.19%, 0, 42, 19, 6.94, 720109, 16003
3928, 0, 433, 2263, 2107, 830, 0.19%, 0, 42, 19, 223.08, 721253, 16003
3933, 0, 2199, 2263, 2106, 829, 0.19%, 0, 42, 19, 210.23, 722200, 16003
3939, 0, 2199, 2263, 2106, 829, 0.19%, 0, 42, 19, 219.83, 723348, 16003
3944, 0, 2179, 2263, 2105, 828, 0.19%, 0, 42, 19, 225.07, 724312, 16003
3949, 0, 2165, 2266, 2107, 830, 0.19%, 0, 42, 20, 228.86, 725240, 16007
3954, 0, 2165, 2269, 2110, 830, 0.19%, 0, 42, 20, 226.49, 726404, 16010
3959, 0, 2165, 2271, 2112, 830, 0.19%, 0, 42, 20, 228.73, 727590, 16011
3964, 0, 2165, 2272, 2113, 830, 0.19%, 0, 42, 20, 229.14, 728769, 16016
3969, 0, 2165, 2273, 2114, 830, 0.19%, 0, 42, 20, 200.67, 729777, 16017
3974, 0, 2165, 2275, 2116, 830, 0.19%, 0, 42, 20, 212.14, 730866, 16018
3979, 0, 2165, 2277, 2118, 830, 0.19%, 0, 42, 20, 214.57, 731964, 16021
3984, 0, 2165, 2277, 2118, 830, 0.19%, 0, 42, 20, 209.45, 732988, 16021
3989, 0, 2165, 2278, 2119, 830, 0.19%, 0, 42, 20, 207.63, 734035, 16022
3995, 0, 2165, 2278, 2119, 830, 0.19%, 0, 42, 20, 225.26, 735224, 16022
4000, 0, 1031, 2278, 2117, 835, 0.19%, 0, 42, 20, 222.71, 736168, 16022
4005, 0, 2277, 2278, 2116, 834, 0.19%, 0, 42, 20, 22.25, 737317, 16022
4011, 0, 2277, 2282, 2120, 834, 0.19%, 0, 42, 21, 134.78, 738060, 16043
4016, 0, 2277, 2285, 2123, 834, 0.19%, 0, 42, 21, 193.06, 739134, 16046
4021, 0, 2277, 2287, 2125, 834, 0.19%, 0, 42, 21, 195.11, 740118, 16046
4026, 0, 2277, 2288, 2126, 834, 0.19%, 0, 43, 21, 213.49, 740990, 16055
4031, 0, 2277, 2293, 2131, 834, 0.19%, 0, 43, 21, 209.05, 742049, 16056
4036, 0, 2277, 2296, 2134, 834, 0.19%, 0, 43, 21, 210.91, 743138, 16060
4041, 0, 2277, 2297, 2135, 834, 0.19%, 0, 43, 21, 212.45, 744217, 16060
4046, 0, 2277, 2299, 2137, 834, 0.19%, 0, 43, 21, 211.81, 745295, 16080
4051, 0, 2277, 2303, 2141, 834, 0.19%, 0, 43, 21, 212.12, 746363, 16082
4056, 0, 2277, 2306, 2144, 834, 0.19%, 0, 43, 21, 194.95, 747356, 16082
4062, 0, 2298, 2306, 2143, 842, 0.19%, 0, 43, 21, 31.20, 748388, 16082
4067, 0, 2281, 2306, 2141, 840, 0.19%, 0, 43, 21, 19.00, 749142, 16082
4072, 0, 2281, 2310, 2145, 840, 0.19%, 0, 43, 22, 198.99, 750115, 16084
4077, 0, 2281, 2314, 2149, 840, 0.19%, 0, 43, 22, 207.33, 751165, 16088
4082, 0, 2281, 2316, 2151, 840, 0.19%, 0, 43, 22, 212.87, 752243, 16089
4088, 0, 2281, 2319, 2154, 840, 0.19%, 0, 43, 22, 214.47, 753356, 16097
4093, 0, 2281, 2319, 2154, 840, 0.19%, 0, 43, 22, 201.63, 754352, 16097
4098, 0, 2281, 2319, 2154, 840, 0.19%, 0, 43, 22, 216.37, 755436, 16097
4103, 0, 2281, 2320, 2155, 840, 0.19%, 0, 43, 22, 218.30, 756535, 16099
4108, 0, 2281, 2324, 2159, 840, 0.19%, 0, 43, 22, 209.38, 757591, 16103
4113, 0, 2281, 2325, 2160, 840, 0.19%, 0, 43, 22, 207.02, 758654, 16103
4118, 0, 2281, 2327, 2162, 840, 0.19%, 0, 43, 22, 216.59, 759760, 16103
4123, 0, 2281, 2329, 2164, 840, 0.19%, 0, 43, 22, 207.48, 760846, 16104
4128, 0, 2281, 2329, 2164, 840, 0.19%, 0, 43, 22, 216.34, 761930, 16104
4134, 0, 2281, 2329, 2164, 840, 0.19%, 0, 43, 22, 211.21, 762998, 16104
4139, 0, 1119, 2329, 2162, 850, 0.19%, 0, 43, 22, 182.32, 763860, 16104
4144, 0, 1976, 2329, 2161, 849, 0.19%, 0, 43, 22, 3.03, 764936, 16104
4149, 0, 1976, 2329, 2161, 849, 0.19%, 0, 43, 22, 207.91, 766029, 16104
4154, 0, 1834, 2331, 2162, 848, 0.19%, 0, 43, 22, 198.61, 767011, 16104
4161, 0, 2094, 2332, 2162, 847, 0.19%, 0, 43, 22, 34.68, 768045, 16105
4166, 0, 2094, 2333, 2163, 847, 0.19%, 0, 43, 22, 166.41, 769028, 16105
4171, 0, 2288, 2336, 2165, 846, 0.19%, 0, 43, 22, 192.41, 769936, 16105
4176, 0, 2288, 2340, 2169, 846, 0.19%, 0, 43, 22, 197.01, 770954, 16105
4181, 0, 2288, 2343, 2172, 846, 0.19%, 0, 43, 22, 207.68, 772000, 16107
4186, 0, 2288, 2344, 2173, 846, 0.19%, 0, 43, 22, 196.57, 773047, 16108
4191, 0, 2288, 2345, 2174, 846, 0.19%, 0, 44, 22, 205.48, 773839, 16108
4196, 0, 2288, 2346, 2175, 846, 0.19%, 0, 45, 22, 36.00, 774723, 16110
4201, 0, 2288, 2347, 2176, 846, 0.19%, 0, 45, 22, 210.28, 775762, 16111
4207, 0, 2288, 2348, 2177, 846, 0.19%, 0, 45, 22, 208.30, 776793, 16111
4212, 0, 2288, 2349, 2178, 846, 0.19%, 0, 46, 22, 195.46, 777593, 16111
4217, 0, 2288, 2352, 2181, 846, 0.19%, 0, 46, 22, 189.62, 778526, 16111
4222, 0, 2288, 2353, 2182, 846, 0.19%, 0, 46, 22, 203.54, 779595, 16111
4227, 0, 1378, 2353, 2180, 852, 0.19%, 0, 46, 22, 222.22, 780406, 16111
4232, 0, 1841, 2353, 2179, 851, 0.19%, 0, 46, 22, 228.89, 781378, 16111
4237, 0, 426, 2354, 2179, 851, 0.19%, 0, 46, 22, 230.89, 782379, 16112
4243, 0, 2153, 2360, 2184, 850, 0.19%, 0, 47, 22, 23.87, 783144, 16112
4248, 0, 2153, 2362, 2186, 850, 0.19%, 0, 47, 22, 189.68, 784097, 16112
4253, 0, 2153, 2367, 2191, 850, 0.19%, 0, 47, 22, 180.41, 784990, 16112
4259, 0, 2153, 2368, 2192, 850, 0.19%, 0, 47, 22, 191.94, 786002, 16113
4264, 0, 2153, 2369, 2193, 850, 0.19%, 0, 48, 22, 196.81, 786778, 16113
4269, 0, 2153, 2370, 2194, 850, 0.19%, 0, 50, 22, 17.99, 787421, 16113
4274, 0, 2153, 2372, 2196, 850, 0.19%, 0, 50, 22, 173.47, 788328, 16113
4279, 0, 2153, 2372, 2196, 850, 0.19%, 0, 51, 22, 183.95, 789100, 16113
4284, 0, 2153, 2375, 2199, 850, 0.19%, 0, 51, 22, 200.87, 790117, 16113
4289, 0, 2153, 2376, 2200, 850, 0.19%, 0, 51, 22, 198.04, 791141, 16114
4294, 0, 2153, 2378, 2202, 850, 0.19%, 0, 51, 22, 197.98, 792181, 16115
4300, 0, 897, 2378, 2200, 851, 0.19%, 0, 51, 22, 173.87, 793072, 16115
4305, 0, 1262, 2378, 2199, 850, 0.19%, 0, 51, 22, 243.08, 794091, 16115
4310, 0, 2037, 2382, 2202, 849, 0.19%, 0, 51, 22, 204.75, 795023, 16116
4315, 0, 2037, 2388, 2208, 849, 0.19%, 0, 51, 22, 173.04, 795906, 16118
4320, 0, 2037, 2390, 2210, 849, 0.19%, 0, 51, 22, 200.71, 796964, 16123
4325, 0, 2037, 2392, 2212, 849, 0.19%, 0, 51, 22, 199.43, 797968, 16125
4330, 0, 2037, 2394, 2214, 849, 0.19%, 0, 51, 22, 195.29, 798969, 16126
4335, 0, 2037, 2395, 2215, 849, 0.19%, 0, 51, 22, 203.44, 799986, 16127
4340, 0, 2037, 2396, 2216, 849, 0.19%, 0, 51, 22, 183.62, 800873, 16127
4345, 0, 2037, 2396, 2216, 849, 0.19%, 0, 51, 22, 191.55, 801869, 16127
4351, 0, 2037, 2396, 2216, 849, 0.19%, 0, 51, 22, 195.66, 802889, 16127
4356, 0, 2037, 2398, 2218, 849, 0.19%, 0, 51, 22, 194.43, 803869, 16127
4361, 0, 2037, 2399, 2219, 849, 0.19%, 0, 51, 22, 200.81, 804914, 16128
4366, 0, 2310, 2399, 2217, 853, 0.19%, 0, 51, 22, 180.91, 805702, 16128
4371, 0, 2310, 2402, 2220, 853, 0.19%, 0, 51, 23, 196.80, 806746, 16130
4376, 0, 2310, 2402, 2220, 853, 0.19%, 0, 51, 23, 201.77, 807794, 16130
4381, 0, 2310, 2403, 2221, 853, 0.19%, 0, 51, 23, 210.01, 808897, 16131
4387, 0, 2310, 2406, 2224, 853, 0.19%, 0, 51, 23, 204.20, 809934, 16133
4392, 0, 2310, 2409, 2227, 853, 0.19%, 0, 51, 23, 203.72, 810971, 16134
4397, 0, 2310, 2414, 2232, 853, 0.19%, 0, 51, 23, 199.85, 811998, 16137
4402, 0, 2310, 2415, 2233, 853, 0.19%, 0, 51, 23, 205.76, 813045, 16139
4407, 0, 2310, 2416, 2234, 853, 0.19%, 0, 51, 23, 206.28, 814076, 16141
4412, 0, 2310, 2418, 2236, 853, 0.19%, 0, 51, 23, 204.45, 815094, 16148
4417, 0, 2310, 2419, 2237, 853, 0.19%, 0, 51, 23, 193.97, 816048, 16148
4422, 0, 977, 2419, 2235, 860, 0.19%, 0, 51, 23, 192.56, 816867, 16148
4427, 0, 2414, 2423, 2238, 859, 0.19%, 0, 51, 24, 185.62, 817738, 16156
4432, 0, 2414, 2428, 2243, 859, 0.19%, 0, 51, 24, 202.38, 818792, 16163
4437, 0, 2414, 2436, 2251, 859, 0.19%, 0, 51, 24, 198.64, 819800, 16175
4442, 0, 2414, 2436, 2251, 859, 0.19%, 0, 51, 24, 202.68, 820816, 16175
4448, 0, 2414, 2436, 2251, 859, 0.19%, 0, 51, 24, 197.36, 821828, 16175
4453, 0, 2414, 2436, 2251, 859, 0.19%, 0, 51, 24, 210.61, 822956, 16175
4458, 0, 2414, 2437, 2252, 859, 0.19%, 0, 51, 24, 208.29, 824015, 16176
4463, 0, 2414, 2438, 2253, 859, 0.19%, 0, 51, 24, 206.70, 825046, 16177
4468, 0, 2414, 2439, 2254, 859, 0.19%, 0, 51, 24, 217.35, 826129, 16178
4473, 0, 2414, 2439, 2254, 859, 0.19%, 0, 51, 24, 220.66, 827233, 16178
4478, 0, 2414, 2440, 2255, 859, 0.19%, 0, 51, 24, 212.48, 828308, 16179
4483, 0, 2414, 2441, 2256, 859, 0.19%, 0, 51, 24, 227.57, 829499, 16182
4488, 0, 2414, 2442, 2257, 859, 0.19%, 0, 51, 24, 228.14, 830682, 16183
4493, 0, 1932, 2442, 2255, 878, 0.19%, 0, 51, 24, 219.47, 831553, 16183
4498, 0, 2425, 2444, 2256, 877, 0.19%, 0, 51, 25, 229.82, 832508, 16183
4503, 0, 2141, 2444, 2255, 876, 0.19%, 0, 51, 25, 131.67, 833395, 16183
4509, 0, 2141, 2448, 2259, 876, 0.19%, 0, 51, 25, 183.88, 834379, 16185
4514, 0, 2141, 2453, 2264, 876, 0.19%, 0, 51, 25, 176.46, 835254, 16185
4519, 0, 2141, 2454, 2265, 876, 0.19%, 0, 51, 25, 200.05, 836302, 16185
4524, 0, 2141, 2457, 2268, 876, 0.19%, 0, 51, 25, 193.26, 837283, 16188
4529, 0, 2141, 2457, 2268, 876, 0.19%, 0, 51, 25, 198.25, 838282, 16188
4534, 0, 2141, 2457, 2268, 876, 0.19%, 0, 51, 25, 202.77, 839324, 16188
4539, 0, 2141, 2460, 2271, 876, 0.19%, 0, 51, 25, 205.69, 840393, 16188
4544, 0, 2141, 2462, 2273, 876, 0.19%, 0, 51, 25, 216.22, 841511, 16189
4549, 0, 2141, 2465, 2276, 876, 0.19%, 0, 51, 25, 219.21, 842620, 16190
4554, 0, 2141, 2467, 2278, 876, 0.19%, 0, 51, 25, 220.04, 843686, 16190
4560, 0, 2141, 2470, 2281, 876, 0.19%, 0, 51, 25, 207.49, 844703, 16191
4565, 0, 2141, 2473, 2284, 876, 0.19%, 0, 51, 25, 207.07, 845736, 16191
4570, 0, 2141, 2473, 2284, 876, 0.19%, 0, 51, 25, 225.37, 846882, 16191
4575, 0, 93, 2473, 2282, 880, 0.19%, 0, 51, 25, 227.13, 847865, 16191
4580, 0, 2446, 2475, 2283, 879, 0.19%, 0, 51, 25, 156.30, 848658, 16191
4585, 0, 2446, 2479, 2287, 879, 0.19%, 0, 51, 25, 173.29, 849529, 16195
4590, 0, 2446, 2484, 2292, 879, 0.19%, 0, 51, 25, 165.52, 850332, 16196
4595, 0, 2446, 2489, 2297, 879, 0.19%, 0, 51, 25, 169.84, 851246, 16197
4601, 0, 2446, 2490, 2298, 879, 0.19%, 0, 51, 25, 179.13, 852183, 16197
4606, 0, 2446, 2492, 2300, 879, 0.19%, 0, 51, 25, 185.05, 853115, 16197
4611, 0, 2446, 2493, 2301, 879, 0.19%, 0, 51, 25, 183.96, 854061, 16198
4616, 0, 2446, 2495, 2303, 879, 0.19%, 0, 51, 25, 174.18, 854915, 16198
4621, 0, 2446, 2498, 2306, 879, 0.19%, 0, 51, 25, 178.52, 855794, 16198
4626, 0, 2446, 2498, 2306, 879, 0.19%, 0, 51, 25, 187.75, 856757, 16198
4631, 0, 2446, 2499, 2307, 879, 0.19%, 0, 51, 25, 187.52, 857700, 16198
4636, 0, 2446, 2499, 2307, 879, 0.19%, 0, 51, 25, 186.27, 858618, 16198
4641, 0, 2446, 2500, 2308, 879, 0.19%, 0, 51, 25, 187.41, 859549, 16199
4646, 0, 2446, 2502, 2310, 879, 0.19%, 0, 51, 25, 175.80, 860439, 16199
4651, 0, 2446, 2502, 2310, 879, 0.19%, 0, 51, 25, 207.50, 861514, 16199
4657, 0, 273, 2502, 2308, 881, 0.19%, 0, 51, 25, 243.19, 862542, 16199
4662, 0, 2501, 2506, 2311, 880, 0.19%, 0, 51, 25, 190.46, 863414, 16199
4667, 0, 2501, 2508, 2313, 880, 0.19%, 0, 51, 25, 197.66, 864397, 16201
4672, 0, 2501, 2514, 2319, 880, 0.19%, 0, 51, 25, 193.39, 865333, 16201
4677, 0, 2501, 2515, 2320, 880, 0.19%, 0, 51, 25, 211.10, 866423, 16201
4682, 0, 2501, 2517, 2322, 880, 0.19%, 0, 51, 25, 204.13, 867437, 16201
4687, 0, 2501, 2518, 2323, 880, 0.19%, 0, 51, 25, 206.33, 868472, 16203
4692, 0, 2501, 2518, 2323, 880, 0.19%, 0, 51, 25, 212.27, 869572, 16203
4698, 0, 2501, 2519, 2324, 880, 0.19%, 0, 51, 25, 209.89, 870607, 16203
4703, 0, 2501, 2519, 2324, 880, 0.19%, 0, 51, 25, 211.56, 871675, 16203
4708, 0, 2501, 2519, 2324, 880, 0.19%, 0, 51, 25, 213.24, 872767, 16203
4713, 0, 2501, 2519, 2324, 880, 0.19%, 0, 51, 25, 215.31, 873867, 16203
4718, 0, 2501, 2520, 2325, 880, 0.19%, 0, 51, 25, 210.38, 874918, 16203
4723, 0, 2501, 2523, 2328, 880, 0.19%, 0, 51, 25, 220.84, 876017, 16205
4728, 0, 2092, 2523, 2326, 882, 0.19%, 0, 51, 25, 189.08, 876989, 16205
4733, 0, 1727, 2523, 2325, 881, 0.19%, 0, 51, 25, 40.99, 877799, 16205
4738, 0, 1727, 2527, 2329, 881, 0.19%, 0, 51, 25, 97.75, 878349, 16206
4743, 0, 1727, 2530, 2332, 881, 0.19%, 0, 51, 25, 125.68, 879020, 16207
4748, 0, 1727, 2530, 2332, 881, 0.19%, 0, 51, 25, 136.69, 879718, 16207
4753, 0, 1727, 2532, 2334, 881, 0.19%, 0, 51, 25, 130.94, 880372, 16207
4759, 0, 1727, 2532, 2334, 881, 0.19%, 0, 51, 25, 134.95, 881082, 16207
4764, 0, 1727, 2533, 2335, 881, 0.19%, 0, 51, 25, 135.28, 881765, 16207
4769, 0, 1727, 2534, 2336, 881, 0.19%, 0, 51, 25, 135.78, 882456, 16207
4774, 0, 1727, 2536, 2338, 881, 0.19%, 0, 51, 25, 129.20, 883112, 16207
4779, 0, 1727, 2536, 2338, 881, 0.19%, 0, 51, 25, 134.04, 883804, 16207
4784, 0, 1727, 2538, 2340, 881, 0.19%, 0, 51, 25, 125.62, 884465, 16207
4789, 0, 1727, 2540, 2342, 881, 0.19%, 0, 51, 25, 134.40, 885159, 16207
4794, 0, 1727, 2540, 2342, 881, 0.19%, 0, 51, 25, 136.71, 885879, 16207
4800, 0, 1727, 2540, 2342, 881, 0.19%, 0, 51, 25, 133.66, 886575, 16207
4805, 0, 1727, 2540, 2342, 881, 0.19%, 0, 51, 25, 130.90, 887253, 16207
4810, 0, 2536, 2540, 2341, 881, 0.19%, 0, 51, 25, 25.55, 887953, 16207
4815, 0, 2334, 2544, 2344, 880, 0.19%, 0, 52, 25, 211.61, 888773, 16209
4820, 0, 2334, 2545, 2345, 880, 0.19%, 0, 52, 25, 223.80, 889948, 16212
4826, 0, 2334, 2547, 2347, 880, 0.19%, 0, 53, 25, 24.41, 891027, 16218
4831, 0, 2334, 2549, 2349, 880, 0.19%, 0, 53, 25, 225.86, 892165, 16220
4836, 0, 2334, 2549, 2349, 880, 0.19%, 0, 53, 25, 227.48, 893313, 16220
4841, 0, 2334, 2549, 2349, 880, 0.19%, 0, 54, 25, 217.91, 894198, 16220
4847, 0, 2334, 2549, 2349, 880, 0.19%, 0, 55, 25, 219.12, 895067, 16220
4852, 0, 2334, 2550, 2350, 880, 0.19%, 0, 55, 25, 206.81, 896146, 16221
4857, 0, 2334, 2551, 2351, 880, 0.19%, 0, 56, 25, 3.75, 896976, 16221
4862, 0, 2334, 2553, 2353, 880, 0.19%, 0, 56, 25, 191.00, 897941, 16234
4868, 0, 2546, 2553, 2352, 889, 0.19%, 0, 56, 25, 19.81, 898949, 16234
4873, 0, 2547, 2557, 2355, 888, 0.19%, 0, 56, 25, 198.21, 899935, 16234
4878, 0, 2547, 2561, 2359, 888, 0.19%, 0, 56, 25, 199.08, 900964, 16235
4884, 0, 2547, 2564, 2362, 888, 0.19%, 0, 56, 25, 193.74, 901951, 16237
4889, 0, 2547, 2566, 2364, 888, 0.19%, 0, 56, 25, 193.65, 902902, 16254
4894, 0, 2547, 2569, 2367, 888, 0.19%, 0, 56, 25, 205.55, 903968, 16254
4899, 0, 2547, 2571, 2369, 888, 0.19%, 0, 56, 25, 217.16, 905074, 16254
4904, 0, 2547, 2572, 2370, 888, 0.19%, 0, 56, 25, 218.79, 906181, 16286
4909, 0, 2547, 2574, 2372, 888, 0.19%, 0, 56, 25, 200.05, 907167, 16286
4914, 0, 2547, 2577, 2375, 888, 0.19%, 0, 56, 25, 212.38, 908256, 16286
4919, 0, 2547, 2577, 2375, 888, 0.19%, 0, 56, 25, 215.32, 909337, 16286
4924, 0, 2542, 2579, 2376, 893, 0.19%, 0, 56, 25, 215.22, 910168, 16287
4929, 0, 2542, 2580, 2377, 893, 0.19%, 0, 56, 25, 225.77, 911343, 16288
4934, 0, 2542, 2582, 2379, 893, 0.19%, 0, 56, 25, 226.44, 912517, 16291
4940, 0, 2542, 2585, 2382, 893, 0.19%, 0, 56, 25, 223.87, 913650, 16291
4945, 0, 2542, 2587, 2384, 893, 0.20%, 0, 56, 25, 202.37, 914656, 16394
4950, 0, 2542, 2587, 2384, 893, 0.20%, 0, 56, 25, 200.51, 915664, 16394
4955, 0, 2542, 2588, 2385, 893, 0.20%, 0, 56, 25, 213.38, 916751, 16394
4960, 0, 2542, 2590, 2387, 893, 0.20%, 0, 56, 25, 226.53, 917905, 16394
4965, 0, 2542, 2591, 2388, 893, 0.20%, 0, 56, 25, 224.81, 919040, 16395
4970, 0, 2542, 2591, 2388, 893, 0.20%, 0, 56, 25, 227.96, 920221, 16395
4975, 0, 2173, 2592, 2387, 899, 0.20%, 0, 56, 25, 203.92, 921121, 16396
4980, 0, 2585, 2593, 2387, 898, 0.20%, 0, 56, 25, 216.21, 922144, 16396
4985, 0, 2585, 2593, 2387, 898, 0.20%, 0, 56, 25, 220.76, 923250, 16396
4991, 0, 796, 2593, 2386, 897, 0.20%, 0, 56, 25, 230.71, 924449, 16396
4996, 0, 2555, 2593, 2385, 896, 0.20%, 0, 56, 25, 217.84, 925345, 16396
5001, 0, 2555, 2595, 2387, 896, 0.20%, 0, 56, 25, 222.43, 926443, 16396
5006, 0, 2555, 2597, 2389, 896, 0.20%, 0, 56, 25, 217.37, 927593, 16396
5011, 0, 2555, 2599, 2391, 896, 0.20%, 0, 56, 25, 226.75, 928771, 16399
5016, 0, 2555, 2601, 2393, 896, 0.20%, 0, 56, 25, 224.13, 929913, 16399
5021, 0, 2555, 2604, 2396, 896, 0.20%, 0, 56, 25, 226.97, 931074, 16402
5026, 0, 2555, 2606, 2398, 896, 0.20%, 0, 56, 25, 227.75, 932216, 16404
5031, 0, 2555, 2608, 2400, 896, 0.20%, 0, 56, 25, 219.69, 933294, 16404
5036, 0, 2555, 2609, 2401, 896, 0.20%, 0, 56, 25, 206.89, 934365, 16404
5041, 0, 2555, 2609, 2401, 896, 0.20%, 0, 56, 25, 193.63, 935329, 16404
5046, 0, 2522, 2610, 2400, 896, 0.20%, 0, 56, 25, 195.19, 936236, 16405
5051, 0, 2601, 2614, 2403, 895, 0.20%, 0, 56, 26, 189.80, 937125, 16405
5056, 0, 2601, 2617, 2406, 895, 0.20%, 0, 56, 26, 206.52, 938141, 16406
5061, 0, 2601, 2622, 2411, 895, 0.20%, 0, 56, 26, 220.93, 939240, 16410
5066, 0, 2601, 2626, 2415, 895, 0.20%, 0, 56, 26, 225.49, 940376, 16412
5071, 0, 2601, 2628, 2417, 895, 0.20%, 0, 56, 26, 207.40, 941374, 16413
5077, 0, 2601, 2630, 2419, 895, 0.20%, 0, 56, 26, 208.69, 942452, 16415
5082, 0, 2601, 2631, 2420, 895, 0.20%, 0, 56, 26, 221.58, 943607, 16415
5087, 0, 2601, 2633, 2422, 895, 0.20%, 0, 56, 26, 225.55, 944781, 16417
5092, 0, 2601, 2635, 2424, 895, 0.20%, 0, 56, 26, 231.54, 945975, 16418
5097, 0, 2601, 2635, 2424, 895, 0.20%, 0, 56, 26, 235.04, 947186, 16418
5102, 0, 2581, 2636, 2423, 901, 0.20%, 0, 56, 26, 227.67, 948099, 16418
5107, 0, 2581, 2637, 2424, 901, 0.20%, 0, 57, 26, 225.80, 949035, 16421
5112, 0, 2581, 2640, 2427, 901, 0.20%, 0, 57, 26, 229.20, 950184, 16422
5118, 0, 2581, 2642, 2429, 901, 0.20%, 0, 57, 26, 229.87, 951358, 16422
5123, 0, 2581, 2644, 2431, 901, 0.20%, 0, 58, 26, 232.55, 952321, 16428
5128, 0, 2581, 2645, 2432, 901, 0.20%, 0, 59, 26, 232.39, 953273, 16428
5133, 0, 2581, 2646, 2433, 901, 0.20%, 0, 59, 26, 230.72, 954444, 16429
5138, 0, 2581, 2646, 2433, 901, 0.20%, 0, 59, 26, 233.45, 955644, 16429
5143, 0, 2581, 2650, 2437, 901, 0.20%, 0, 59, 26, 230.67, 956840, 16430
5149, 0, 2581, 2650, 2437, 901, 0.20%, 0, 59, 26, 232.56, 958028, 16430
5154, 0, 2608, 2650, 2436, 895, 0.20%, 0, 59, 26, 233.01, 958982, 16430
5159, 0, 133, 2650, 2435, 894, 0.20%, 0, 59, 26, 239.04, 960228, 16430
5164, 0, 2551, 2654, 2438, 893, 0.20%, 0, 59, 26, 205.21, 961121, 16440
5169, 0, 2551, 2656, 2440, 893, 0.20%, 0, 59, 26, 195.40, 962069, 16441
5174, 0, 2551, 2661, 2445, 893, 0.20%, 0, 59, 26, 196.49, 963052, 16444
5179, 0, 2551, 2664, 2448, 893, 0.20%, 0, 59, 26, 197.24, 964051, 16450
5184, 0, 2551, 2664, 2448, 893, 0.20%, 0, 59, 26, 190.81, 965023, 16450
5189, 0, 2551, 2665, 2449, 893, 0.20%, 0, 59, 26, 209.34, 966134, 16451
5194, 0, 2551, 2666, 2450, 893, 0.20%, 0, 59, 26, 221.55, 967265, 16452
5199, 0, 2551, 2670, 2454, 893, 0.20%, 0, 59, 26, 221.25, 968377, 16457
5204, 0, 2551, 2672, 2456, 893, 0.20%, 0, 59, 26, 224.00, 969511, 16458
5210, 0, 2551, 2672, 2456, 893, 0.20%, 0, 59, 26, 228.97, 970703, 16458
5215, 0, 998, 2672, 2454, 899, 0.20%, 0, 59, 26, 209.82, 971647, 16458
5220, 0, 2638, 2674, 2455, 898, 0.20%, 0, 60, 26, 217.60, 972426, 16506
5225, 0, 2638, 2674, 2455, 898, 0.20%, 0, 60, 26, 224.28, 973606, 16506
5230, 0, 2638, 2675, 2456, 898, 0.20%, 0, 60, 26, 223.83, 974773, 16507
5235, 0, 2638, 2675, 2456, 898, 0.20%, 0, 60, 26, 217.25, 975922, 16507
5240, 0, 2638, 2677, 2458, 898, 0.20%, 0, 61, 26, 4.69, 976821, 16507
5246, 0, 2638, 2678, 2459, 898, 0.20%, 0, 61, 26, 228.72, 978012, 16509
5252, 0, 2638, 2680, 2461, 898, 0.20%, 0, 62, 26, 43.21, 979167, 16510
5257, 0, 2638, 2680, 2461, 898, 0.20%, 0, 62, 26, 227.74, 980311, 16510
5262, 0, 2638, 2681, 2462, 898, 0.20%, 0, 62, 26, 224.28, 981474, 16511
5267, 0, 2638, 2682, 2463, 898, 0.20%, 0, 62, 26, 228.15, 982613, 16512
5272, 0, 2549, 2683, 2463, 902, 0.20%, 0, 62, 26, 218.06, 983514, 16513
5277, 0, 2552, 2691, 2470, 902, 0.20%, 0, 62, 26, 187.74, 984347, 16525
5282, 0, 2552, 2696, 2475, 902, 0.20%, 0, 64, 26, 188.82, 984870, 16596
5287, 0, 2552, 2699, 2478, 902, 0.20%, 0, 66, 26, 167.40, 985481, 16600
5293, 0, 2552, 2705, 2484, 902, 0.20%, 0, 66, 26, 183.22, 986435, 16602
5298, 0, 2552, 2708, 2487, 902, 0.20%, 0, 66, 26, 190.52, 987401, 16604
5304, 0, 2552, 2712, 2491, 902, 0.20%, 0, 67, 26, 12.21, 988204, 16605
5309, 0, 2552, 2714, 2493, 902, 0.20%, 0, 67, 26, 171.12, 989097, 16607
5314, 0, 2552, 2716, 2495, 902, 0.20%, 0, 68, 26, 171.00, 989817, 16609
5319, 0, 2552, 2720, 2499, 902, 0.20%, 0, 68, 26, 191.71, 990835, 16613
5324, 0, 2552, 2722, 2501, 902, 0.20%, 0, 70, 26, 186.36, 991391, 16614
5329, 0, 2552, 2724, 2503, 902, 0.20%, 0, 70, 26, 182.09, 992296, 16617
5334, 0, 2552, 2727, 2506, 902, 0.20%, 0, 70, 26, 186.07, 993226, 16625
5340, 0, 2692, 2727, 2505, 919, 0.20%, 0, 70, 26, 0.85, 994231, 16625
5345, 0, 2596, 2728, 2505, 918, 0.20%, 0, 70, 26, 226.47, 995417, 16626
5350, 0, 2596, 2728, 2505, 918, 0.20%, 0, 70, 26, 228.60, 996583, 16626
5355, 0, 2686, 2735, 2511, 918, 0.20%, 0, 70, 26, 185.67, 997390, 16628
5360, 0, 2686, 2737, 2513, 918, 0.20%, 0, 71, 26, 198.42, 998122, 16629
5365, 0, 2686, 2738, 2514, 918, 0.20%, 0, 73, 26, 214.18, 998758, 16630
5370, 0, 2686, 2741, 2517, 918, 0.20%, 0, 74, 26, 207.73, 999498, 16631
5376, 0, 2686, 2743, 2519, 918, 0.20%, 0, 75, 26, 19.82, 1000407, 16631
5381, 0, 2686, 2749, 2525, 918, 0.20%, 0, 75, 26, 213.36, 1001485, 16643
5386, 0, 2686, 2753, 2529, 918, 0.20%, 0, 75, 26, 223.69, 1002641, 16646
5392, 0, 2686, 2756, 2532, 918, 0.20%, 0, 75, 26, 225.75, 1003814, 16661
5397, 0, 2686, 2757, 2533, 918, 0.20%, 0, 75, 26, 217.13, 1004945, 16661
5402, 0, 2686, 2760, 2536, 918, 0.20%, 0, 76, 26, 223.16, 1005863, 16668
5407, 0, 2686, 2761, 2537, 918, 0.20%, 0, 77, 26, 221.21, 1006757, 16668
5412, 0, 2755, 2761, 2536, 926, 0.20%, 0, 77, 26, 2.68, 1007695, 16668
5417, 0, 2729, 2761, 2534, 924, 0.20%, 0, 77, 26, 214.40, 1008661, 16668
5423, 0, 2729, 2764, 2537, 924, 0.20%, 0, 78, 26, 33.23, 1009735, 16672
5429, 0, 2729, 2764, 2537, 924, 0.20%, 0, 79, 26, 218.19, 1010604, 16672
5434, 0, 2729, 2766, 2539, 924, 0.20%, 0, 80, 26, 216.32, 1011483, 16672
5439, 0, 2729, 2769, 2542, 924, 0.20%, 0, 80, 26, 227.27, 1012668, 16674
5444, 0, 2729, 2770, 2543, 924, 0.20%, 0, 80, 26, 211.18, 1013739, 16674
5449, 0, 2729, 2772, 2545, 924, 0.20%, 0, 80, 26, 213.48, 1014801, 16682
5454, 0, 2729, 2774, 2547, 924, 0.20%, 0, 80, 26, 219.02, 1015895, 16683
5459, 0, 2729, 2774, 2547, 924, 0.20%, 0, 81, 26, 203.86, 1016836, 16683
5464, 0, 2729, 2777, 2550, 924, 0.20%, 0, 82, 26, 218.26, 1017726, 16701
5469, 0, 2729, 2777, 2550, 924, 0.20%, 0, 82, 26, 227.98, 1018882, 16701
5475, 0, 2672, 2778, 2549, 933, 0.20%, 0, 82, 27, 179.88, 1019693, 16707
5480, 0, 2672, 2782, 2553, 933, 0.20%, 0, 82, 27, 189.43, 1020657, 16727
5485, 0, 2672, 2783, 2554, 933, 0.20%, 0, 82, 27, 194.06, 1021636, 16728
5490, 0, 2672, 2785, 2556, 933, 0.20%, 0, 83, 27, 206.98, 1022492, 16729
5495, 0, 2672, 2786, 2557, 933, 0.20%, 0, 83, 27, 211.68, 1023571, 16730
5500, 0, 2672, 2789, 2560, 933, 0.20%, 0, 83, 27, 216.91, 1024672, 16730
5505, 0, 2672, 2790, 2561, 933, 0.20%, 0, 84, 27, 207.66, 1025516, 16732
5510, 0, 2672, 2792, 2563, 933, 0.20%, 0, 84, 27, 214.14, 1026602, 16734
5515, 0, 2672, 2794, 2565, 933, 0.20%, 0, 84, 27, 211.95, 1027696, 16780
5520, 0, 2672, 2794, 2565, 933, 0.20%, 0, 84, 27, 216.50, 1028796, 16780
5525, 0, 2672, 2796, 2567, 933, 0.20%, 0, 84, 27, 207.41, 1029838, 16781
5530, 0, 2672, 2797, 2568, 933, 0.20%, 0, 84, 27, 204.99, 1030889, 16781
5535, 0, 2672, 2798, 2569, 933, 0.20%, 0, 84, 27, 202.04, 1031891, 16782
5540, 0, 2672, 2799, 2570, 933, 0.20%, 0, 84, 27, 201.26, 1032909, 16782
5546, 0, 2765, 2800, 2570, 936, 0.20%, 0, 84, 27, 196.31, 1033671, 16782
5551, 0, 2765, 2803, 2573, 936, 0.20%, 0, 84, 27, 198.35, 1034664, 16783
5556, 0, 2765, 2804, 2574, 936, 0.20%, 0, 84, 27, 201.93, 1035687, 16783
5561, 0, 2765, 2805, 2575, 936, 0.20%, 0, 84, 27, 196.93, 1036667, 16784
5566, 0, 2765, 2805, 2575, 936, 0.20%, 0, 84, 27, 198.50, 1037690, 16784
5571, 0, 2765, 2807, 2577, 936, 0.20%, 0, 84, 27, 197.59, 1038709, 16787
5576, 0, 2765, 2807, 2577, 936, 0.20%, 0, 84, 27, 198.49, 1039753, 16787
5582, 0, 2765, 2809, 2579, 936, 0.20%, 0, 84, 27, 198.07, 1040784, 16789
5587, 0, 2765, 2809, 2579, 936, 0.20%, 0, 84, 27, 196.34, 1041804, 16789
5592, 0, 2765, 2810, 2580, 936, 0.20%, 0, 84, 27, 197.19, 1042804, 16789
5597, 0, 2765, 2812, 2582, 936, 0.20%, 0, 84, 27, 197.90, 1043838, 16791
5602, 0, 2765, 2813, 2583, 936, 0.20%, 0, 84, 27, 196.18, 1044841, 16792
5607, 0, 2765, 2814, 2584, 936, 0.20%, 0, 84, 27, 211.93, 1045941, 16793
5613, 0, 2602, 2815, 2583, 943, 0.20%, 0, 84, 27, 201.16, 1046806, 16795
5618, 0, 2602, 2817, 2585, 943, 0.20%, 0, 84, 27, 191.09, 1047767, 16798
5623, 0, 2767, 2818, 2585, 945, 0.20%, 0, 84, 27, 27.94, 1048691, 16799
5628, 0, 2767, 2820, 2587, 945, 0.20%, 0, 84, 27, 199.20, 1049693, 16800
5633, 0, 2767, 2821, 2588, 945, 0.20%, 0, 84, 27, 210.93, 1050793, 16801
5638, 0, 2767, 2822, 2589, 945, 0.20%, 0, 84, 27, 211.11, 1051864, 16801
5644, 0, 2767, 2823, 2590, 945, 0.20%, 0, 84, 27, 207.99, 1052955, 16801
5649, 0, 2767, 2823, 2590, 945, 0.20%, 0, 84, 27, 218.86, 1054051, 16801
5654, 0, 2767, 2824, 2591, 945, 0.20%, 0, 84, 27, 212.60, 1055178, 16801
5659, 0, 2767, 2824, 2591, 945, 0.20%, 0, 84, 27, 195.08, 1056100, 16801
5664, 0, 2767, 2825, 2592, 945, 0.20%, 0, 84, 27, 213.97, 1057202, 16805
5669, 0, 2767, 2825, 2592, 945, 0.20%, 0, 84, 27, 217.39, 1058306, 16805
5674, 0, 2767, 2826, 2593, 945, 0.20%, 0, 84, 27, 220.72, 1059421, 16806
5679, 0, 2767, 2826, 2593, 945, 0.20%, 0, 84, 27, 218.60, 1060553, 16806
5684, 0, 2767, 2827, 2594, 945, 0.20%, 0, 84, 27, 219.85, 1061697, 16806
5689, 0, 2778, 2828, 2594, 945, 0.20%, 0, 84, 28, 208.12, 1062573, 16808
5695, 0, 2778, 2830, 2596, 945, 0.20%, 0, 84, 28, 214.41, 1063695, 16810
5700, 0, 2778, 2832, 2598, 945, 0.20%, 0, 84, 28, 213.29, 1064753, 16815
5705, 0, 2778, 2832, 2598, 945, 0.20%, 0, 84, 28, 215.89, 1065885, 16815
5710, 0, 2778, 2832, 2598, 945, 0.20%, 0, 84, 28, 218.64, 1067025, 16815
5715, 0, 2778, 2833, 2599, 945, 0.20%, 0, 85, 28, 220.00, 1067905, 16816
5720, 0, 2778, 2834, 2600, 945, 0.20%, 0, 85, 28, 216.91, 1068992, 16817
5725, 0, 2778, 2836, 2602, 945, 0.20%, 0, 85, 28, 219.40, 1070106, 16818
5730, 0, 2778, 2839, 2605, 945, 0.20%, 0, 85, 28, 218.34, 1071207, 16826
5736, 0, 2778, 2839, 2605, 945, 0.20%, 0, 85, 28, 220.83, 1072363, 16826
5741, 0, 2778, 2840, 2606, 945, 0.20%, 0, 85, 28, 220.31, 1073470, 16827
5746, 0, 2778, 2840, 2606, 945, 0.20%, 0, 85, 28, 219.84, 1074580, 16827
5751, 0, 2778, 2840, 2606, 945, 0.20%, 0, 85, 28, 223.95, 1075708, 16827
5756, 0, 2115, 2841, 2605, 945, 0.20%, 0, 85, 28, 209.86, 1076530, 16830
5761, 0, 2716, 2843, 2606, 945, 0.20%, 0, 85, 28, 227.52, 1077429, 16832
5766, 0, 2677, 2847, 2609, 944, 0.20%, 0, 85, 28, 215.36, 1078364, 16838
5771, 0, 2677, 2854, 2616, 944, 0.20%, 0, 85, 28, 215.90, 1079453, 16847
5776, 0, 2677, 2856, 2618, 944, 0.20%, 0, 85, 28, 218.34, 1080555, 16852
5781, 0, 2677, 2857, 2619, 944, 0.20%, 0, 85, 28, 214.32, 1081622, 16855
5786, 0, 2677, 2859, 2621, 944, 0.20%, 0, 85, 28, 215.37, 1082720, 16857
5791, 0, 2677, 2861, 2623, 944, 0.20%, 0, 85, 28, 219.85, 1083842, 16859
5796, 0, 2677, 2862, 2624, 944, 0.20%, 0, 85, 28, 219.44, 1084941, 16859
5801, 0, 2677, 2865, 2627, 944, 0.20%, 0, 85, 28, 220.91, 1086082, 16862
5806, 0, 2646, 2866, 2626, 961, 0.20%, 0, 85, 28, 190.36, 1086903, 16862
5811, 0, 2646, 2867, 2627, 961, 0.20%, 0, 85, 28, 208.29, 1087958, 16862
5817, 0, 2646, 2868, 2628, 961, 0.20%, 0, 85, 28, 215.45, 1089057, 16863
5822, 0, 2646, 2868, 2628, 961, 0.20%, 0, 85, 28, 220.01, 1090193, 16863
5827, 0, 2646, 2869, 2629, 961, 0.20%, 0, 85, 28, 219.21, 1091300, 16863
5832, 0, 2646, 2870, 2630, 961, 0.20%, 0, 86, 28, 211.99, 1092044, 16863
5837, 0, 2646, 2870, 2630, 961, 0.20%, 0, 86, 28, 214.82, 1093168, 16863
5842, 0, 2646, 2870, 2630, 961, 0.20%, 0, 86, 28, 217.17, 1094256, 16863
5847, 0, 2646, 2871, 2631, 961, 0.20%, 0, 86, 28, 218.15, 1095339, 16863
5852, 0, 2646, 2871, 2631, 961, 0.20%, 0, 86, 28, 207.71, 1096394, 16863
5858, 0, 2630, 2871, 2630, 960, 0.20%, 0, 86, 28, 10.99, 1097388, 16863
5863, 0, 2630, 2874, 2633, 960, 0.20%, 0, 86, 28, 209.68, 1098474, 16869
5869, 0, 2630, 2877, 2636, 960, 0.20%, 0, 86, 28, 215.81, 1099603, 16870
5874, 0, 2630, 2878, 2637, 960, 0.20%, 0, 86, 28, 214.07, 1100678, 16873
5879, 0, 2630, 2882, 2641, 960, 0.20%, 0, 86, 28, 213.05, 1101746, 16876
5884, 0, 2630, 2884, 2643, 960, 0.20%, 0, 86, 28, 217.28, 1102884, 16878
5889, 0, 2630, 2885, 2644, 960, 0.20%, 0, 86, 28, 219.13, 1103983, 16878
5894, 0, 2630, 2889, 2648, 960, 0.20%, 0, 86, 28, 217.29, 1105079, 16881
5899, 0, 2630, 2891, 2650, 960, 0.20%, 0, 86, 28, 217.56, 1106171, 16883
5904, 0, 2645, 2892, 2650, 973, 0.20%, 0, 86, 28, 219.46, 1106990, 16883
5909, 0, 2727, 2895, 2652, 973, 0.20%, 0, 86, 28, 62.11, 1107916, 16887
5914, 0, 2727, 2907, 2664, 973, 0.20%, 0, 86, 28, 183.85, 1109005, 16901
5919, 0, 2727, 2912, 2669, 973, 0.20%, 0, 86, 28, 209.94, 1110090, 16908
5924, 0, 2727, 2916, 2673, 973, 0.20%, 0, 86, 28, 217.02, 1111222, 16912
5929, 0, 2727, 2919, 2676, 973, 0.20%, 0, 86, 28, 216.63, 1112307, 16916
5934, 0, 2727, 2921, 2678, 973, 0.20%, 0, 86, 28, 219.02, 1113449, 16918
5939, 0, 2727, 2928, 2685, 973, 0.20%, 0, 86, 28, 210.40, 1114490, 16926
5945, 0, 2727, 2929, 2686, 973, 0.20%, 0, 86, 28, 214.65, 1115617, 16926
5950, 0, 2694, 2930, 2686, 1004, 0.20%, 0, 86, 28, 5.20, 1116576, 16928
5955, 0, 2694, 2934, 2690, 1004, 0.20%, 0, 87, 28, 135.13, 1117099, 16928
5961, 0, 2694, 2937, 2693, 1004, 0.20%, 0, 87, 28, 131.08, 1117755, 16928
5966, 0, 2694, 2939, 2695, 1004, 0.20%, 0, 87, 28, 134.60, 1118399, 16928
5971, 0, 2694, 2942, 2698, 1004, 0.20%, 0, 88, 28, 141.28, 1118873, 16928
5976, 0, 2694, 2946, 2702, 1004, 0.20%, 0, 88, 28, 146.83, 1119617, 16931
5981, 0, 2694, 2946, 2702, 1004, 0.20%, 0, 89, 28, 142.92, 1120177, 16931
5986, 0, 2694, 2948, 2704, 1004, 0.20%, 0, 89, 28, 136.10, 1120820, 16931
5991, 0, 2694, 2950, 2706, 1004, 0.20%, 0, 89, 28, 131.94, 1121454, 16931
5996, 0, 2694, 2952, 2708, 1004, 0.20%, 0, 90, 28, 147.68, 1122015, 16938
6002, 0, 2694, 2954, 2710, 1004, 0.20%, 0, 91, 28, 13.05, 1122684, 16938
6007, 0, 2694, 2956, 2712, 1004, 0.20%, 0, 91, 28, 126.10, 1123370, 16939
6013, 0, 2694, 2957, 2713, 1004, 0.20%, 0, 92, 28, 11.82, 1123861, 16939
6018, 0, 2694, 2958, 2714, 1004, 0.20%, 0, 92, 28, 133.07, 1124580, 16939
6023, 0, 2694, 2959, 2715, 1004, 0.20%, 0, 93, 28, 157.31, 1125131, 16939
6028, 0, 2694, 2959, 2715, 1004, 0.20%, 0, 94, 28, 111.54, 1125731, 16939
6033, 0, 2694, 2960, 2716, 1004, 0.20%, 0, 94, 28, 124.65, 1126408, 16939
6038, 0, 2694, 2961, 2717, 1004, 0.20%, 0, 94, 28, 134.22, 1127117, 16940
6043, 0, 2694, 2962, 2718, 1004, 0.20%, 0, 95, 28, 139.47, 1127735, 16940
6049, 0, 2694, 2962, 2718, 1004, 0.20%, 0, 95, 28, 137.47, 1128433, 16940
6054, 0, 2694, 2963, 2719, 1004, 0.20%, 0, 95, 28, 142.15, 1129160, 16940
6059, 0, 2694, 2965, 2721, 1004, 0.20%, 0, 96, 28, 130.06, 1129775, 16944
6064, 0, 1568, 2965, 2719, 1011, 0.20%, 0, 96, 28, 217.93, 1130600, 16944
6069, 0, 2147, 2966, 2719, 1010, 0.20%, 0, 96, 28, 185.76, 1131516, 16944
6074, 0, 2147, 2968, 2721, 1010, 0.20%, 0, 96, 28, 177.24, 1132430, 16944
6079, 0, 2147, 2969, 2722, 1010, 0.20%, 0, 96, 28, 177.49, 1133308, 16945
6084, 0, 2147, 2970, 2723, 1010, 0.20%, 0, 96, 28, 173.13, 1134158, 16945
6089, 0, 2147, 2970, 2723, 1010, 0.20%, 0, 96, 28, 182.42, 1135079, 16945
6094, 0, 2147, 2970, 2723, 1010, 0.20%, 0, 96, 28, 182.57, 1136006, 16945
6100, 0, 2147, 2971, 2724, 1010, 0.20%, 0, 96, 28, 184.41, 1136928, 16946
6105, 0, 2147, 2971, 2724, 1010, 0.20%, 0, 96, 28, 177.61, 1137813, 16946
6110, 0, 2147, 2976, 2729, 1010, 0.20%, 0, 96, 28, 178.36, 1138682, 16950
6115, 0, 2147, 2977, 2730, 1010, 0.20%, 0, 96, 28, 182.03, 1139601, 16950
6120, 0, 2147, 2978, 2731, 1010, 0.20%, 0, 96, 28, 177.86, 1140523, 16951
6125, 0, 2147, 2979, 2732, 1010, 0.20%, 0, 96, 28, 175.88, 1141400, 16952
6130, 0, 2147, 2979, 2732, 1010, 0.20%, 0, 96, 28, 176.70, 1142300, 16952
6135, 0, 2147, 2980, 2733, 1010, 0.20%, 0, 96, 28, 179.56, 1143192, 16952
6140, 0, 2147, 2981, 2734, 1010, 0.20%, 0, 96, 28, 195.73, 1144159, 16952
6145, 0, 2950, 2985, 2737, 1011, 0.20%, 0, 96, 28, 172.13, 1144876, 16952
6150, 0, 2950, 2990, 2742, 1011, 0.20%, 0, 96, 28, 176.72, 1145757, 16952
6155, 0, 2950, 2994, 2746, 1011, 0.20%, 0, 96, 28, 173.12, 1146619, 16954
6160, 0, 2950, 2996, 2748, 1011, 0.20%, 0, 97, 28, 187.19, 1147365, 16956
6165, 0, 2950, 2997, 2749, 1011, 0.20%, 0, 97, 28, 185.70, 1148345, 16956
6170, 0, 2950, 2999, 2751, 1011, 0.20%, 0, 98, 28, 169.61, 1149074, 16960
6175, 0, 2950, 2999, 2751, 1011, 0.20%, 0, 99, 28, 182.05, 1149840, 16960
6181, 0, 2950, 3003, 2755, 1011, 0.20%, 0, 100, 28, 14.13, 1150580, 16961
6186, 0, 2950, 3004, 2756, 1011, 0.20%, 0, 100, 28, 182.66, 1151499, 16963
6191, 0, 2950, 3005, 2757, 1011, 0.20%, 0, 100, 28, 189.37, 1152448, 16963
6196, 0, 2950, 3006, 2758, 1011, 0.20%, 0, 101, 28, 169.99, 1153206, 16963
6201, 0, 2950, 3006, 2758, 1011, 0.20%, 0, 101, 28, 178.01, 1154124, 16963
6206, 0, 2950, 3009, 2761, 1011, 0.20%, 0, 101, 28, 177.24, 1155042, 16963
6211, 0, 2950, 3009, 2761, 1011, 0.20%, 0, 101, 28, 187.51, 1156002, 16963
6216, 0, 2950, 3009, 2761, 1011, 0.20%, 0, 101, 28, 180.19, 1156938, 16963
6221, 0, 2950, 3010, 2762, 1011, 0.20%, 0, 101, 28, 189.58, 1157856, 16964
6226, 0, 2737, 3010, 2760, 1017, 0.20%, 0, 101, 28, 201.51, 1158690, 16964
6232, 0, 2865, 3010, 2759, 1016, 0.20%, 0, 102, 28, 30.06, 1159417, 16964
6237, 0, 2865, 3013, 2762, 1016, 0.20%, 0, 104, 28, 30.38, 1160000, 16964
6242, 0, 2865, 3019, 2768, 1016, 0.20%, 0, 104, 28, 207.53, 1161054, 16967
6247, 0, 2865, 3019, 2768, 1016, 0.20%, 0, 104, 28, 209.94, 1162146, 16967
6252, 0, 2865, 3019, 2768, 1016, 0.20%, 0, 104, 28, 214.03, 1163258, 16967
6257, 0, 2865, 3019, 2768, 1016, 0.20%, 0, 104, 28, 216.62, 1164382, 16967
6262, 0, 2865, 3021, 2770, 1016, 0.20%, 0, 104, 28, 210.33, 1165432, 16969
6268, 0, 2865, 3021, 2770, 1016, 0.20%, 0, 105, 28, 215.00, 1166296, 16969
6273, 0, 2865, 3024, 2773, 1016, 0.20%, 0, 105, 28, 206.19, 1167354, 16971
6278, 0, 2865, 3024, 2773, 1016, 0.20%, 0, 106, 28, 224.03, 1168255, 16971
6283, 0, 2865, 3024, 2773, 1016, 0.20%, 0, 106, 28, 216.77, 1169383, 16971
6289, 0, 2865, 3025, 2774, 1016, 0.20%, 0, 107, 28, 14.98, 1170451, 16972
6294, 0, 2865, 3026, 2775, 1016, 0.20%, 0, 107, 28, 215.16, 1171577, 16972
6300, 0, 3021, 3026, 2774, 1019, 0.20%, 0, 107, 28, 18.59, 1172605, 16972
6306, 0, 2834, 3029, 2776, 1018, 0.20%, 0, 107, 29, 4.68, 1173030, 17036
6311, 0, 2834, 3029, 2776, 1018, 0.20%, 0, 108, 29, 2.83, 1173419, 17036
6317, 0, 2834, 3029, 2776, 1018, 0.20%, 0, 109, 29, 189.34, 1173752, 17036
6322, 0, 2834, 3030, 2777, 1018, 0.20%, 0, 109, 29, 55.45, 1174224, 17036
6328, 0, 2834, 3030, 2777, 1018, 0.20%, 0, 109, 29, 30.15, 1174516, 17036
6334, 0, 2834, 3032, 2779, 1018, 0.20%, 0, 110, 29, 30.02, 1174942, 17036
6339, 0, 2834, 3034, 2781, 1018, 0.20%, 0, 111, 29, 11.31, 1175599, 17037
6344, 0, 2834, 3036, 2783, 1018, 0.20%, 0, 111, 29, 182.05, 1176543, 17038
6350, 0, 2834, 3036, 2783, 1018, 0.20%, 0, 111, 29, 211.82, 1176887, 17038
6355, 0, 2834, 3037, 2784, 1018, 0.20%, 0, 111, 29, 188.55, 1177698, 17038
6360, 0, 2834, 3039, 2786, 1018, 0.20%, 0, 112, 29, 190.56, 1178302, 17043
6366, 0, 2834, 3039, 2786, 1018, 0.20%, 0, 113, 29, 20.94, 1178859, 17043
6371, 0, 2834, 3039, 2786, 1018, 0.20%, 0, 113, 29, 3.59, 1179245, 17043
6376, 0, 2834, 3039, 2786, 1018, 0.20%, 0, 113, 29, 188.92, 1179931, 17043
6381, 0, 2834, 3039, 2786, 1018, 0.20%, 0, 114, 29, 205.30, 1180519, 17043
6386, 0, 2834, 3041, 2788, 1018, 0.20%, 0, 114, 29, 191.76, 1181164, 17044
6391, 0, 2834, 3042, 2789, 1018, 0.20%, 0, 114, 29, 172.32, 1182011, 17044
6396, 0, 2834, 3044, 2791, 1018, 0.20%, 0, 114, 29, 176.86, 1182785, 17044
6401, 0, 2834, 3044, 2791, 1018, 0.20%, 0, 114, 29, 171.92, 1183512, 17044
6407, 0, 2834, 3046, 2793, 1018, 0.20%, 0, 114, 29, 180.71, 1184453, 17044
6412, 0, 2834, 3047, 2794, 1018, 0.20%, 0, 116, 29, 212.40, 1185003, 17044
6417, 0, 2091, 3048, 2793, 1022, 0.20%, 0, 116, 29, 192.51, 1185831, 17045
6422, 0, 2091, 3055, 2800, 1022, 0.20%, 0, 116, 29, 211.54, 1186901, 17052
6427, 0, 2091, 3059, 2804, 1022, 0.20%, 0, 116, 29, 201.15, 1187921, 17056
6432, 0, 2091, 3060, 2805, 1022, 0.20%, 0, 116, 29, 207.98, 1188976, 17057
6437, 0, 2091, 3061, 2806, 1022, 0.20%, 0, 116, 29, 217.64, 1190087, 17058
6442, 0, 2091, 3062, 2807, 1022, 0.20%, 0, 116, 29, 210.60, 1191154, 17058
6447, 0, 2091, 3065, 2810, 1022, 0.20%, 0, 116, 29, 210.17, 1192251, 17061
6452, 0, 2091, 3066, 2811, 1022, 0.20%, 0, 116, 29, 216.03, 1193346, 17062
6457, 0, 2091, 3068, 2813, 1022, 0.20%, 0, 116, 29, 216.40, 1194472, 17064
6462, 0, 2091, 3071, 2816, 1022, 0.20%, 0, 116, 29, 212.46, 1195529, 17067
6468, 0, 2091, 3073, 2818, 1022, 0.20%, 0, 116, 29, 215.50, 1196651, 17068
6473, 0, 2091, 3073, 2818, 1022, 0.20%, 0, 116, 29, 209.68, 1197703, 17068
6478, 0, 2091, 3075, 2820, 1022, 0.20%, 0, 116, 29, 189.63, 1198670, 17069
6483, 0, 3045, 3076, 2820, 1045, 0.20%, 0, 116, 30, 189.61, 1199399, 17070
6488, 0, 3045, 3080, 2824, 1045, 0.20%, 0, 116, 30, 191.08, 1200336, 17082
6493, 0, 3045, 3083, 2827, 1045, 0.20%, 0, 116, 30, 194.60, 1201326, 17083
6498, 0, 3045, 3085, 2829, 1045, 0.20%, 0, 116, 30, 182.95, 1202252, 17083
6503, 0, 3045, 3085, 2829, 1045, 0.20%, 0, 116, 30, 202.03, 1203328, 17083
6508, 0, 3045, 3085, 2829, 1045, 0.20%, 0, 117, 30, 207.92, 1204207, 17083
6514, 0, 3045, 3087, 2831, 1045, 0.20%, 0, 118, 30, 15.15, 1205056, 17085
6519, 0, 3045, 3088, 2832, 1045, 0.20%, 0, 118, 30, 197.79, 1206055, 17085
6524, 0, 3045, 3090, 2834, 1045, 0.20%, 0, 118, 30, 195.05, 1207044, 17085
6529, 0, 3045, 3091, 2835, 1045, 0.20%, 0, 119, 30, 214.42, 1207893, 17085
6534, 0, 3045, 3096, 2840, 1045, 0.20%, 0, 119, 30, 216.27, 1208972, 17087
6539, 0, 3045, 3098, 2842, 1045, 0.20%, 0, 119, 30, 196.95, 1209954, 17093
6544, 0, 3045, 3098, 2842, 1045, 0.20%, 0, 119, 30, 201.79, 1210970, 17093
6549, 0, 3045, 3099, 2843, 1045, 0.20%, 0, 119, 30, 199.15, 1211962, 17093
6554, 0, 3087, 3099, 2842, 1051, 0.20%, 0, 119, 30, 148.51, 1212751, 17093
6561, 0, 2905, 3100, 2841, 1049, 0.20%, 0, 119, 30, 18.26, 1213750, 17093
6566, 0, 2981, 3101, 2841, 1048, 0.20%, 0, 119, 30, 199.34, 1214549, 17093
6571, 0, 2981, 3102, 2842, 1048, 0.20%, 0, 119, 30, 203.49, 1215589, 17093
6576, 0, 2981, 3102, 2842, 1048, 0.20%, 0, 119, 30, 199.50, 1216598, 17093
6581, 0, 3093, 3103, 2841, 1047, 0.20%, 0, 120, 31, 184.16, 1217230, 17093
6586, 0, 3093, 3107, 2845, 1047, 0.20%, 0, 121, 31, 202.13, 1217999, 17093
6591, 0, 3093, 3107, 2845, 1047, 0.20%, 0, 122, 31, 211.37, 1218848, 17093
6596, 0, 3093, 3109, 2847, 1047, 0.20%, 0, 123, 31, 200.84, 1219651, 17093
6601, 0, 3093, 3111, 2849, 1047, 0.20%, 0, 123, 31, 186.46, 1220601, 17094
6607, 0, 3093, 3112, 2850, 1047, 0.20%, 0, 123, 31, 200.01, 1221668, 17095
6612, 0, 3093, 3112, 2850, 1047, 0.20%, 0, 123, 31, 205.06, 1222704, 17095
6617, 0, 3093, 3114, 2852, 1047, 0.20%, 0, 123, 31, 209.91, 1223782, 17095
6622, 0, 3093, 3116, 2854, 1047, 0.20%, 0, 123, 31, 211.58, 1224840, 17095
6627, 0, 3093, 3118, 2856, 1047, 0.20%, 0, 123, 31, 210.36, 1225890, 17096
6632, 0, 3093, 3120, 2858, 1047, 0.20%, 0, 123, 31, 211.17, 1226952, 17096
6637, 0, 3093, 3121, 2859, 1047, 0.20%, 0, 123, 31, 210.81, 1228031, 17096
6642, 0, 3093, 3125, 2863, 1047, 0.20%, 0, 123, 31, 197.66, 1229040, 17102
6647, 0, 3093, 3125, 2863, 1047, 0.20%, 0, 123, 31, 225.03, 1230237, 17102
6652, 0, 3018, 3126, 2863, 1053, 0.20%, 0, 123, 31, 222.45, 1231133, 17102
6657, 0, 3018, 3126, 2863, 1053, 0.20%, 0, 123, 31, 222.87, 1232245, 17102
6663, 0, 2818, 3126, 2862, 1052, 0.20%, 0, 123, 31, 19.45, 1233256, 17102
6668, 0, 2818, 3129, 2865, 1052, 0.20%, 0, 123, 31, 200.49, 1234294, 17115
6673, 0, 2818, 3132, 2868, 1052, 0.20%, 0, 123, 31, 211.39, 1235371, 17129
6678, 0, 2818, 3135, 2871, 1052, 0.20%, 0, 123, 31, 205.05, 1236428, 17131
6683, 0, 2818, 3135, 2871, 1052, 0.20%, 0, 123, 31, 201.10, 1237469, 17131
6688, 0, 2818, 3136, 2872, 1052, 0.20%, 0, 123, 31, 193.84, 1238434, 17131
6693, 0, 2818, 3140, 2876, 1052, 0.20%, 0, 123, 31, 205.04, 1239524, 17132
6698, 0, 2818, 3142, 2878, 1052, 0.20%, 0, 123, 31, 205.74, 1240586, 17132
6703, 0, 2818, 3143, 2879, 1052, 0.20%, 0, 123, 31, 205.87, 1241613, 17134
6709, 0, 2818, 3146, 2882, 1052, 0.20%, 0, 123, 31, 214.01, 1242698, 17138
6714, 0, 2818, 3148, 2884, 1052, 0.20%, 0, 123, 31, 203.07, 1243712, 17140
6719, 0, 2818, 3150, 2886, 1052, 0.20%, 0, 123, 31, 193.05, 1244658, 17142
6724, 0, 2818, 3151, 2887, 1052, 0.20%, 0, 123, 31, 214.86, 1245776, 17144
6729, 0, 2818, 3151, 2887, 1052, 0.20%, 0, 123, 31, 210.71, 1246831, 17144
6734, 0, 195, 3151, 2885, 1057, 0.20%, 0, 123, 31, 210.35, 1247655, 17144
6739, 0, 3011, 3156, 2889, 1057, 0.20%, 0, 123, 31, 198.15, 1248494, 17147
6744, 0, 3011, 3160, 2893, 1057, 0.20%, 0, 123, 31, 176.07, 1249304, 17155
6749, 0, 3011, 3163, 2896, 1057, 0.20%, 0, 123, 31, 210.00, 1250205, 17158
6754, 0, 3011, 3163, 2896, 1057, 0.20%, 0, 123, 31, 191.25, 1251160, 17158
6760, 0, 3011, 3165, 2898, 1057, 0.20%, 0, 123, 31, 202.84, 1252231, 17159
6765, 0, 3011, 3168, 2901, 1057, 0.20%, 0, 123, 31, 194.78, 1253187, 17159
6770, 0, 3011, 3169, 2902, 1057, 0.20%, 0, 123, 31, 194.62, 1254193, 17159
6775, 0, 3011, 3172, 2905, 1057, 0.20%, 0, 123, 31, 191.04, 1255162, 17164
6780, 0, 3011, 3172, 2905, 1057, 0.20%, 0, 123, 31, 191.02, 1256113, 17164
6785, 0, 3011, 3175, 2908, 1057, 0.20%, 0, 123, 31, 192.21, 1257115, 17171
6790, 0, 3011, 3175, 2908, 1057, 0.20%, 0, 123, 31, 193.72, 1258037, 17171
6795, 0, 3011, 3179, 2912, 1057, 0.20%, 0, 123, 31, 188.12, 1258977, 17175
6800, 0, 3011, 3180, 2913, 1057, 0.20%, 0, 123, 31, 188.82, 1259904, 17176
6805, 0, 3011, 3181, 2914, 1057, 0.20%, 0, 123, 31, 192.52, 1260892, 17176
6811, 0, 2122, 3181, 2912, 1066, 0.20%, 0, 123, 31, 205.42, 1261680, 17176
6816, 0, 3168, 3183, 2913, 1065, 0.20%, 0, 123, 31, 177.52, 1262546, 17176
6821, 0, 3168, 3184, 2914, 1065, 0.20%, 0, 123, 31, 202.01, 1263612, 17178
6826, 0, 3168, 3184, 2914, 1065, 0.20%, 0, 124, 31, 198.28, 1264444, 17178
6831, 0, 3168, 3186, 2916, 1065, 0.20%, 0, 124, 31, 218.03, 1265587, 17178
6837, 0, 3168, 3189, 2919, 1065, 0.20%, 0, 125, 31, 4.69, 1266445, 17181
6842, 0, 3168, 3191, 2921, 1065, 0.20%, 0, 126, 31, 220.29, 1267364, 17183
6847, 0, 3168, 3191, 2921, 1065, 0.20%, 0, 126, 31, 224.87, 1268540, 17183
6852, 0, 3168, 3194, 2924, 1065, 0.21%, 0, 126, 31, 224.79, 1269701, 17200
6857, 0, 3168, 3195, 2925, 1065, 0.21%, 0, 126, 31, 217.13, 1270772, 17200
6862, 0, 3168, 3196, 2926, 1065, 0.21%, 0, 126, 31, 198.28, 1271795, 17200
6867, 0, 3168, 3198, 2928, 1065, 0.21%, 0, 126, 31, 206.04, 1272813, 17203
6872, 0, 3168, 3200, 2930, 1065, 0.21%, 0, 126, 31, 211.73, 1273879, 17204
6877, 0, 3168, 3201, 2931, 1065, 0.21%, 0, 126, 31, 206.20, 1274944, 17204
6883, 0, 3192, 3202, 2931, 1073, 0.21%, 0, 126, 31, 24.54, 1275837, 17207
6888, 0, 1042, 3202, 2930, 1072, 0.21%, 0, 126, 31, 197.50, 1276950, 17207
6893, 0, 3126, 3204, 2931, 1071, 0.21%, 0, 126, 31, 201.08, 1277802, 17214
6898, 0, 3126, 3206, 2933, 1071, 0.21%, 0, 126, 31, 189.46, 1278710, 17214
6903, 0, 3126, 3207, 2934, 1071, 0.21%, 0, 126, 31, 201.52, 1279743, 17215
6908, 0, 3126, 3210, 2937, 1071, 0.21%, 0, 126, 31, 206.59, 1280796, 17225
6914, 0, 3126, 3213, 2940, 1071, 0.21%, 0, 126, 31, 210.78, 1281905, 17232
6919, 0, 3126, 3213, 2940, 1071, 0.21%, 0, 128, 31, 18.57, 1282595, 17232
6924, 0, 3126, 3213, 2940, 1071, 0.21%, 0, 129, 31, 215.17, 1283448, 17232
6929, 0, 3126, 3214, 2941, 1071, 0.21%, 0, 129, 31, 216.15, 1284571, 17232
6934, 0, 3126, 3215, 2942, 1071, 0.21%, 0, 129, 31, 225.27, 1285746, 17235
6939, 0, 3126, 3216, 2943, 1071, 0.21%, 0, 130, 31, 217.94, 1286618, 17237
6944, 0, 3126, 3217, 2944, 1071, 0.21%, 0, 130, 31, 220.48, 1287741, 17238
6950, 0, 3126, 3217, 2944, 1071, 0.21%, 0, 130, 31, 209.22, 1288833, 17238
6955, 0, 3126, 3218, 2945, 1071, 0.21%, 0, 130, 31, 213.16, 1289906, 17238
6960, 0, 906, 3218, 2943, 1076, 0.21%, 0, 130, 31, 212.87, 1290742, 17238
6965, 0, 3214, 3219, 2943, 1075, 0.21%, 0, 130, 31, 212.06, 1291764, 17238
6970, 0, 3214, 3223, 2947, 1075, 0.21%, 0, 130, 31, 219.84, 1292856, 17240
6975, 0, 3214, 3223, 2947, 1075, 0.21%, 0, 130, 31, 221.47, 1293936, 17240
6980, 0, 3214, 3225, 2949, 1075, 0.21%, 0, 130, 31, 223.65, 1295094, 17242
6985, 0, 3214, 3226, 2950, 1075, 0.21%, 0, 130, 31, 217.00, 1296242, 17242
6990, 0, 3214, 3227, 2951, 1075, 0.21%, 0, 131, 31, 228.28, 1297110, 17244
6995, 0, 3214, 3227, 2951, 1075, 0.21%, 0, 131, 31, 217.44, 1298206, 17244
7001, 0, 3214, 3229, 2953, 1075, 0.21%, 0, 131, 31, 201.61, 1299188, 17261
7006, 0, 3214, 3230, 2954, 1075, 0.21%, 0, 131, 31, 217.69, 1300299, 17262
7011, 0, 3214, 3231, 2955, 1075, 0.21%, 0, 131, 31, 218.74, 1301402, 17263
7016, 0, 3214, 3234, 2958, 1075, 0.21%, 0, 131, 31, 209.84, 1302447, 17265
7021, 0, 3214, 3234, 2958, 1075, 0.21%, 0, 131, 31, 210.18, 1303495, 17265
7026, 0, 3214, 3234, 2958, 1075, 0.21%, 0, 131, 31, 206.91, 1304544, 17265
7031, 0, 3233, 3235, 2957, 1085, 0.21%, 0, 131, 31, 196.64, 1305288, 17265
7036, 0, 3233, 3237, 2959, 1085, 0.21%, 0, 132, 31, 214.24, 1306114, 17265
7041, 0, 3233, 3241, 2963, 1085, 0.21%, 0, 132, 31, 203.06, 1307130, 17270
7046, 0, 3233, 3245, 2967, 1085, 0.21%, 0, 132, 31, 176.36, 1307981, 17278
7051, 0, 3233, 3247, 2969, 1085, 0.21%, 0, 132, 31, 193.12, 1308940, 17279
7057, 0, 3233, 3247, 2969, 1085, 0.21%, 0, 133, 31, 34.62, 1309949, 17279
7062, 0, 3233, 3249, 2971, 1085, 0.21%, 0, 133, 31, 201.59, 1310967, 17279
7067, 0, 3233, 3249, 2971, 1085, 0.21%, 0, 134, 31, 207.80, 1311776, 17279
7072, 0, 3233, 3252, 2974, 1085, 0.21%, 0, 134, 31, 202.58, 1312781, 17281
7078, 0, 3233, 3253, 2975, 1085, 0.21%, 0, 134, 31, 197.25, 1313766, 17281
7083, 0, 3233, 3256, 2978, 1085, 0.21%, 0, 134, 31, 211.31, 1314849, 17282
7088, 0, 3233, 3257, 2979, 1085, 0.21%, 0, 135, 31, 207.53, 1315689, 17282
7093, 0, 3233, 3258, 2980, 1085, 0.21%, 0, 135, 31, 215.46, 1316788, 17283
7098, 0, 3233, 3259, 2981, 1085, 0.21%, 0, 135, 31, 216.88, 1317918, 17284
7104, 0, 3221, 3260, 2981, 1093, 0.21%, 0, 135, 31, 3.75, 1318847, 17286
7109, 0, 3221, 3266, 2987, 1093, 0.21%, 0, 135, 31, 193.81, 1319826, 17288
7114, 0, 3221, 3268, 2989, 1093, 0.21%, 0, 136, 31, 21.50, 1320793, 17288
7119, 0, 3221, 3268, 2989, 1093, 0.21%, 0, 137, 31, 212.59, 1321622, 17288
7124, 0, 3221, 3269, 2990, 1093, 0.21%, 0, 138, 31, 200.77, 1322331, 17288
7129, 0, 3221, 3270, 2991, 1093, 0.21%, 0, 138, 31, 213.29, 1323421, 17291
7135, 0, 3221, 3271, 2992, 1093, 0.21%, 0, 139, 31, 219.64, 1324329, 17291
7140, 0, 3221, 3271, 2992, 1093, 0.21%, 0, 139, 31, 199.88, 1325337, 17291
7145, 0, 3221, 3271, 2992, 1093, 0.21%, 0, 140, 31, 215.94, 1326166, 17291
7150, 0, 3221, 3272, 2993, 1093, 0.21%, 0, 140, 31, 219.16, 1327261, 17291
7155, 0, 3221, 3272, 2993, 1093, 0.21%, 0, 140, 31, 220.02, 1328401, 17291
7160, 0, 3221, 3273, 2994, 1093, 0.21%, 0, 140, 31, 224.12, 1329560, 17292
7165, 0, 3221, 3274, 2995, 1093, 0.21%, 0, 140, 31, 226.88, 1330727, 17293
7170, 0, 3221, 3274, 2995, 1093, 0.21%, 0, 140, 31, 228.90, 1331917, 17293
7176, 0, 3186, 3277, 2997, 1097, 0.21%, 0, 140, 31, 223.70, 1332819, 17296
7181, 0, 3186, 3280, 3000, 1097, 0.21%, 0, 141, 31, 234.16, 1333749, 17298
7186, 0, 3186, 3283, 3003, 1097, 0.21%, 0, 141, 31, 219.40, 1334898, 17300
7191, 0, 3186, 3284, 3004, 1097, 0.21%, 0, 141, 31, 208.38, 1335965, 17301
7196, 0, 3186, 3285, 3005, 1097, 0.21%, 0, 142, 31, 203.52, 1336801, 17301
7201, 0, 3186, 3287, 3007, 1097, 0.21%, 0, 142, 31, 210.35, 1337891, 17302
7206, 0, 3186, 3290, 3010, 1097, 0.21%, 0, 142, 31, 184.56, 1338856, 17304
7211, 0, 3186, 3291, 3011, 1097, 0.21%, 0, 142, 31, 196.10, 1339880, 17305
7216, 0, 3186, 3294, 3014, 1097, 0.21%, 0, 142, 31, 205.96, 1340920, 17307
7221, 0, 3186, 3296, 3016, 1097, 0.21%, 0, 142, 31, 207.02, 1341990, 17312
7226, 0, 3186, 3298, 3018, 1097, 0.21%, 0, 142, 31, 205.77, 1343080, 17313
7232, 0, 3186, 3299, 3019, 1097, 0.21%, 0, 142, 31, 210.52, 1344167, 17314
7237, 0, 3186, 3300, 3020, 1097, 0.21%, 0, 142, 31, 208.02, 1345257, 17315
7242, 0, 2229, 3300, 3018, 1113, 0.21%, 0, 142, 31, 214.05, 1346079, 17315
7247, 0, 3110, 3302, 3019, 1112, 0.21%, 0, 142, 32, 204.46, 1347068, 17315
7252, 0, 3110, 3305, 3022, 1112, 0.21%, 0, 143, 32, 182.50, 1347752, 17315
7258, 0, 3110, 3308, 3025, 1112, 0.21%, 0, 145, 32, 23.77, 1348501, 17317
7263, 0, 3110, 3311, 3028, 1112, 0.21%, 0, 145, 32, 180.62, 1349476, 17318
7268, 0, 3110, 3313, 3030, 1112, 0.21%, 0, 145, 32, 188.17, 1350450, 17318
7273, 0, 3110, 3316, 3033, 1112, 0.21%, 0, 145, 32, 186.42, 1351386, 17320
7278, 0, 3110, 3316, 3033, 1112, 0.21%, 0, 145, 32, 191.07, 1352331, 17320
7284, 0, 3110, 3317, 3034, 1112, 0.21%, 0, 145, 32, 192.90, 1353328, 17320
7289, 0, 3110, 3319, 3036, 1112, 0.21%, 0, 145, 32, 186.70, 1354257, 17321
7294, 0, 3110, 3321, 3038, 1112, 0.21%, 0, 146, 32, 188.87, 1354992, 17322
7299, 0, 3110, 3321, 3038, 1112, 0.21%, 0, 146, 32, 189.60, 1355937, 17322
7304, 0, 3110, 3321, 3038, 1112, 0.21%, 0, 148, 32, 19.08, 1356569, 17322
7309, 0, 3110, 3322, 3039, 1112, 0.21%, 0, 148, 32, 187.40, 1357512, 17322
7314, 0, 3110, 3324, 3041, 1112, 0.21%, 0, 148, 32, 186.17, 1358447, 17322
7319, 0, 3110, 3327, 3044, 1112, 0.21%, 0, 148, 32, 191.21, 1359398, 17322
7324, 0, 3110, 3328, 3045, 1112, 0.21%, 0, 148, 32, 203.14, 1360433, 17322
7329, 0, 3203, 3329, 3045, 1114, 0.21%, 0, 148, 32, 169.56, 1361135, 17323
7334, 0, 3227, 3333, 3048, 1118, 0.21%, 0, 148, 32, 198.30, 1362052, 17330
7339, 0, 3227, 3339, 3054, 1118, 0.21%, 0, 148, 32, 220.88, 1363202, 17340
7344, 0, 3227, 3342, 3057, 1118, 0.21%, 0, 148, 32, 221.66, 1364323, 17346
7350, 0, 3227, 3345, 3060, 1118, 0.21%, 0, 149, 32, 21.65, 1365317, 17348
7355, 0, 3227, 3346, 3061, 1118, 0.21%, 0, 149, 32, 232.39, 1366512, 17349
7360, 0, 3227, 3348, 3063, 1118, 0.21%, 0, 149, 32, 231.41, 1367702, 17351
7366, 0, 3227, 3350, 3065, 1118, 0.21%, 0, 149, 32, 229.29, 1368888, 17351
7371, 0, 3227, 3352, 3067, 1118, 0.21%, 0, 149, 32, 233.23, 1370082, 17354
7376, 0, 3227, 3352, 3067, 1118, 0.21%, 0, 149, 32, 230.57, 1371266, 17354
7381, 0, 3227, 3354, 3069, 1118, 0.21%, 0, 149, 32, 230.75, 1372456, 17355
7386, 0, 3227, 3355, 3070, 1118, 0.21%, 0, 149, 32, 232.02, 1373651, 17355
7391, 0, 3227, 3357, 3072, 1118, 0.21%, 0, 149, 32, 232.90, 1374849, 17357
7396, 0, 3350, 3358, 3071, 1131, 0.21%, 0, 149, 32, 217.20, 1375733, 17358
7402, 0, 3244, 3359, 3071, 1130, 0.21%, 0, 149, 32, 222.16, 1376712, 17358
7407, 0, 3244, 3360, 3072, 1130, 0.21%, 0, 149, 32, 229.82, 1377903, 17359
7412, 0, 3244, 3361, 3073, 1130, 0.21%, 0, 149, 32, 231.27, 1379078, 17360
7417, 0, 3244, 3362, 3074, 1130, 0.21%, 0, 149, 32, 227.89, 1380249, 17361
7422, 0, 3244, 3362, 3074, 1130, 0.21%, 0, 149, 32, 235.17, 1381465, 17361
7427, 0, 3244, 3362, 3074, 1130, 0.21%, 0, 149, 32, 235.79, 1382661, 17361
7432, 0, 3244, 3362, 3074, 1130, 0.21%, 0, 149, 32, 233.27, 1383849, 17361
7437, 0, 3244, 3362, 3074, 1130, 0.21%, 0, 149, 32, 234.17, 1385049, 17361
7443, 0, 3244, 3362, 3074, 1130, 0.21%, 0, 149, 32, 233.36, 1386237, 17361
7448, 0, 3244, 3364, 3076, 1130, 0.21%, 0, 149, 32, 232.10, 1387423, 17362
7453, 0, 3244, 3364, 3076, 1130, 0.21%, 0, 149, 32, 234.08, 1388625, 17362
7459, 0, 3360, 3364, 3075, 1134, 0.21%, 0, 149, 32, 21.30, 1389786, 17362
7464, 0, 3062, 3370, 3080, 1133, 0.21%, 0, 149, 32, 211.55, 1390814, 17368
7470, 0, 3062, 3373, 3083, 1133, 0.21%, 0, 149, 32, 211.88, 1391895, 17371
7475, 0, 3062, 3373, 3083, 1133, 0.21%, 0, 149, 32, 209.18, 1392935, 17371
7480, 0, 3062, 3374, 3084, 1133, 0.21%, 0, 149, 32, 211.90, 1393990, 17372
7485, 0, 3062, 3375, 3085, 1133, 0.21%, 0, 149, 32, 198.67, 1394961, 17373
7490, 0, 3062, 3376, 3086, 1133, 0.21%, 0, 149, 32, 213.13, 1396044, 17374
7495, 0, 3062, 3378, 3088, 1133, 0.21%, 0, 149, 32, 217.50, 1397158, 17375
7500, 0, 3062, 3380, 3090, 1133, 0.21%, 0, 149, 32, 219.02, 1398276, 17378
7505, 0, 3062, 3381, 3091, 1133, 0.21%, 0, 149, 32, 218.29, 1399415, 17380
7510, 0, 3062, 3382, 3092, 1133, 0.21%, 0, 149, 32, 221.05, 1400566, 17381
7515, 0, 3062, 3383, 3093, 1133, 0.21%, 0, 149, 32, 205.71, 1401605, 17382
7520, 0, 3062, 3383, 3093, 1133, 0.21%, 0, 149, 32, 213.59, 1402685, 17382
7525, 0, 3122, 3383, 3092, 1149, 0.21%, 0, 149, 32, 151.45, 1403408, 17382
7531, 0, 3122, 3387, 3096, 1149, 0.21%, 0, 149, 32, 183.79, 1404366, 17383
7536, 0, 3122, 3389, 3098, 1149, 0.21%, 0, 149, 32, 202.16, 1405418, 17383
7541, 0, 3122, 3391, 3100, 1149, 0.21%, 0, 149, 32, 202.42, 1406444, 17383
7546, 0, 3122, 3392, 3101, 1149, 0.21%, 0, 149, 32, 208.55, 1407483, 17507
7551, 0, 3122, 3393, 3102, 1149, 0.21%, 0, 150, 32, 226.36, 1408351, 17507
7556, 0, 3122, 3395, 3104, 1149, 0.21%, 0, 150, 32, 215.55, 1409397, 17539
7561, 0, 3122, 3395, 3104, 1149, 0.21%, 0, 150, 32, 209.60, 1410445, 17539
7566, 0, 3122, 3395, 3104, 1149, 0.21%, 0, 150, 32, 208.53, 1411485, 17539
7571, 0, 3122, 3395, 3104, 1149, 0.21%, 0, 150, 32, 219.84, 1412595, 17539
7576, 0, 633, 3395, 3102, 1142, 0.21%, 0, 150, 32, 182.43, 1413561, 17539
7581, 0, 3394, 3396, 3102, 1142, 0.21%, 0, 150, 32, 186.16, 1414487, 17540
7586, 0, 2813, 3397, 3102, 1142, 0.21%, 0, 150, 33, 3.46, 1415334, 17541
7591, 0, 2643, 3397, 3101, 1141, 0.21%, 0, 150, 33, 7.88, 1416310, 17541
7597, 0, 2643, 3398, 3102, 1141, 0.21%, 0, 150, 33, 210.20, 1417412, 17541
7602, 0, 2643, 3401, 3105, 1141, 0.21%, 0, 150, 33, 207.30, 1418501, 17542
7607, 0, 2643, 3402, 3106, 1141, 0.21%, 0, 150, 33, 220.01, 1419660, 17542
7612, 0, 2643, 3403, 3107, 1141, 0.21%, 0, 150, 33, 227.24, 1420823, 17542
7617, 0, 2643, 3403, 3107, 1141, 0.21%, 0, 150, 33, 223.47, 1421931, 17542
7622, 0, 2643, 3403, 3107, 1141, 0.21%, 0, 150, 33, 208.58, 1423027, 17542
7628, 0, 2643, 3403, 3107, 1141, 0.21%, 0, 150, 33, 190.21, 1423993, 17542
7633, 0, 2643, 3405, 3109, 1141, 0.21%, 0, 150, 33, 201.32, 1424993, 17543
7638, 0, 2643, 3405, 3109, 1141, 0.21%, 0, 150, 33, 212.61, 1426065, 17543
7643, 0, 2643, 3405, 3109, 1141, 0.21%, 0, 150, 33, 225.34, 1427233, 17543
7648, 0, 2643, 3405, 3109, 1141, 0.21%, 0, 150, 33, 203.07, 1428249, 17543
7653, 0, 2643, 3405, 3109, 1141, 0.21%, 0, 150, 33, 207.18, 1429253, 17543
7658, 0, 2643, 3405, 3109, 1141, 0.21%, 0, 150, 33, 214.85, 1430353, 17543
7663, 0, 3242, 3406, 3108, 1144, 0.21%, 0, 150, 33, 206.04, 1431140, 17543
7668, 0, 3242, 3411, 3113, 1144, 0.21%, 0, 150, 33, 211.37, 1432215, 17546
7673, 0, 3242, 3414, 3116, 1144, 0.21%, 0, 150, 33, 215.01, 1433300, 17550
7679, 0, 3242, 3418, 3120, 1144, 0.21%, 0, 151, 33, 33.31, 1434353, 17555
7684, 0, 3242, 3421, 3123, 1144, 0.21%, 0, 151, 33, 220.70, 1435450, 17557
7689, 0, 3242, 3424, 3126, 1144, 0.21%, 0, 151, 33, 214.64, 1436559, 17559
7694, 0, 3242, 3425, 3127, 1144, 0.21%, 0, 151, 33, 218.83, 1437658, 17563
7699, 0, 3242, 3427, 3129, 1144, 0.21%, 0, 151, 33, 217.55, 1438756, 17564
7704, 0, 3242, 3430, 3132, 1144, 0.21%, 0, 151, 33, 208.84, 1439837, 17566
7710, 0, 3242, 3431, 3133, 1144, 0.21%, 0, 152, 33, 210.42, 1440713, 17567
7715, 0, 3242, 3431, 3133, 1144, 0.21%, 0, 152, 33, 218.39, 1441825, 17567
7720, 0, 3242, 3433, 3135, 1144, 0.21%, 0, 152, 33, 220.66, 1442943, 17569
7725, 0, 3242, 3433, 3135, 1144, 0.21%, 0, 152, 33, 204.53, 1443962, 17569
7730, 0, 3398, 3433, 3134, 1160, 0.21%, 0, 152, 33, 201.94, 1444777, 17569
7735, 0, 3398, 3433, 3134, 1160, 0.21%, 0, 152, 33, 204.51, 1445798, 17569
7740, 0, 1115, 3433, 3133, 1159, 0.21%, 0, 152, 33, 222.73, 1446922, 17569
7745, 0, 3399, 3433, 3132, 1158, 0.21%, 0, 152, 33, 205.45, 1447750, 17569
7750, 0, 3399, 3433, 3132, 1158, 0.21%, 0, 152, 33, 215.89, 1448876, 17569
7755, 0, 1352, 3433, 3131, 1157, 0.21%, 0, 152, 33, 217.56, 1449983, 17569
7761, 0, 3334, 3434, 3131, 1156, 0.21%, 0, 152, 33, 201.97, 1450717, 17569
7766, 0, 3334, 3439, 3136, 1156, 0.21%, 0, 152, 33, 207.36, 1451776, 17571
7771, 0, 3334, 3444, 3141, 1156, 0.21%, 0, 152, 33, 208.00, 1452831, 17576
7776, 0, 3334, 3446, 3143, 1156, 0.21%, 0, 152, 33, 211.38, 1453909, 17578
7781, 0, 3334, 3447, 3144, 1156, 0.21%, 0, 153, 33, 217.60, 1454789, 17579
7786, 0, 3334, 3447, 3144, 1156, 0.21%, 0, 153, 33, 213.54, 1455893, 17579
7791, 0, 3334, 3451, 3148, 1156, 0.21%, 0, 153, 33, 210.40, 1456945, 17587
7796, 0, 3334, 3452, 3149, 1156, 0.21%, 0, 153, 33, 214.54, 1458068, 17587
7801, 0, 3334, 3453, 3150, 1156, 0.21%, 0, 153, 33, 218.62, 1459207, 17587
7807, 0, 3334, 3455, 3152, 1156, 0.21%, 0, 153, 33, 213.21, 1460293, 17588
7812, 0, 3334, 3457, 3154, 1156, 0.21%, 0, 153, 33, 217.62, 1461431, 17588
7817, 0, 3334, 3458, 3155, 1156, 0.21%, 0, 153, 33, 216.50, 1462550, 17588
7822, 0, 3334, 3458, 3155, 1156, 0.21%, 0, 153, 33, 218.88, 1463688, 17588
7827, 0, 1075, 3459, 3154, 1167, 0.21%, 0, 153, 33, 202.08, 1464473, 17589
7832, 0, 695, 3459, 3153, 1166, 0.21%, 0, 153, 33, 212.65, 1465252, 17589
7838, 0, 663, 3459, 3152, 1165, 0.21%, 0, 153, 33, 223.56, 1466177, 17589
7843, 0, 3206, 3460, 3152, 1164, 0.21%, 0, 153, 33, 208.59, 1467102, 17597
7848, 0, 3206, 3460, 3152, 1164, 0.21%, 0, 153, 33, 213.48, 1468214, 17597
7853, 0, 3206, 3461, 3153, 1164, 0.21%, 0, 154, 33, 212.40, 1469090, 17597
7858, 0, 3206, 3461, 3153, 1164, 0.21%, 0, 154, 33, 213.85, 1470163, 17597
7863, 0, 3206, 3461, 3153, 1164, 0.21%, 0, 154, 33, 208.82, 1471259, 17597
7868, 0, 2693, 3461, 3151, 1162, 0.21%, 0, 154, 33, 185.41, 1471981, 17597
7873, 0, 3460, 3464, 3153, 1161, 0.21%, 0, 154, 33, 216.91, 1472852, 17597
7878, 0, 3460, 3467, 3156, 1161, 0.21%, 0, 154, 33, 209.21, 1473897, 17597
7883, 0, 3460, 3467, 3156, 1161, 0.21%, 0, 155, 33, 210.71, 1474694, 17597
7889, 0, 3460, 3467, 3156, 1161, 0.21%, 0, 156, 33, 201.50, 1475547, 17597
7894, 0, 3460, 3468, 3157, 1161, 0.21%, 0, 156, 33, 213.41, 1476658, 17597
7899, 0, 3460, 3468, 3157, 1161, 0.21%, 0, 157, 33, 222.78, 1477559, 17597
7904, 0, 3460, 3470, 3159, 1161, 0.21%, 0, 157, 33, 218.72, 1478653, 17599
7909, 0, 3460, 3471, 3160, 1161, 0.21%, 0, 157, 33, 220.11, 1479768, 17599
7914, 0, 3460, 3472, 3161, 1161, 0.21%, 0, 157, 33, 220.47, 1480869, 17599
7919, 0, 3442, 3473, 3160, 1161, 0.21%, 0, 157, 33, 205.06, 1481648, 17601
7924, 0, 3313, 3476, 3162, 1161, 0.21%, 0, 157, 33, 197.56, 1482537, 17601
7929, 0, 3313, 3478, 3164, 1161, 0.21%, 0, 157, 33, 213.45, 1483654, 17601
7934, 0, 3313, 3482, 3168, 1161, 0.21%, 0, 157, 33, 206.10, 1484698, 17603
7939, 0, 3313, 3482, 3168, 1161, 0.21%, 0, 157, 33, 213.86, 1485786, 17603
7945, 0, 3313, 3484, 3170, 1161, 0.21%, 0, 157, 33, 215.28, 1486876, 17604
7950, 0, 3313, 3485, 3171, 1161, 0.21%, 0, 159, 33, 25.73, 1487509, 17604
7955, 0, 3313, 3489, 3175, 1161, 0.21%, 0, 159, 33, 202.34, 1488561, 17609
7960, 0, 3313, 3490, 3176, 1161, 0.21%, 0, 159, 33, 179.85, 1489471, 17609
7965, 0, 3313, 3491, 3177, 1161, 0.21%, 0, 159, 33, 203.46, 1490515, 17609
7970, 0, 3313, 3491, 3177, 1161, 0.21%, 0, 159, 33, 212.42, 1491599, 17609
7975, 0, 3313, 3492, 3178, 1161, 0.21%, 0, 159, 33, 210.16, 1492654, 17609
7980, 0, 3313, 3495, 3181, 1161, 0.21%, 0, 159, 33, 210.61, 1493707, 17609
7987, 0, 3477, 3495, 3180, 1167, 0.21%, 0, 159, 33, 1.23, 1494753, 17609
7992, 0, 1775, 3496, 3179, 1165, 0.21%, 0, 159, 33, 0.82, 1495615, 17610
7997, 0, 1799, 3499, 3181, 1166, 0.21%, 0, 159, 33, 207.83, 1496455, 17612
8002, 0, 2821, 3500, 3181, 1165, 0.21%, 0, 159, 33, 189.59, 1497275, 17612
8007, 0, 2821, 3500, 3181, 1165, 0.21%, 0, 159, 33, 208.84, 1498356, 17612
8012, 0, 2805, 3507, 3187, 1164, 0.21%, 0, 159, 33, 209.13, 1499412, 17618
8017, 0, 2805, 3508, 3188, 1164, 0.21%, 0, 159, 33, 215.63, 1500511, 17619
8022, 0, 2805, 3513, 3193, 1164, 0.21%, 0, 159, 33, 210.70, 1501574, 17624
8028, 0, 2805, 3514, 3194, 1164, 0.21%, 0, 159, 33, 213.42, 1502669, 17625
8033, 0, 2805, 3514, 3194, 1164, 0.21%, 0, 159, 33, 218.24, 1503809, 17625
8038, 0, 2805, 3517, 3197, 1164, 0.21%, 0, 159, 33, 217.65, 1504906, 17627
8043, 0, 2805, 3518, 3198, 1164, 0.21%, 0, 159, 33, 219.70, 1506049, 17628
8050, 0, 2871, 3518, 3197, 1179, 0.21%, 0, 159, 33, 16.33, 1507166, 17628
8055, 0, 2772, 3519, 3197, 1179, 0.21%, 0, 159, 33, 192.79, 1508027, 17629
8060, 0, 3269, 3520, 3197, 1179, 0.21%, 0, 159, 33, 31.58, 1508924, 17630
8065, 0, 3231, 3520, 3196, 1178, 0.21%, 0, 159, 33, 217.93, 1509740, 17630
8071, 0, 3231, 3522, 3198, 1178, 0.21%, 0, 160, 33, 35.77, 1510743, 17632
8077, 0, 3231, 3522, 3198, 1178, 0.21%, 0, 162, 33, 15.12, 1511475, 17632
8082, 0, 3231, 3523, 3199, 1178, 0.21%, 0, 163, 33, 30.23, 1512385, 17632
8087, 0, 3231, 3524, 3200, 1178, 0.21%, 0, 163, 33, 215.03, 1513488, 17633
8092, 0, 3231, 3524, 3200, 1178, 0.21%, 0, 163, 33, 215.31, 1514608, 17633
8098, 0, 3231, 3524, 3200, 1178, 0.21%, 0, 163, 33, 213.25, 1515692, 17633
8103, 0, 3231, 3525, 3201, 1178, 0.21%, 0, 164, 33, 24.74, 1516748, 17633
8109, 0, 3231, 3526, 3202, 1178, 0.21%, 0, 164, 33, 217.50, 1517839, 17633
8114, 0, 3231, 3526, 3202, 1178, 0.21%, 0, 164, 33, 217.34, 1518967, 17633
8119, 0, 3231, 3527, 3203, 1178, 0.21%, 0, 164, 33, 215.22, 1520046, 17634
8124, 0, 3231, 3527, 3203, 1178, 0.21%, 0, 164, 33, 220.08, 1521158, 17634
8129, 0, 3231, 3527, 3203, 1178, 0.21%, 0, 164, 33, 216.75, 1522251, 17634
8134, 0, 2782, 3527, 3202, 1181, 0.21%, 0, 164, 33, 30.55, 1523113, 17634
8139, 0, 1237, 3527, 3201, 1180, 0.21%, 0, 164, 33, 228.58, 1523984, 17634
8144, 0, 3284, 3528, 3201, 1180, 0.21%, 0, 164, 33, 4.01, 1524804, 17635
8149, 0, 1514, 3529, 3201, 1180, 0.21%, 0, 164, 33, 223.74, 1525672, 17636
8156, 0, 2463, 3531, 3202, 1181, 0.21%, 0, 164, 33, 13.26, 1526751, 17640
8161, 0, 3340, 3531, 3201, 1180, 0.21%, 0, 164, 33, 212.74, 1527592, 17640
8166, 0, 3408, 3531, 3200, 1179, 0.21%, 0, 164, 33, 195.64, 1528480, 17640
8171, 0, 3408, 3534, 3203, 1179, 0.21%, 0, 164, 33, 206.16, 1529565, 17644
8176, 0, 3408, 3535, 3204, 1179, 0.21%, 0, 165, 33, 208.12, 1530429, 17647
8181, 0, 3408, 3536, 3205, 1179, 0.21%, 0, 165, 33, 218.01, 1531576, 17647
8186, 0, 3408, 3536, 3205, 1179, 0.21%, 0, 165, 33, 216.36, 1532656, 17647
8191, 0, 3408, 3538, 3207, 1179, 0.21%, 0, 166, 33, 182.92, 1533502, 17647
8197, 0, 3408, 3538, 3207, 1179, 0.21%, 0, 166, 33, 211.49, 1534635, 17647
8202, 0, 3408, 3538, 3207, 1179, 0.21%, 0, 166, 33, 218.15, 1535735, 17647
8207, 0, 3408, 3539, 3208, 1179, 0.21%, 0, 166, 33, 220.01, 1536838, 17648
8212, 0, 3408, 3541, 3210, 1179, 0.21%, 0, 167, 33, 32.47, 1537801, 17649
8217, 0, 3408, 3541, 3210, 1179, 0.21%, 0, 167, 33, 216.26, 1538881, 17649
8222, 0, 3408, 3541, 3210, 1179, 0.21%, 0, 167, 33, 216.01, 1539997, 17649
8227, 0, 3408, 3541, 3210, 1179, 0.21%, 0, 167, 33, 211.63, 1541106, 17649
8232, 0, 2993, 3541, 3208, 1182, 0.21%, 0, 167, 33, 164.63, 1541810, 17649
8237, 0, 2993, 3542, 3209, 1182, 0.21%, 0, 167, 33, 193.45, 1542803, 17650
8243, 0, 3537, 3542, 3208, 1182, 0.21%, 0, 167, 33, 19.25, 1543561, 17650
8248, 0, 3537, 3543, 3209, 1182, 0.21%, 0, 168, 34, 187.13, 1544380, 17658
8253, 0, 3537, 3546, 3212, 1182, 0.21%, 0, 168, 34, 206.66, 1545451, 17659
8258, 0, 3537, 3547, 3213, 1182, 0.21%, 0, 168, 34, 213.25, 1546526, 17659
8263, 0, 3537, 3548, 3214, 1182, 0.21%, 0, 169, 34, 221.10, 1547378, 17660
8268, 0, 3537, 3550, 3216, 1182, 0.21%, 0, 169, 34, 207.93, 1548400, 17661
8273, 0, 3537, 3550, 3216, 1182, 0.21%, 0, 169, 34, 213.64, 1549476, 17661
8278, 0, 3537, 3550, 3216, 1182, 0.21%, 0, 169, 34, 192.87, 1550427, 17661
8283, 0, 3537, 3551, 3217, 1182, 0.21%, 0, 169, 34, 198.01, 1551457, 17662
8288, 0, 3537, 3551, 3217, 1182, 0.21%, 0, 169, 34, 197.89, 1552445, 17662
8293, 0, 3537, 3551, 3217, 1182, 0.21%, 0, 169, 34, 205.03, 1553480, 17662
8298, 0, 3537, 3551, 3217, 1182, 0.21%, 0, 169, 34, 212.86, 1554596, 17662
8303, 0, 3537, 3553, 3219, 1182, 0.21%, 0, 169, 34, 202.32, 1555602, 17662
8309, 0, 3537, 3553, 3219, 1182, 0.21%, 0, 169, 34, 207.70, 1556672, 17662
8314, 0, 3096, 3555, 3220, 1186, 0.21%, 0, 169, 34, 149.03, 1557315, 17665
8319, 0, 3096, 3561, 3226, 1186, 0.21%, 0, 169, 34, 195.96, 1558341, 17673
8324, 0, 3096, 3563, 3228, 1186, 0.21%, 0, 169, 34, 185.55, 1559318, 17674
8329, 0, 3096, 3567, 3232, 1186, 0.21%, 0, 169, 34, 179.48, 1560213, 17677
8334, 0, 3096, 3568, 3233, 1186, 0.21%, 0, 169, 34, 193.19, 1561186, 17678
8339, 0, 3096, 3571, 3236, 1186, 0.21%, 0, 169, 34, 187.45, 1562116, 17680
8344, 0, 3096, 3571, 3236, 1186, 0.21%, 0, 169, 34, 163.14, 1562917, 17680
8349, 0, 3096, 3572, 3237, 1186, 0.21%, 0, 169, 34, 186.60, 1563869, 17681
8354, 0, 3096, 3573, 3238, 1186, 0.21%, 0, 169, 34, 193.03, 1564872, 17682
8361, 0, 3559, 3574, 3238, 1201, 0.21%, 0, 169, 34, 16.24, 1565778, 17683
8366, 0, 3179, 3582, 3245, 1200, 0.21%, 0, 169, 34, 158.54, 1566583, 17687
8371, 0, 3179, 3587, 3250, 1200, 0.21%, 0, 169, 34, 186.97, 1567548, 17692
8376, 0, 3179, 3594, 3257, 1200, 0.21%, 0, 169, 34, 178.71, 1568473, 17698
8381, 0, 3179, 3595, 3258, 1200, 0.21%, 0, 169, 34, 172.63, 1569350, 17698
8386, 0, 3179, 3597, 3260, 1200, 0.21%, 0, 169, 34, 187.34, 1570324, 17698
8391, 0, 3179, 3599, 3262, 1200, 0.21%, 0, 169, 34, 197.85, 1571316, 17698
8396, 0, 3179, 3601, 3264, 1200, 0.21%, 0, 169, 34, 182.36, 1572230, 17700
8402, 0, 3179, 3603, 3266, 1200, 0.21%, 0, 169, 34, 186.19, 1573147, 17700
8407, 0, 3179, 3609, 3272, 1200, 0.21%, 0, 169, 34, 186.67, 1574077, 17700
8412, 0, 3179, 3609, 3272, 1200, 0.21%, 0, 169, 34, 196.54, 1575106, 17700
8417, 0, 3179, 3610, 3273, 1200, 0.21%, 0, 169, 34, 197.05, 1576085, 17700
8422, 0, 3179, 3612, 3275, 1200, 0.21%, 0, 169, 34, 198.46, 1577107, 17700
8427, 0, 3179, 3612, 3275, 1200, 0.21%, 0, 170, 34, 208.65, 1577928, 17700
8432, 0, 3179, 3613, 3276, 1200, 0.21%, 0, 170, 34, 216.61, 1579053, 17701
8437, 0, 3560, 3614, 3275, 1205, 0.21%, 0, 170, 34, 169.73, 1579782, 17702
8442, 0, 3560, 3616, 3277, 1205, 0.21%, 0, 170, 34, 204.46, 1580845, 17703
8447, 0, 3592, 3617, 3277, 1206, 0.21%, 0, 170, 34, 141.16, 1581484, 17703
8452, 0, 3592, 3620, 3280, 1206, 0.21%, 0, 170, 34, 172.43, 1582394, 17703
8458, 0, 3592, 3621, 3281, 1206, 0.21%, 0, 171, 34, 210.00, 1583167, 17703
8463, 0, 3592, 3623, 3283, 1206, 0.21%, 0, 171, 34, 184.16, 1584063, 17703
8468, 0, 3592, 3628, 3288, 1206, 0.21%, 0, 171, 34, 163.74, 1584905, 17706
8473, 0, 3592, 3631, 3291, 1206, 0.21%, 0, 171, 34, 180.06, 1585832, 17706
8478, 0, 3592, 3632, 3292, 1206, 0.21%, 0, 171, 34, 177.98, 1586751, 17706
8483, 0, 3592, 3635, 3295, 1206, 0.21%, 0, 171, 34, 180.80, 1587636, 17708
8489, 0, 3592, 3635, 3295, 1206, 0.21%, 0, 173, 34, 12.82, 1588314, 17708
8494, 0, 3592, 3635, 3295, 1206, 0.21%, 0, 173, 34, 3.97, 1589145, 17708
8499, 0, 3592, 3636, 3296, 1206, 0.21%, 0, 173, 34, 187.95, 1590067, 17708
8504, 0, 3592, 3636, 3296, 1206, 0.21%, 0, 173, 34, 181.37, 1590994, 17708
8510, 0, 3592, 3636, 3296, 1206, 0.21%, 0, 173, 34, 188.58, 1591987, 17708
8515, 0, 3592, 3638, 3298, 1206, 0.21%, 0, 173, 34, 182.56, 1592926, 17708
8520, 0, 3592, 3639, 3299, 1206, 0.21%, 0, 173, 34, 203.96, 1593951, 17708
8525, 0, 3250, 3639, 3297, 1207, 0.21%, 0, 173, 34, 185.63, 1594733, 17708
8530, 0, 3250, 3639, 3297, 1207, 0.21%, 0, 173, 34, 211.45, 1595855, 17708
8535, 0, 638, 3640, 3297, 1207, 0.21%, 0, 173, 34, 232.80, 1596664, 17709
8540, 0, 3336, 3640, 3296, 1206, 0.21%, 0, 173, 34, 222.97, 1597828, 17709
8545, 0, 3339, 3641, 3296, 1205, 0.21%, 0, 173, 34, 207.65, 1598716, 17710
8550, 0, 2430, 3641, 3295, 1205, 0.21%, 0, 173, 34, 196.45, 1599514, 17710
8555, 0, 1108, 3642, 3295, 1205, 0.21%, 0, 173, 34, 237.89, 1600445, 17711
8561, 0, 2606, 3642, 3294, 1204, 0.21%, 0, 173, 34, 192.78, 1601363, 17711
8566, 0, 2792, 3643, 3294, 1203, 0.21%, 0, 173, 34, 211.89, 1602454, 17711
8571, 0, 2792, 3645, 3296, 1203, 0.21%, 0, 174, 34, 213.68, 1603317, 17711
8576, 0, 2792, 3647, 3298, 1203, 0.21%, 0, 174, 34, 195.94, 1604284, 17711
8581, 0, 2792, 3648, 3299, 1203, 0.21%, 0, 174, 34, 191.70, 1605263, 17712
8586, 0, 2792, 3648, 3299, 1203, 0.21%, 0, 174, 34, 208.87, 1606358, 17712
8591, 0, 2792, 3649, 3300, 1203, 0.21%, 0, 174, 34, 215.58, 1607489, 17712
8596, 0, 2792, 3649, 3300, 1203, 0.21%, 0, 174, 34, 216.50, 1608585, 17712
8601, 0, 2792, 3649, 3300, 1203, 0.21%, 0, 174, 34, 216.73, 1609717, 17712
8607, 0, 2792, 3649, 3300, 1203, 0.21%, 0, 174, 34, 216.54, 1610817, 17712
8612, 0, 2792, 3649, 3300, 1203, 0.21%, 0, 174, 34, 214.83, 1611933, 17712
8617, 0, 2792, 3650, 3301, 1203, 0.21%, 0, 174, 34, 221.32, 1613088, 17713
8622, 0, 2792, 3652, 3303, 1203, 0.21%, 0, 174, 34, 225.19, 1614226, 17713
8627, 0, 2792, 3652, 3303, 1203, 0.21%, 0, 174, 34, 228.38, 1615437, 17713
8632, 0, 3553, 3654, 3303, 1205, 0.21%, 0, 174, 35, 202.20, 1616180, 17715
8637, 0, 3553, 3657, 3306, 1205, 0.21%, 0, 174, 35, 211.72, 1617249, 17721
8642, 0, 3553, 3662, 3311, 1205, 0.21%, 0, 174, 35, 215.28, 1618360, 17729
8648, 0, 3553, 3663, 3312, 1205, 0.21%, 0, 174, 35, 202.53, 1619363, 17730
8653, 0, 3553, 3664, 3313, 1205, 0.21%, 0, 174, 35, 218.80, 1620478, 17731
8658, 0, 3553, 3667, 3316, 1205, 0.21%, 0, 174, 35, 221.31, 1621587, 17734
8663, 0, 3553, 3667, 3316, 1205, 0.21%, 0, 174, 35, 206.87, 1622591, 17734
8668, 0, 3553, 3668, 3317, 1205, 0.21%, 0, 174, 35, 216.55, 1623690, 17735
8673, 0, 3150, 3669, 3316, 1216, 0.21%, 0, 174, 35, 169.15, 1624475, 17736
8678, 0, 3150, 3675, 3322, 1216, 0.21%, 0, 174, 35, 204.93, 1625538, 17741
8683, 0, 3150, 3681, 3328, 1216, 0.21%, 0, 174, 35, 213.66, 1626636, 17747
8688, 0, 3150, 3682, 3329, 1216, 0.21%, 0, 174, 35, 216.40, 1627715, 17748
8693, 0, 3150, 3686, 3333, 1216, 0.21%, 0, 174, 35, 215.98, 1628811, 17753
8698, 0, 3150, 3688, 3335, 1216, 0.21%, 0, 174, 35, 213.06, 1629885, 17756
8703, 0, 3150, 3688, 3335, 1216, 0.21%, 0, 174, 35, 213.91, 1630981, 17756
8708, 0, 3150, 3690, 3337, 1216, 0.21%, 0, 174, 35, 215.03, 1632059, 17759
8714, 0, 2207, 3692, 3338, 1233, 0.21%, 0, 174, 35, 18.19, 1633090, 17763
8720, 0, 3578, 3692, 3337, 1232, 0.21%, 0, 174, 35, 111.64, 1633880, 17763
8725, 0, 3578, 3697, 3342, 1232, 0.21%, 0, 174, 35, 176.85, 1634865, 17763
8730, 0, 3578, 3699, 3344, 1232, 0.21%, 0, 174, 35, 198.75, 1635920, 17763
8735, 0, 3578, 3701, 3346, 1232, 0.21%, 0, 174, 35, 200.02, 1636947, 17766
8740, 0, 3578, 3702, 3347, 1232, 0.21%, 0, 174, 35, 203.51, 1637986, 17766
8745, 0, 3578, 3702, 3347, 1232, 0.21%, 0, 174, 35, 208.95, 1639034, 17766
8750, 0, 3578, 3703, 3348, 1232, 0.21%, 0, 174, 35, 204.87, 1640065, 17766
8755, 0, 3578, 3704, 3349, 1232, 0.21%, 0, 175, 35, 193.45, 1640912, 17781
8760, 0, 3578, 3705, 3350, 1232, 0.21%, 0, 175, 35, 201.92, 1641932, 17781
8765, 0, 3578, 3705, 3350, 1232, 0.21%, 0, 175, 35, 212.28, 1643041, 17781
8771, 0, 3069, 3705, 3348, 1234, 0.21%, 0, 175, 35, 209.13, 1643816, 17781
8776, 0, 1283, 3705, 3347, 1233, 0.21%, 0, 175, 35, 203.97, 1644662, 17781
8781, 0, 3143, 3706, 3347, 1232, 0.21%, 0, 175, 35, 205.31, 1645480, 17782
8786, 0, 3143, 3708, 3349, 1232, 0.21%, 0, 175, 35, 208.66, 1646566, 17784
8791, 0, 3143, 3710, 3351, 1232, 0.21%, 0, 175, 35, 211.42, 1647636, 17784
8796, 0, 3143, 3710, 3351, 1232, 0.21%, 0, 175, 35, 212.75, 1648744, 17784
8801, 0, 3143, 3712, 3353, 1232, 0.21%, 0, 175, 35, 215.82, 1649862, 17786
8807, 0, 3143, 3713, 3354, 1232, 0.21%, 0, 175, 35, 216.19, 1650993, 17787
8812, 0, 3143, 3713, 3354, 1232, 0.21%, 0, 175, 35, 216.58, 1652117, 17787
8817, 0, 3143, 3713, 3354, 1232, 0.21%, 0, 175, 35, 215.96, 1653130, 17787
8822, 0, 3143, 3714, 3355, 1232, 0.21%, 0, 175, 35, 217.78, 1654225, 17789
8827, 0, 3143, 3714, 3355, 1232, 0.21%, 0, 175, 35, 216.62, 1655353, 17789
8832, 0, 3143, 3715, 3356, 1232, 0.21%, 0, 175, 35, 215.91, 1656484, 17792
8837, 0, 3143, 3715, 3356, 1232, 0.21%, 0, 175, 35, 220.11, 1657600, 17792
8843, 0, 2656, 3715, 3354, 1236, 0.21%, 0, 175, 35, 176.67, 1658360, 17792
8848, 0, 3705, 3715, 3353, 1235, 0.21%, 0, 175, 35, 206.96, 1659004, 17792
8853, 0, 3705, 3715, 3353, 1235, 0.21%, 0, 175, 35, 212.41, 1660078, 17792
8858, 0, 2722, 3715, 3352, 1234, 0.21%, 0, 175, 35, 4.22, 1661029, 17792
8863, 0, 3524, 3716, 3352, 1233, 0.21%, 0, 175, 35, 208.02, 1661882, 17792
8868, 0, 3524, 3717, 3353, 1233, 0.21%, 0, 175, 35, 207.44, 1662905, 17792
8873, 0, 3524, 3718, 3354, 1233, 0.21%, 0, 175, 35, 210.09, 1664000, 17792
8879, 0, 3524, 3719, 3355, 1233, 0.21%, 0, 175, 35, 205.85, 1665075, 17793
8884, 0, 3524, 3719, 3355, 1233, 0.21%, 0, 175, 35, 213.05, 1666147, 17793
8889, 0, 3524, 3720, 3356, 1233, 0.21%, 0, 175, 35, 206.77, 1667143, 17794
8894, 0, 3524, 3721, 3357, 1233, 0.21%, 0, 175, 35, 209.53, 1668238, 17794
8899, 0, 3524, 3721, 3357, 1233, 0.21%, 0, 176, 35, 217.62, 1669119, 17794
8904, 0, 3524, 3722, 3358, 1233, 0.21%, 0, 176, 35, 213.17, 1670214, 17794
8909, 0, 3524, 3723, 3359, 1233, 0.21%, 0, 176, 35, 209.25, 1671297, 17794
8915, 0, 3524, 3723, 3359, 1233, 0.21%, 0, 176, 35, 208.93, 1672302, 17794
8920, 0, 3524, 3723, 3359, 1233, 0.21%, 0, 176, 35, 212.80, 1673398, 17794
8925, 0, 3524, 3724, 3360, 1233, 0.21%, 0, 176, 35, 217.65, 1674497, 17797
8930, 0, 2411, 3725, 3359, 1230, 0.21%, 0, 176, 35, 122.73, 1675271, 17799
8935, 0, 2228, 3725, 3358, 1229, 0.21%, 0, 176, 35, 211.60, 1676118, 17799
8940, 0, 3240, 3726, 3358, 1228, 0.21%, 0, 176, 35, 199.17, 1676880, 17801
8945, 0, 3670, 3726, 3357, 1226, 0.21%, 0, 176, 35, 213.16, 1677750, 17801
8950, 0, 1310, 3726, 3356, 1225, 0.21%, 0, 176, 35, 217.56, 1678599, 17801
8955, 0, 3542, 3729, 3358, 1223, 0.21%, 0, 176, 35, 206.27, 1679436, 17818
8961, 0, 926, 3731, 3358, 1224, 0.21%, 0, 176, 35, 232.01, 1680279, 17821
8966, 0, 1270, 3731, 3357, 1223, 0.21%, 0, 176, 35, 232.65, 1681170, 17821
8971, 0, 2841, 3731, 3356, 1222, 0.21%, 0, 176, 35, 222.77, 1682048, 17821
8976, 0, 3453, 3731, 3355, 1221, 0.21%, 0, 176, 35, 174.13, 1682853, 17821
8981, 0, 2541, 3731, 3354, 1220, 0.21%, 0, 176, 35, 4.43, 1683747, 17821
8986, 0, 748, 3731, 3353, 1219, 0.21%, 0, 176, 35, 233.81, 1684584, 17821
8991, 0, 3171, 3731, 3352, 1218, 0.21%, 0, 176, 35, 213.72, 1685436, 17821
8997, 0, 3171, 3731, 3352, 1218, 0.21%, 0, 176, 35, 208.77, 1686476, 17821
9002, 0, 3098, 3736, 3356, 1217, 0.21%, 0, 176, 35, 212.35, 1687573, 17826
9007, 0, 3098, 3737, 3357, 1217, 0.21%, 0, 176, 35, 216.94, 1688668, 17826
9012, 0, 3098, 3739, 3359, 1217, 0.21%, 0, 176, 35, 218.26, 1689770, 17827
9017, 0, 3098, 3741, 3361, 1217, 0.21%, 0, 176, 35, 219.85, 1690888, 17833
9022, 0, 3098, 3741, 3361, 1217, 0.21%, 0, 176, 35, 219.68, 1691988, 17833
9027, 0, 3098, 3741, 3361, 1217, 0.21%, 0, 176, 35, 218.48, 1693092, 17833
9032, 0, 3098, 3743, 3363, 1217, 0.21%, 0, 176, 35, 217.51, 1694222, 17835
9037, 0, 3098, 3745, 3365, 1217, 0.21%, 0, 176, 35, 194.16, 1695200, 17837
9042, 0, 1875, 3747, 3366, 1224, 0.21%, 0, 176, 35, 167.88, 1695787, 17837
9047, 0, 1875, 3752, 3371, 1224, 0.21%, 0, 177, 35, 192.91, 1696534, 17857
9052, 0, 1875, 3753, 3372, 1224, 0.21%, 0, 177, 35, 187.94, 1697495, 17857
9058, 0, 1875, 3755, 3374, 1224, 0.21%, 0, 177, 35, 181.01, 1698416, 17857
9063, 0, 1875, 3756, 3375, 1224, 0.21%, 0, 178, 35, 25.75, 1699246, 17858
9068, 0, 1875, 3758, 3377, 1224, 0.21%, 0, 178, 35, 181.79, 1700157, 17861
9073, 0, 1875, 3760, 3379, 1224, 0.21%, 0, 178, 35, 186.07, 1701086, 17861
9078, 0, 1875, 3761, 3380, 1224, 0.21%, 0, 178, 35, 187.64, 1702026, 17861
9083, 0, 1875, 3763, 3382, 1224, 0.21%, 0, 178, 35, 187.65, 1702967, 17863
9088, 0, 1875, 3765, 3384, 1224, 0.21%, 0, 178, 35, 187.07, 1703876, 17864
9093, 0, 1875, 3765, 3384, 1224, 0.21%, 0, 178, 35, 191.26, 1704830, 17864
9098, 0, 1875, 3765, 3384, 1224, 0.21%, 0, 178, 35, 207.64, 1705897, 17864
9104, 0, 3749, 3765, 3383, 1228, 0.21%, 0, 178, 35, 115.49, 1706536, 17864
9109, 0, 3090, 3765, 3381, 1226, 0.21%, 0, 178, 35, 219.60, 1707312, 17864
9114, 0, 3090, 3767, 3383, 1226, 0.21%, 0, 179, 35, 221.67, 1708164, 17865
9119, 0, 3090, 3768, 3384, 1226, 0.21%, 0, 179, 35, 210.78, 1709214, 17865
9124, 0, 3090, 3768, 3384, 1226, 0.21%, 0, 179, 35, 212.21, 1710306, 17865
9130, 0, 3090, 3769, 3385, 1226, 0.21%, 0, 180, 35, 27.41, 1711338, 17865
9135, 0, 3090, 3770, 3386, 1226, 0.21%, 0, 180, 35, 214.87, 1712449, 17865
9141, 0, 3090, 3771, 3387, 1226, 0.21%, 0, 181, 35, 21.59, 1713533, 17865
9146, 0, 3090, 3773, 3389, 1226, 0.21%, 0, 181, 35, 208.07, 1714587, 17865
9151, 0, 3090, 3775, 3391, 1226, 0.21%, 0, 181, 35, 208.64, 1715657, 17866
9156, 0, 3090, 3775, 3391, 1226, 0.21%, 0, 181, 35, 211.41, 1716729, 17866
9161, 0, 3090, 3776, 3392, 1226, 0.21%, 0, 181, 35, 212.84, 1717792, 17866
9166, 0, 3090, 3776, 3392, 1226, 0.21%, 0, 181, 35, 208.78, 1718832, 17866
9171, 0, 3090, 3776, 3392, 1226, 0.21%, 0, 181, 35, 221.45, 1719934, 17866
9177, 0, 1528, 3776, 3390, 1227, 0.21%, 0, 181, 35, 195.00, 1720730, 17866
9182, 0, 3704, 3776, 3389, 1226, 0.21%, 0, 181, 35, 1.18, 1721705, 17866
9188, 0, 3704, 3777, 3390, 1226, 0.21%, 0, 181, 35, 213.64, 1722812, 17866
9193, 0, 3704, 3778, 3391, 1226, 0.21%, 0, 181, 35, 227.20, 1723970, 17867
9198, 0, 887, 3779, 3391, 1227, 0.21%, 0, 181, 35, 232.67, 1724878, 17868
9203, 0, 403, 3779, 3390, 1226, 0.21%, 0, 181, 35, 216.48, 1725941, 17868
9208, 0, 2642, 3779, 3389, 1225, 0.21%, 0, 181, 35, 222.19, 1726792, 17868
9213, 0, 1096, 3779, 3388, 1224, 0.21%, 0, 181, 35, 225.59, 1727903, 17868
9218, 0, 3743, 3779, 3387, 1223, 0.21%, 0, 181, 35, 200.25, 1728702, 17868
9223, 0, 2748, 3779, 3386, 1222, 0.21%, 0, 181, 35, 215.81, 1729579, 17868
9228, 0, 1945, 3779, 3384, 1220, 0.21%, 0, 181, 35, 20.92, 1730309, 17868
9234, 0, 1981, 3780, 3384, 1219, 0.21%, 0, 181, 35, 215.04, 1731153, 17868
9239, 0, 1981, 3780, 3384, 1219, 0.21%, 0, 181, 35, 214.17, 1732230, 17868
9245, 0, 3588, 3783, 3386, 1218, 0.21%, 0, 181, 35, 23.10, 1733320, 17876
9250, 0, 3784, 3785, 3387, 1218, 0.21%, 0, 181, 35, 8.61, 1734134, 17878
9255, 0, 3178, 3786, 3386, 1216, 0.21%, 0, 181, 35, 222.21, 1735019, 17878
9260, 0, 3178, 3790, 3390, 1216, 0.21%, 0, 181, 35, 217.55, 1736099, 17886
9265, 0, 3178, 3793, 3393, 1216, 0.21%, 0, 181, 35, 201.19, 1737133, 17891
9270, 0, 3178, 3797, 3397, 1216, 0.21%, 0, 181, 35, 210.42, 1738196, 17896
9275, 0, 3178, 3800, 3400, 1216, 0.21%, 0, 181, 35, 217.32, 1739305, 17899
9280, 0, 3178, 3802, 3402, 1216, 0.21%, 0, 181, 35, 220.48, 1740419, 17902
9285, 0, 3178, 3803, 3403, 1216, 0.21%, 0, 181, 35, 221.53, 1741534, 17903
9290, 0, 3178, 3805, 3405, 1216, 0.21%, 0, 181, 35, 218.32, 1742648, 17909
9296, 0, 3793, 3805, 3404, 1230, 0.21%, 0, 181, 35, 10.68, 1743513, 17909
9301, 0, 3801, 3805, 3402, 1228, 0.21%, 0, 181, 35, 213.65, 1744339, 17909
9306, 0, 3801, 3811, 3408, 1228, 0.21%, 0, 181, 35, 213.63, 1745449, 17913
9311, 0, 3801, 3816, 3413, 1228, 0.21%, 0, 181, 35, 217.61, 1746580, 17917
9316, 0, 3801, 3820, 3417, 1228, 0.21%, 0, 181, 35, 219.95, 1747688, 17924
9321, 0, 3801, 3824, 3421, 1228, 0.21%, 0, 181, 35, 215.89, 1748776, 17934
9327, 0, 3801, 3827, 3424, 1228, 0.21%, 0, 181, 35, 215.99, 1749869, 17937
9332, 0, 3801, 3830, 3427, 1228, 0.21%, 0, 181, 35, 218.14, 1750982, 17945
9337, 0, 3801, 3832, 3429, 1228, 0.21%, 0, 181, 35, 215.23, 1752100, 17949
9342, 0, 3824, 3832, 3428, 1245, 0.21%, 0, 181, 35, 14.30, 1752921, 17949
9349, 0, 3823, 3832, 3426, 1243, 0.21%, 0, 181, 35, 7.27, 1753990, 17949
9355, 0, 3820, 3834, 3427, 1244, 0.21%, 0, 181, 35, 13.96, 1754827, 17953
9360, 0, 3820, 3842, 3435, 1244, 0.21%, 0, 181, 35, 203.97, 1755867, 17962
9365, 0, 3820, 3846, 3439, 1244, 0.21%, 0, 181, 35, 214.96, 1756975, 17967
9370, 0, 3820, 3850, 3443, 1244, 0.21%, 0, 181, 35, 217.21, 1758075, 17972
9375, 0, 3820, 3852, 3445, 1244, 0.21%, 0, 181, 35, 218.55, 1759177, 17973
9380, 0, 3820, 3854, 3447, 1244, 0.21%, 0, 181, 35, 218.21, 1760283, 17975
9385, 0, 3820, 3855, 3448, 1244, 0.21%, 0, 181, 35, 220.24, 1761406, 17976
9390, 0, 3820, 3857, 3450, 1244, 0.21%, 0, 181, 35, 218.25, 1762492, 17978
9396, 0, 3856, 3857, 3449, 1260, 0.21%, 0, 181, 35, 1.82, 1763489, 17978
9402, 0, 3814, 3857, 3447, 1258, 0.21%, 0, 181, 35, 12.54, 1764233, 17978
9407, 0, 3825, 3857, 3446, 1257, 0.21%, 0, 181, 35, 215.00, 1765006, 17978
9412, 0, 3809, 3859, 3446, 1256, 0.21%, 0, 181, 35, 215.37, 1765871, 17980
9417, 0, 3804, 3860, 3446, 1256, 0.21%, 0, 181, 35, 229.21, 1766845, 17981
9422, 0, 3804, 3863, 3449, 1256, 0.21%, 0, 181, 35, 227.23, 1768014, 17984
9427, 0, 3804, 3864, 3450, 1256, 0.21%, 0, 181, 35, 227.94, 1769165, 17986
9432, 0, 3804, 3864, 3450, 1256, 0.21%, 0, 181, 35, 228.70, 1770341, 17986
9437, 0, 3804, 3865, 3451, 1256, 0.21%, 0, 181, 35, 227.60, 1771488, 17986
9442, 0, 3804, 3868, 3454, 1256, 0.21%, 0, 181, 35, 230.56, 1772673, 17989
9447, 0, 3804, 3870, 3456, 1256, 0.21%, 0, 181, 35, 233.10, 1773871, 17991
9453, 0, 3804, 3870, 3456, 1256, 0.21%, 0, 181, 35, 233.56, 1775064, 17991
9458, 0, 3681, 3872, 3456, 1265, 0.21%, 0, 181, 35, 216.42, 1775978, 17993
9464, 0, 3858, 3873, 3455, 1264, 0.21%, 0, 181, 35, 13.85, 1776844, 17993
9469, 0, 3816, 3875, 3456, 1264, 0.21%, 0, 181, 35, 215.19, 1777784, 17994
9474, 0, 3816, 3880, 3461, 1264, 0.21%, 0, 181, 35, 218.44, 1778903, 18004
9479, 0, 3816, 3881, 3462, 1264, 0.21%, 0, 181, 35, 220.36, 1780042, 18005
9484, 0, 3816, 3881, 3462, 1264, 0.21%, 0, 181, 35, 228.18, 1781238, 18005
9489, 0, 3816, 3881, 3462, 1264, 0.21%, 0, 181, 35, 227.46, 1782366, 18005
9494, 0, 3816, 3883, 3464, 1264, 0.21%, 0, 181, 35, 225.11, 1783496, 18007
9499, 0, 3816, 3884, 3465, 1264, 0.21%, 0, 181, 35, 226.55, 1784631, 18008
9504, 0, 3816, 3885, 3466, 1264, 0.21%, 0, 181, 35, 229.44, 1785777, 18009
9509, 0, 3256, 3886, 3465, 1272, 0.21%, 0, 181, 35, 216.65, 1786606, 18010
9515, 0, 3256, 3888, 3467, 1272, 0.21%, 0, 181, 35, 217.48, 1787716, 18013
9520, 0, 3256, 3890, 3469, 1272, 0.21%, 0, 181, 35, 219.18, 1788846, 18013
9525, 0, 3256, 3891, 3470, 1272, 0.21%, 0, 182, 35, 229.81, 1789766, 18013
9530, 0, 3256, 3891, 3470, 1272, 0.21%, 0, 182, 35, 230.44, 1790946, 18013
9535, 0, 3256, 3894, 3473, 1272, 0.21%, 0, 182, 35, 220.77, 1792087, 18015
9540, 0, 3256, 3895, 3474, 1272, 0.21%, 0, 182, 35, 221.91, 1793158, 18015
9545, 0, 3256, 3897, 3476, 1272, 0.21%, 0, 182, 35, 228.31, 1794316, 18015
9550, 0, 3256, 3898, 3477, 1272, 0.21%, 0, 182, 35, 225.98, 1795491, 18015
9556, 0, 3256, 3900, 3479, 1272, 0.21%, 0, 182, 35, 216.97, 1796593, 18019
9561, 0, 3256, 3900, 3479, 1272, 0.21%, 0, 182, 35, 226.17, 1797733, 18019
9566, 0, 3256, 3900, 3479, 1272, 0.21%, 0, 182, 35, 229.59, 1798906, 18019
9571, 0, 3896, 3901, 3479, 1280, 0.21%, 0, 182, 35, 21.66, 1799852, 18020
9576, 0, 3897, 3901, 3477, 1278, 0.21%, 0, 182, 35, 216.09, 1800812, 18020
9581, 0, 3897, 3905, 3481, 1278, 0.21%, 0, 182, 35, 222.52, 1801912, 18024
9587, 0, 3897, 3911, 3487, 1278, 0.21%, 0, 182, 35, 226.27, 1803086, 18028
9592, 0, 3897, 3911, 3487, 1278, 0.21%, 0, 183, 35, 234.92, 1804019, 18028
9597, 0, 3897, 3915, 3491, 1278, 0.22%, 0, 183, 35, 225.47, 1805187, 18153
9602, 0, 3897, 3917, 3493, 1278, 0.22%, 0, 183, 35, 171.57, 1806003, 18153
9607, 0, 3897, 3920, 3496, 1278, 0.22%, 0, 184, 35, 209.50, 1806844, 18212
9612, 0, 3897, 3925, 3501, 1278, 0.22%, 0, 184, 35, 198.98, 1807879, 18213
9617, 0, 3897, 3931, 3507, 1278, 0.22%, 0, 184, 35, 210.70, 1808977, 18224
9623, 0, 3897, 3932, 3508, 1278, 0.22%, 0, 184, 35, 211.94, 1810072, 18224
9628, 0, 3897, 3933, 3509, 1278, 0.22%, 0, 184, 35, 204.67, 1811127, 18224
9633, 0, 3897, 3936, 3512, 1278, 0.22%, 0, 184, 35, 209.49, 1812192, 18225
9638, 0, 3897, 3936, 3512, 1278, 0.22%, 0, 184, 35, 216.99, 1813295, 18225
9644, 0, 3911, 3936, 3511, 1284, 0.22%, 0, 184, 35, 9.69, 1814343, 18225
9650, 0, 3908, 3938, 3511, 1284, 0.22%, 0, 184, 35, 210.00, 1815270, 18227
9655, 0, 3908, 3941, 3514, 1284, 0.22%, 0, 184, 35, 213.44, 1816383, 18232
9660, 0, 3908, 3942, 3515, 1284, 0.22%, 0, 184, 35, 216.40, 1817470, 18232
9665, 0, 3908, 3944, 3517, 1284, 0.22%, 0, 184, 35, 220.35, 1818600, 18232
9670, 0, 3908, 3945, 3518, 1284, 0.22%, 0, 184, 35, 221.72, 1819731, 18232
9675, 0, 3908, 3945, 3518, 1284, 0.22%, 0, 184, 35, 223.79, 1820871, 18232
9680, 0, 3908, 3945, 3518, 1284, 0.22%, 0, 184, 35, 220.83, 1821991, 18232
9686, 0, 3908, 3945, 3518, 1284, 0.22%, 0, 185, 35, 8.30, 1823008, 18232
9691, 0, 3908, 3945, 3518, 1284, 0.22%, 0, 185, 35, 218.26, 1824120, 18232
9696, 0, 3908, 3947, 3520, 1284, 0.22%, 0, 185, 35, 221.35, 1825238, 18234
9701, 0, 3908, 3947, 3520, 1284, 0.22%, 0, 185, 35, 217.69, 1826334, 18234
9706, 0, 3908, 3947, 3520, 1284, 0.22%, 0, 185, 35, 219.20, 1827447, 18234
9711, 0, 3908, 3947, 3520, 1284, 0.22%, 0, 185, 35, 222.60, 1828608, 18234
9716, 0, 3720, 3947, 3518, 1283, 0.22%, 0, 185, 35, 209.19, 1829326, 18234
9721, 0, 3720, 3947, 3518, 1283, 0.22%, 0, 185, 35, 217.46, 1830430, 18234
9726, 0, 3720, 3947, 3518, 1283, 0.22%, 0, 185, 35, 219.43, 1831545, 18234
9731, 0, 3720, 3947, 3518, 1283, 0.22%, 0, 185, 35, 222.14, 1832673, 18234
9736, 0, 3720, 3947, 3518, 1283, 0.22%, 0, 185, 35, 222.06, 1833785, 18234
9742, 0, 3720, 3948, 3519, 1283, 0.22%, 0, 185, 35, 222.72, 1834908, 18236
9747, 0, 3917, 3948, 3519, 1284, 0.22%, 0, 185, 35, 205.88, 1835700, 18236
9752, 0, 3917, 3953, 3524, 1284, 0.22%, 0, 186, 35, 218.88, 1836552, 18252
9757, 0, 3917, 3958, 3529, 1284, 0.22%, 0, 187, 35, 217.79, 1837420, 18252
9762, 0, 3917, 3961, 3532, 1284, 0.22%, 0, 187, 35, 216.94, 1838505, 18252
9767, 0, 3917, 3961, 3532, 1284, 0.22%, 0, 187, 35, 220.61, 1839621, 18252
9772, 0, 3917, 3965, 3536, 1284, 0.22%, 0, 187, 35, 217.64, 1840737, 18267
9777, 0, 3917, 3965, 3536, 1284, 0.22%, 0, 187, 35, 217.67, 1841841, 18267
9782, 0, 3917, 3969, 3540, 1284, 0.22%, 0, 187, 35, 217.13, 1842933, 18297
9787, 0, 3917, 3970, 3541, 1284, 0.22%, 0, 187, 35, 216.44, 1844037, 18297
9792, 0, 3917, 3971, 3542, 1284, 0.22%, 0, 187, 35, 218.33, 1845148, 18299
9797, 0, 3917, 3973, 3544, 1284, 0.22%, 0, 187, 35, 213.18, 1846226, 18302
9803, 0, 3917, 3973, 3544, 1284, 0.22%, 0, 188, 35, 224.65, 1847131, 18302
9808, 0, 3917, 3974, 3545, 1284, 0.22%, 0, 188, 35, 217.29, 1848222, 18303
9814, 0, 3956, 3974, 3544, 1291, 0.22%, 0, 188, 35, 0.58, 1849209, 18303
9819, 0, 1122, 3974, 3543, 1290, 0.22%, 0, 188, 35, 228.20, 1850435, 18303
9824, 0, 3919, 3976, 3544, 1289, 0.22%, 0, 188, 35, 221.51, 1851298, 18303
9829, 0, 3919, 3977, 3545, 1289, 0.22%, 0, 188, 35, 220.11, 1852409, 18303
9834, 0, 3919, 3980, 3548, 1289, 0.22%, 0, 188, 35, 221.01, 1853522, 18304
9839, 0, 3919, 3982, 3550, 1289, 0.22%, 0, 188, 35, 218.74, 1854632, 18304
9844, 0, 3919, 3985, 3553, 1289, 0.22%, 0, 188, 35, 219.97, 1855753, 18304
9849, 0, 3919, 3988, 3556, 1289, 0.22%, 0, 188, 35, 220.22, 1856866, 18306
9854, 0, 3919, 3989, 3557, 1289, 0.22%, 0, 188, 35, 222.88, 1857993, 18311
9860, 0, 3919, 3992, 3560, 1289, 0.22%, 0, 188, 35, 217.19, 1859086, 18313
9865, 0, 3919, 3992, 3560, 1289, 0.22%, 0, 188, 35, 223.67, 1860222, 18313
9870, 0, 3919, 3994, 3562, 1289, 0.22%, 0, 188, 35, 222.10, 1861336, 18313
9875, 0, 3919, 3995, 3563, 1289, 0.22%, 0, 188, 35, 221.87, 1862467, 18313
9881, 0, 3987, 3996, 3563, 1292, 0.22%, 0, 188, 35, 5.73, 1863520, 18314
9886, 0, 3826, 3998, 3564, 1291, 0.22%, 0, 188, 35, 211.69, 1864639, 18315
9891, 0, 3974, 3999, 3564, 1291, 0.22%, 0, 188, 35, 225.08, 1865535, 18315
9897, 0, 3973, 4000, 3564, 1290, 0.22%, 0, 188, 35, 214.64, 1866418, 18316
9902, 0, 3904, 4000, 3563, 1290, 0.22%, 0, 188, 35, 206.65, 1867282, 18316
9907, 0, 3904, 4003, 3566, 1290, 0.22%, 0, 188, 35, 205.18, 1868300, 18318
9912, 0, 3904, 4004, 3567, 1290, 0.22%, 0, 188, 35, 212.07, 1869387, 18318
9917, 0, 3904, 4009, 3572, 1290, 0.22%, 0, 188, 35, 212.38, 1870466, 18318
9922, 0, 3904, 4011, 3574, 1290, 0.22%, 0, 188, 35, 212.28, 1871548, 18318
9927, 0, 3904, 4013, 3576, 1290, 0.22%, 0, 188, 35, 212.40, 1872622, 18318
9932, 0, 3904, 4014, 3577, 1290, 0.22%, 0, 188, 35, 218.24, 1873717, 18319
9937, 0, 3904, 4015, 3578, 1290, 0.22%, 0, 188, 35, 217.30, 1874844, 18319
9942, 0, 3904, 4015, 3578, 1290, 0.22%, 0, 188, 35, 217.00, 1875976, 18319
9947, 0, 3904, 4018, 3581, 1290, 0.22%, 0, 188, 35, 216.32, 1877065, 18321
9952, 0, 3904, 4019, 3582, 1290, 0.22%, 0, 188, 35, 221.83, 1878192, 18321
9957, 0, 3904, 4020, 3583, 1290, 0.22%, 0, 188, 35, 218.26, 1879287, 18321
9963, 0, 3904, 4020, 3583, 1290, 0.22%, 0, 188, 35, 223.08, 1880451, 18321
9968, 0, 3871, 4022, 3583, 1293, 0.22%, 0, 188, 35, 223.85, 1881262, 18323
9973, 0, 3871, 4023, 3584, 1293, 0.22%, 0, 188, 35, 224.38, 1882405, 18325
9978, 0, 3871, 4024, 3585, 1293, 0.22%, 0, 188, 35, 220.34, 1883524, 18326
9983, 0, 3871, 4024, 3585, 1293, 0.22%, 0, 188, 35, 224.04, 1884648, 18326
9988, 0, 4024, 4025, 3585, 1296, 0.22%, 0, 188, 35, 7.93, 1885503, 18327
9994, 0, 3986, 4025, 3583, 1294, 0.22%, 0, 188, 35, 11.75, 1886589, 18327
9999, 0, 3985, 4025, 3582, 1293, 0.22%, 0, 188, 35, 228.39, 1887510, 18327
10004, 0, 3985, 4025, 3582, 1293, 0.22%, 0, 188, 35, 223.68, 1888652, 18327
10010, 0, 3966, 4025, 3580, 1291, 0.22%, 0, 188, 35, 14.47, 1889734, 18327
10015, 0, 3966, 4033, 3588, 1291, 0.22%, 0, 188, 35, 208.75, 1890777, 18415
10020, 0, 3966, 4034, 3589, 1291, 0.22%, 0, 188, 35, 209.38, 1891824, 18416
10026, 0, 3966, 4035, 3590, 1291, 0.22%, 0, 190, 35, 8.25, 1892617, 18416
10031, 0, 3966, 4037, 3592, 1291, 0.22%, 0, 190, 35, 213.76, 1893695, 18416
10036, 0, 3966, 4038, 3593, 1291, 0.22%, 0, 190, 35, 215.63, 1894810, 18416
10041, 0, 3966, 4040, 3595, 1291, 0.22%, 0, 190, 35, 208.71, 1895888, 18416
10046, 0, 3966, 4041, 3596, 1291, 0.22%, 0, 190, 35, 210.67, 1896971, 18416
10052, 0, 3966, 4043, 3598, 1291, 0.22%, 0, 190, 35, 209.69, 1898033, 18416
10057, 0, 3966, 4043, 3598, 1291, 0.22%, 0, 190, 35, 214.99, 1899117, 18416
10062, 0, 3966, 4045, 3600, 1291, 0.22%, 0, 190, 35, 214.63, 1900215, 18418
10067, 0, 3966, 4045, 3600, 1291, 0.22%, 0, 190, 35, 210.53, 1901303, 18418
10072, 0, 3966, 4049, 3604, 1291, 0.22%, 0, 190, 35, 214.06, 1902383, 18420
10078, 0, 4044, 4049, 3603, 1290, 0.22%, 0, 190, 35, 9.31, 1903314, 18420
10083, 0, 3717, 4049, 3601, 1288, 0.22%, 0, 190, 35, 0.96, 1904302, 18420
10089, 0, 3717, 4050, 3602, 1288, 0.22%, 0, 190, 35, 212.40, 1905418, 18420
10094, 0, 3717, 4052, 3604, 1288, 0.22%, 0, 190, 35, 209.54, 1906496, 18420
10099, 0, 3717, 4053, 3605, 1288, 0.22%, 0, 190, 35, 213.83, 1907583, 18422
10104, 0, 3717, 4053, 3605, 1288, 0.22%, 0, 190, 35, 216.01, 1908663, 18422
10109, 0, 3717, 4053, 3605, 1288, 0.22%, 0, 190, 35, 213.65, 1909747, 18422
10114, 0, 3717, 4054, 3606, 1288, 0.22%, 0, 190, 35, 218.74, 1910850, 18422
10119, 0, 3717, 4055, 3607, 1288, 0.22%, 0, 190, 35, 219.26, 1911957, 18422
10124, 0, 3717, 4055, 3607, 1288, 0.22%, 0, 190, 35, 215.10, 1913033, 18422
10129, 0, 3717, 4056, 3608, 1288, 0.22%, 0, 190, 35, 218.57, 1914144, 18422
10134, 0, 3717, 4058, 3610, 1288, 0.22%, 0, 190, 35, 218.95, 1915250, 18423
10139, 0, 3717, 4059, 3611, 1288, 0.22%, 0, 190, 35, 213.55, 1916317, 18423
10144, 0, 3717, 4059, 3611, 1288, 0.22%, 0, 190, 35, 221.15, 1917436, 18423
10149, 0, 3532, 4059, 3609, 1288, 0.22%, 0, 190, 35, 202.86, 1918177, 18423
10154, 0, 4048, 4059, 3608, 1287, 0.22%, 0, 190, 35, 216.36, 1919085, 18423
10159, 0, 4038, 4063, 3611, 1286, 0.22%, 0, 190, 36, 205.94, 1919930, 18425
10165, 0, 4038, 4070, 3618, 1286, 0.22%, 0, 191, 36, 202.99, 1920792, 18445
10170, 0, 4038, 4071, 3619, 1286, 0.22%, 0, 191, 36, 210.69, 1921855, 18445
10175, 0, 4038, 4075, 3623, 1286, 0.22%, 0, 191, 36, 214.65, 1922927, 18457
10180, 0, 4038, 4077, 3625, 1286, 0.22%, 0, 191, 36, 214.38, 1923989, 18458
10185, 0, 4038, 4078, 3626, 1286, 0.22%, 0, 191, 36, 212.51, 1925052, 18458
10190, 0, 4038, 4083, 3631, 1286, 0.22%, 0, 191, 36, 210.58, 1926119, 18471
10195, 0, 4038, 4085, 3633, 1286, 0.22%, 0, 191, 36, 215.59, 1927201, 18473
10200, 0, 4038, 4085, 3633, 1286, 0.22%, 0, 191, 36, 214.16, 1928269, 18473
10205, 0, 4038, 4087, 3635, 1286, 0.22%, 0, 191, 36, 212.45, 1929371, 18478
10210, 0, 4038, 4092, 3640, 1286, 0.22%, 0, 191, 36, 205.98, 1930410, 18485
10215, 0, 4038, 4094, 3642, 1286, 0.22%, 0, 193, 36, 205.25, 1931030, 18514
10220, 0, 4038, 4094, 3642, 1286, 0.22%, 0, 193, 36, 216.82, 1932164, 18514
10225, 0, 4088, 4094, 3641, 1286, 0.22%, 0, 193, 36, 5.39, 1932925, 18514
10231, 0, 3774, 4094, 3639, 1284, 0.22%, 0, 193, 36, 206.20, 1934045, 18514
10236, 0, 4093, 4095, 3639, 1284, 0.22%, 0, 193, 36, 222.93, 1934928, 18515
10241, 0, 4092, 4096, 3639, 1283, 0.22%, 0, 193, 37, 193.72, 1935747, 18562
10246, 0, 4092, 4099, 3642, 1283, 0.22%, 0, 194, 37, 16.74, 1936639, 18564
10252, 0, 4092, 4102, 3645, 1283, 0.22%, 0, 195, 37, 16.01, 1937409, 18564
10257, 0, 4092, 4104, 3647, 1283, 0.22%, 0, 195, 37, 205.41, 1938423, 18567
10262, 0, 4092, 4107, 3650, 1283, 0.22%, 0, 195, 37, 202.16, 1939452, 18573
10267, 0, 4092, 4109, 3652, 1283, 0.22%, 0, 196, 37, 121.71, 1940216, 18574
10272, 0, 4092, 4113, 3656, 1283, 0.22%, 0, 196, 37, 179.16, 1941191, 18587
10277, 0, 4092, 4114, 3657, 1283, 0.22%, 0, 196, 37, 195.33, 1942182, 18587
10282, 0, 4092, 4118, 3661, 1283, 0.22%, 0, 197, 37, 203.15, 1942964, 18587
10287, 0, 4092, 4119, 3662, 1283, 0.22%, 0, 197, 37, 213.85, 1944043, 18588
10292, 0, 1316, 4119, 3660, 1282, 0.22%, 0, 197, 37, 140.22, 1944834, 18588
10298, 0, 4072, 4120, 3660, 1281, 0.22%, 0, 197, 37, 215.12, 1945683, 18588
10303, 0, 4072, 4122, 3662, 1281, 0.22%, 0, 197, 37, 211.85, 1946761, 18588
10308, 0, 4072, 4124, 3664, 1281, 0.22%, 0, 197, 37, 213.93, 1947859, 18603
10313, 0, 4072, 4125, 3665, 1281, 0.22%, 0, 197, 37, 220.36, 1948986, 18603
10318, 0, 4072, 4125, 3665, 1281, 0.22%, 0, 197, 37, 220.84, 1950098, 18603
10323, 0, 4072, 4125, 3665, 1281, 0.22%, 0, 197, 37, 223.41, 1951226, 18603
10328, 0, 4072, 4126, 3666, 1281, 0.22%, 0, 197, 37, 220.61, 1952337, 18604
10333, 0, 4072, 4128, 3668, 1281, 0.22%, 0, 197, 37, 220.58, 1953447, 18613
10338, 0, 4072, 4129, 3669, 1281, 0.22%, 0, 197, 37, 222.10, 1954566, 18613
10343, 0, 4072, 4133, 3673, 1281, 0.22%, 0, 197, 37, 217.83, 1955686, 18623
10348, 0, 4072, 4134, 3674, 1281, 0.22%, 0, 197, 37, 221.60, 1956805, 18623
10353, 0, 4072, 4134, 3674, 1281, 0.22%, 0, 197, 37, 223.16, 1957925, 18623
10359, 0, 4133, 4134, 3673, 1286, 0.22%, 0, 197, 37, 13.06, 1958884, 18623
10364, 0, 3249, 4135, 3673, 1285, 0.22%, 0, 197, 37, 210.96, 1959984, 18623
10369, 0, 3249, 4135, 3673, 1285, 0.22%, 0, 197, 37, 219.35, 1961131, 18623
10374, 0, 4123, 4135, 3672, 1284, 0.22%, 0, 197, 37, 204.26, 1961990, 18623
10380, 0, 4123, 4135, 3672, 1284, 0.22%, 0, 197, 37, 215.95, 1963124, 18623
10385, 0, 4123, 4135, 3672, 1284, 0.22%, 0, 197, 37, 221.32, 1964257, 18623
10390, 0, 3309, 4135, 3671, 1283, 0.22%, 0, 197, 37, 222.59, 1965407, 18623
10395, 0, 4001, 4137, 3672, 1282, 0.22%, 0, 197, 37, 213.26, 1966208, 18623
10400, 0, 4001, 4137, 3672, 1282, 0.22%, 0, 197, 37, 216.81, 1967308, 18623
10405, 0, 4001, 4137, 3672, 1282, 0.22%, 0, 197, 37, 215.41, 1968421, 18623
10410, 0, 4001, 4137, 3672, 1282, 0.22%, 0, 197, 37, 220.63, 1969524, 18623
10415, 0, 3425, 4144, 3678, 1281, 0.22%, 0, 197, 37, 221.26, 1970638, 18633
10420, 0, 3425, 4151, 3685, 1281, 0.22%, 0, 197, 37, 222.13, 1971763, 18643
10425, 0, 3425, 4153, 3687, 1281, 0.22%, 0, 197, 37, 221.75, 1972885, 18647
10430, 0, 3425, 4157, 3691, 1281, 0.22%, 0, 197, 37, 221.17, 1974005, 18653
10435, 0, 3425, 4161, 3695, 1281, 0.22%, 0, 197, 37, 221.50, 1975137, 18657
10441, 0, 3425, 4161, 3695, 1281, 0.22%, 0, 197, 37, 221.38, 1976257, 18657
10446, 0, 3425, 4165, 3699, 1281, 0.22%, 0, 197, 37, 220.67, 1977373, 18660
10451, 0, 3425, 4167, 3701, 1281, 0.22%, 0, 197, 37, 224.35, 1978503, 18662
10457, 0, 4159, 4167, 3698, 1303, 0.22%, 0, 197, 37, 8.09, 1979228, 18662
10462, 0, 3990, 4169, 3699, 1302, 0.22%, 0, 197, 37, 220.96, 1980102, 18664
10467, 0, 3990, 4171, 3701, 1302, 0.22%, 0, 198, 37, 15.08, 1981013, 18664
10472, 0, 3990, 4174, 3704, 1302, 0.22%, 0, 199, 37, 221.94, 1981871, 18670
10477, 0, 3990, 4177, 3707, 1302, 0.22%, 0, 199, 37, 216.64, 1982960, 18671
10482, 0, 3990, 4180, 3710, 1302, 0.22%, 0, 199, 37, 215.95, 1984034, 18671
10487, 0, 3990, 4181, 3711, 1302, 0.22%, 0, 199, 37, 216.18, 1985109, 18671
10493, 0, 3990, 4183, 3713, 1302, 0.22%, 0, 200, 37, 219.78, 1986000, 18682
10498, 0, 3990, 4184, 3714, 1302, 0.22%, 0, 201, 37, 213.84, 1986888, 18682
10503, 0, 3990, 4185, 3715, 1302, 0.22%, 0, 201, 37, 210.20, 1987951, 18682
10508, 0, 3990, 4187, 3717, 1302, 0.22%, 0, 201, 37, 214.31, 1989033, 18683
10513, 0, 3990, 4189, 3719, 1302, 0.22%, 0, 201, 37, 217.46, 1990119, 18683
10518, 0, 3990, 4189, 3719, 1302, 0.22%, 0, 201, 37, 218.85, 1991223, 18683
10523, 0, 3990, 4189, 3719, 1302, 0.22%, 0, 201, 37, 219.55, 1992353, 18683
10528, 0, 3990, 4189, 3719, 1302, 0.22%, 0, 201, 37, 223.08, 1993477, 18683
10533, 0, 3282, 4192, 3720, 1308, 0.22%, 0, 201, 37, 203.11, 1994239, 18687
10538, 0, 3282, 4194, 3722, 1308, 0.22%, 0, 201, 37, 216.47, 1995357, 18690
10543, 0, 3282, 4194, 3722, 1308, 0.22%, 0, 201, 37, 217.42, 1996481, 18690
10548, 0, 3282, 4195, 3723, 1308, 0.22%, 0, 201, 37, 220.11, 1997596, 18691
10553, 0, 3282, 4198, 3726, 1308, 0.22%, 0, 201, 37, 223.83, 1998717, 18694
10558, 0, 3282, 4199, 3727, 1308, 0.22%, 0, 201, 37, 220.68, 1999820, 18695
10564, 0, 3282, 4200, 3728, 1308, 0.22%, 0, 201, 37, 223.56, 2000951, 18696
10569, 0, 3282, 4201, 3729, 1308, 0.22%, 0, 201, 37, 220.46, 2002057, 18697
10574, 0, 4188, 4206, 3733, 1318, 0.22%, 0, 201, 37, 204.88, 2002798, 18700
10579, 0, 4188, 4212, 3739, 1318, 0.22%, 0, 201, 37, 210.58, 2003868, 18700
10584, 0, 4188, 4213, 3740, 1318, 0.22%, 0, 201, 37, 218.62, 2005011, 18700
10589, 0, 4188, 4213, 3740, 1318, 0.22%, 0, 201, 37, 217.57, 2006107, 18700
10594, 0, 4188, 4215, 3742, 1318, 0.22%, 0, 201, 37, 220.93, 2007221, 18708
10599, 0, 4188, 4218, 3745, 1318, 0.22%, 0, 201, 37, 218.48, 2008330, 18714
10604, 0, 4188, 4218, 3745, 1318, 0.22%, 0, 202, 37, 223.68, 2009219, 18714
10609, 0, 4188, 4220, 3747, 1318, 0.22%, 0, 202, 37, 219.43, 2010317, 18714
10614, 0, 4188, 4221, 3748, 1318, 0.22%, 0, 202, 37, 221.16, 2011432, 18714
10619, 0, 4188, 4221, 3748, 1318, 0.22%, 0, 202, 37, 217.80, 2012532, 18714
10624, 0, 4188, 4222, 3749, 1318, 0.22%, 0, 203, 37, 218.01, 2013424, 18715
10629, 0, 4188, 4224, 3751, 1318, 0.22%, 0, 203, 37, 218.57, 2014526, 18717
10635, 0, 4188, 4224, 3751, 1318, 0.22%, 0, 203, 37, 221.41, 2015663, 18717
10640, 0, 3376, 4224, 3749, 1321, 0.22%, 0, 203, 37, 197.17, 2016399, 18717
10645, 0, 4216, 4224, 3747, 1319, 0.22%, 0, 203, 37, 0.87, 2017308, 18717
10650, 0, 4216, 4232, 3755, 1319, 0.22%, 0, 204, 37, 208.11, 2018116, 18724
10655, 0, 4216, 4237, 3760, 1319, 0.22%, 0, 204, 37, 209.51, 2019132, 18724
10660, 0, 4216, 4240, 3763, 1319, 0.22%, 0, 204, 37, 213.55, 2020197, 18724
10666, 0, 4216, 4246, 3769, 1319, 0.22%, 0, 205, 37, 4.69, 2021028, 18726
10671, 0, 4216, 4251, 3774, 1319, 0.22%, 0, 205, 37, 203.17, 2022043, 18747
10676, 0, 4216, 4251, 3774, 1319, 0.22%, 0, 205, 37, 202.20, 2023064, 18747
10681, 0, 4216, 4251, 3774, 1319, 0.22%, 0, 205, 37, 208.06, 2024116, 18747
10686, 0, 4216, 4253, 3776, 1319, 0.22%, 0, 205, 37, 209.05, 2025202, 18761
10691, 0, 4216, 4254, 3777, 1319, 0.22%, 0, 205, 37, 207.93, 2026237, 18761
10696, 0, 4216, 4259, 3782, 1319, 0.22%, 0, 205, 37, 205.70, 2027312, 18763
10701, 0, 4216, 4262, 3785, 1319, 0.22%, 0, 205, 37, 206.81, 2028365, 18763
10707, 0, 4216, 4263, 3786, 1319, 0.22%, 0, 205, 37, 208.58, 2029464, 18763
10712, 0, 4216, 4263, 3786, 1319, 0.22%, 0, 205, 37, 219.57, 2030614, 18763
10717, 0, 2876, 4263, 3784, 1326, 0.22%, 0, 205, 37, 201.80, 2031351, 18763
10722, 0, 4214, 4264, 3784, 1325, 0.22%, 0, 205, 37, 217.95, 2032219, 18766
10727, 0, 4214, 4269, 3789, 1325, 0.22%, 0, 205, 37, 214.76, 2033298, 18772
10732, 0, 4214, 4271, 3791, 1325, 0.22%, 0, 205, 37, 215.61, 2034400, 18778
10737, 0, 4214, 4275, 3795, 1325, 0.22%, 0, 205, 37, 214.83, 2035496, 18779
10742, 0, 4214, 4277, 3797, 1325, 0.22%, 0, 205, 37, 217.11, 2036602, 18780
10747, 0, 4214, 4279, 3799, 1325, 0.22%, 0, 205, 37, 217.44, 2037700, 18780
10752, 0, 4214, 4279, 3799, 1325, 0.22%, 0, 205, 37, 221.31, 2038820, 18780
10757, 0, 4214, 4280, 3800, 1325, 0.22%, 0, 205, 37, 220.93, 2039939, 18780
10762, 0, 4214, 4282, 3802, 1325, 0.22%, 0, 205, 37, 219.80, 2041034, 18785
10767, 0, 4214, 4282, 3802, 1325, 0.22%, 0, 205, 37, 217.02, 2042126, 18785
10773, 0, 4214, 4283, 3803, 1325, 0.22%, 0, 205, 37, 219.63, 2043233, 18785
10778, 0, 4214, 4283, 3803, 1325, 0.22%, 0, 205, 37, 223.38, 2044365, 18785
10783, 0, 4278, 4283, 3802, 1330, 0.22%, 0, 205, 37, 19.91, 2045308, 18785
10788, 0, 4266, 4290, 3808, 1329, 0.22%, 0, 205, 38, 206.87, 2046355, 18789
10793, 0, 4266, 4295, 3813, 1329, 0.22%, 0, 205, 38, 210.72, 2047406, 18789
10799, 0, 4266, 4296, 3814, 1329, 0.22%, 0, 205, 38, 207.06, 2048462, 18789
10804, 0, 4266, 4299, 3817, 1329, 0.22%, 0, 205, 38, 215.46, 2049563, 18789
10809, 0, 4266, 4300, 3818, 1329, 0.22%, 0, 206, 38, 220.82, 2050427, 18789
10814, 0, 4266, 4306, 3824, 1329, 0.22%, 0, 206, 38, 217.38, 2051521, 18801
10819, 0, 4266, 4307, 3825, 1329, 0.22%, 0, 207, 38, 4.68, 2052533, 18804
10824, 0, 4266, 4307, 3825, 1329, 0.22%, 0, 207, 38, 21.96, 2053526, 18804
10830, 0, 4266, 4308, 3826, 1329, 0.22%, 0, 207, 38, 217.73, 2054637, 18805
10835, 0, 4266, 4308, 3826, 1329, 0.22%, 0, 207, 38, 215.07, 2055730, 18805
10840, 0, 4266, 4309, 3827, 1329, 0.22%, 0, 207, 38, 219.75, 2056845, 18805
10845, 0, 4266, 4311, 3829, 1329, 0.22%, 0, 207, 38, 218.31, 2057967, 18806
10851, 0, 4308, 4311, 3828, 1338, 0.22%, 0, 207, 38, 21.05, 2058934, 18806
10856, 0, 4243, 4313, 3828, 1337, 0.22%, 0, 207, 38, 179.04, 2059776, 18807
10861, 0, 4243, 4317, 3832, 1337, 0.22%, 0, 207, 38, 209.67, 2060881, 18809
10866, 0, 4243, 4319, 3834, 1337, 0.22%, 0, 207, 38, 214.95, 2061999, 18809
10871, 0, 4243, 4320, 3835, 1337, 0.22%, 0, 207, 38, 218.92, 2063106, 18809
10876, 0, 4243, 4320, 3835, 1337, 0.22%, 0, 207, 38, 220.05, 2064222, 18809
10881, 0, 4243, 4322, 3837, 1337, 0.22%, 0, 207, 38, 219.52, 2065328, 18811
10886, 0, 4243, 4322, 3837, 1337, 0.22%, 0, 207, 38, 222.72, 2066452, 18811
10891, 0, 4243, 4323, 3838, 1337, 0.22%, 0, 207, 38, 222.51, 2067575, 18811
10896, 0, 4243, 4324, 3839, 1337, 0.22%, 0, 207, 38, 223.15, 2068702, 18811
10902, 0, 4243, 4324, 3839, 1337, 0.22%, 0, 207, 38, 222.42, 2069822, 18811
10907, 0, 4243, 4327, 3842, 1337, 0.22%, 0, 207, 38, 216.80, 2070915, 18812
10912, 0, 4243, 4328, 3843, 1337, 0.22%, 0, 207, 38, 222.28, 2072052, 18812
10917, 0, 4243, 4328, 3843, 1337, 0.22%, 0, 207, 38, 224.81, 2073188, 18812
10922, 0, 3673, 4329, 3842, 1339, 0.22%, 0, 207, 38, 202.20, 2073919, 18813
10927, 0, 4247, 4336, 3848, 1338, 0.22%, 0, 207, 38, 188.77, 2074742, 18814
10933, 0, 4247, 4341, 3853, 1338, 0.22%, 0, 209, 38, 33.50, 2075545, 18816
10939, 0, 4247, 4345, 3857, 1338, 0.22%, 0, 210, 38, 15.15, 2076554, 18821
10944, 0, 4247, 4350, 3862, 1338, 0.22%, 0, 210, 38, 206.64, 2077605, 18824
10949, 0, 4247, 4354, 3866, 1338, 0.22%, 0, 211, 38, 213.50, 2078458, 18827
10954, 0, 4247, 4357, 3869, 1338, 0.22%, 0, 212, 38, 8.30, 2079300, 18830
10959, 0, 4247, 4358, 3870, 1338, 0.22%, 0, 212, 38, 212.04, 2080359, 18830
10964, 0, 4247, 4360, 3872, 1338, 0.22%, 0, 212, 38, 204.35, 2081393, 18830
10969, 0, 4247, 4361, 3873, 1338, 0.22%, 0, 212, 38, 212.98, 2082456, 18830
10975, 0, 4247, 4364, 3876, 1338, 0.22%, 0, 212, 38, 212.99, 2083565, 18831
10980, 0, 4247, 4366, 3878, 1338, 0.22%, 0, 212, 38, 213.00, 2084639, 18831
10985, 0, 4247, 4370, 3882, 1338, 0.22%, 0, 212, 38, 207.45, 2085683, 18831
10990, 0, 4247, 4370, 3882, 1338, 0.22%, 0, 214, 38, 187.48, 2086342, 18831
10995, 0, 4247, 4370, 3882, 1338, 0.22%, 0, 214, 38, 203.79, 2087337, 18831
11000, 0, 2853, 4370, 3880, 1346, 0.22%, 0, 214, 38, 176.73, 2088036, 18831
11005, 0, 4368, 4370, 3879, 1345, 0.22%, 0, 214, 38, 200.00, 2088928, 18831
11010, 0, 4368, 4374, 3883, 1345, 0.22%, 0, 214, 39, 207.10, 2089993, 18832
11015, 0, 4368, 4381, 3890, 1345, 0.22%, 0, 215, 39, 203.17, 2090867, 18834
11021, 0, 4368, 4383, 3892, 1345, 0.22%, 0, 216, 39, 21.55, 2091770, 18856
11026, 0, 4368, 4384, 3893, 1345, 0.22%, 0, 217, 39, 18.44, 2092706, 18856
11031, 0, 4368, 4385, 3894, 1345, 0.22%, 0, 217, 39, 214.43, 2093809, 18856
11036, 0, 4368, 4386, 3895, 1345, 0.22%, 0, 217, 39, 216.59, 2094900, 18857
11041, 0, 4368, 4388, 3897, 1345, 0.22%, 0, 217, 39, 214.78, 2095990, 18858
11046, 0, 4368, 4389, 3898, 1345, 0.22%, 0, 217, 39, 217.60, 2097085, 18858
11051, 0, 4368, 4390, 3899, 1345, 0.22%, 0, 218, 39, 220.87, 2097997, 18858
11056, 0, 4368, 4392, 3901, 1345, 0.22%, 0, 218, 39, 220.08, 2099111, 18858
11061, 0, 4368, 4394, 3903, 1345, 0.22%, 0, 218, 39, 218.70, 2100213, 18858
11066, 0, 4368, 4394, 3903, 1345, 0.22%, 0, 218, 39, 220.64, 2101325, 18858
11073, 0, 4382, 4395, 3903, 1341, 0.22%, 0, 218, 39, 15.30, 2102392, 18859
11078, 0, 4178, 4396, 3903, 1340, 0.22%, 0, 218, 39, 213.42, 2103481, 18859
11083, 0, 4178, 4396, 3903, 1340, 0.22%, 0, 218, 39, 221.28, 2104604, 18859
11088, 0, 4389, 4396, 3902, 1339, 0.22%, 0, 218, 39, 225.10, 2105415, 18859
11093, 0, 4389, 4397, 3903, 1339, 0.22%, 0, 218, 40, 221.33, 2106522, 18866
11098, 0, 4389, 4397, 3903, 1339, 0.22%, 0, 218, 40, 220.21, 2107638, 18866
11103, 0, 4390, 4397, 3902, 1336, 0.22%, 0, 218, 40, 212.72, 2108420, 18866
11108, 0, 4390, 4397, 3902, 1336, 0.22%, 0, 218, 40, 216.39, 2109543, 18866
11114, 0, 1602, 4397, 3901, 1335, 0.22%, 0, 218, 40, 226.26, 2110725, 18866
11119, 0, 4054, 4397, 3900, 1334, 0.22%, 0, 218, 40, 215.00, 2111525, 18866
11124, 0, 4054, 4399, 3902, 1334, 0.22%, 0, 218, 40, 216.35, 2112609, 18866
11129, 0, 4054, 4400, 3903, 1334, 0.22%, 0, 218, 40, 213.13, 2113676, 18868
11134, 0, 4054, 4400, 3903, 1334, 0.22%, 0, 218, 40, 218.89, 2114784, 18868
11139, 0, 4054, 4400, 3903, 1334, 0.22%, 0, 218, 40, 220.86, 2115904, 18868
11144, 0, 4054, 4400, 3903, 1334, 0.22%, 0, 218, 40, 220.44, 2117024, 18868
11149, 0, 4054, 4401, 3904, 1334, 0.22%, 0, 218, 40, 216.06, 2118103, 18874
11154, 0, 4054, 4401, 3904, 1334, 0.22%, 0, 218, 40, 220.48, 2119223, 18874
11159, 0, 4054, 4402, 3905, 1334, 0.22%, 0, 218, 40, 216.63, 2120330, 18874
11164, 0, 4054, 4402, 3905, 1334, 0.22%, 0, 218, 40, 221.29, 2121458, 18874
11169, 0, 4054, 4402, 3905, 1334, 0.22%, 0, 218, 40, 219.66, 2122566, 18874
11174, 0, 4054, 4402, 3905, 1334, 0.22%, 0, 218, 40, 223.03, 2123695, 18874
11179, 0, 4054, 4403, 3906, 1334, 0.23%, 0, 218, 40, 223.48, 2124822, 18875
11184, 0, 1941, 4405, 3906, 1335, 0.23%, 0, 218, 40, 200.81, 2125559, 18877
11189, 0, 1941, 4405, 3906, 1335, 0.23%, 0, 218, 40, 212.44, 2126651, 18877
11194, 0, 1941, 4406, 3907, 1335, 0.23%, 0, 218, 40, 216.88, 2127750, 18878
11200, 0, 1941, 4406, 3907, 1335, 0.23%, 0, 218, 40, 222.03, 2128878, 18878
11205, 0, 1941, 4406, 3907, 1335, 0.23%, 0, 218, 40, 217.53, 2129978, 18878
11210, 0, 1941, 4408, 3909, 1335, 0.23%, 0, 218, 40, 217.01, 2131090, 18882
11215, 0, 4068, 4408, 3908, 1337, 0.23%, 0, 218, 40, 204.39, 2131778, 18882
11220, 0, 4068, 4408, 3908, 1337, 0.23%, 0, 218, 40, 213.76, 2132885, 18882
11225, 0, 788, 4408, 3907, 1336, 0.23%, 0, 218, 40, 227.71, 2134073, 18882
11230, 0, 4396, 4410, 3908, 1335, 0.23%, 0, 218, 41, 159.05, 2134655, 18882
11235, 0, 4396, 4414, 3912, 1335, 0.23%, 0, 218, 41, 175.12, 2135554, 18882
11241, 0, 4396, 4417, 3915, 1335, 0.23%, 0, 218, 41, 177.17, 2136448, 18884
11246, 0, 4396, 4417, 3915, 1335, 0.23%, 0, 219, 41, 189.83, 2137152, 18884
11252, 0, 4396, 4417, 3915, 1335, 0.23%, 0, 220, 41, 19.20, 2138095, 18884
11257, 0, 4396, 4419, 3917, 1335, 0.23%, 0, 220, 41, 185.83, 2139030, 18886
11262, 0, 4396, 4420, 3918, 1335, 0.23%, 0, 220, 41, 185.99, 2139997, 18886
11267, 0, 4396, 4421, 3919, 1335, 0.23%, 0, 221, 41, 173.09, 2140689, 18886
11272, 0, 4396, 4423, 3921, 1335, 0.23%, 0, 221, 41, 184.45, 2141600, 18886
11277, 0, 4396, 4423, 3921, 1335, 0.23%, 0, 221, 41, 195.23, 2142569, 18886
11282, 0, 4417, 4423, 3920, 1337, 0.23%, 0, 221, 41, 9.79, 2143324, 18886
11288, 0, 3980, 4424, 3919, 1336, 0.23%, 0, 221, 41, 210.66, 2144191, 18887
11293, 0, 1820, 4424, 3918, 1335, 0.23%, 0, 221, 41, 220.84, 2145344, 18887
11298, 0, 1820, 4425, 3919, 1335, 0.23%, 0, 221, 41, 216.72, 2146451, 18888
11303, 0, 4416, 4425, 3918, 1335, 0.23%, 0, 221, 41, 202.20, 2147270, 18888
11308, 0, 3329, 4428, 3920, 1334, 0.23%, 0, 221, 41, 215.89, 2148373, 18891
11313, 0, 3329, 4429, 3921, 1334, 0.23%, 0, 221, 41, 222.12, 2149500, 18892
11318, 0, 3329, 4435, 3927, 1334, 0.23%, 0, 221, 41, 222.88, 2150622, 18898
11323, 0, 3329, 4441, 3933, 1334, 0.23%, 0, 221, 41, 217.53, 2151716, 18908
11328, 0, 3329, 4444, 3936, 1334, 0.23%, 0, 221, 41, 218.67, 2152829, 18911
11333, 0, 3329, 4446, 3938, 1334, 0.23%, 0, 221, 41, 207.72, 2153823, 18913
11338, 0, 3329, 4449, 3941, 1334, 0.23%, 0, 221, 41, 219.91, 2154948, 18919
11343, 0, 3329, 4450, 3942, 1334, 0.23%, 0, 221, 41, 224.66, 2156082, 18920
11348, 0, 509, 4450, 3940, 1355, 0.23%, 0, 221, 41, 216.35, 2156861, 18920
11354, 0, 4437, 4450, 3939, 1354, 0.23%, 0, 221, 41, 223.15, 2157718, 18920
11359, 0, 4126, 4451, 3939, 1353, 0.23%, 0, 221, 41, 220.23, 2158822, 19069
11364, 0, 4126, 4457, 3945, 1353, 0.23%, 0, 221, 41, 218.74, 2159920, 19071
11369, 0, 4126, 4458, 3946, 1353, 0.23%, 0, 221, 41, 217.76, 2161019, 19076
11374, 0, 4126, 4459, 3947, 1353, 0.23%, 0, 221, 41, 222.36, 2162146, 19076
11379, 0, 4126, 4459, 3947, 1353, 0.23%, 0, 221, 41, 223.06, 2163282, 19076
11384, 0, 4126, 4459, 3947, 1353, 0.23%, 0, 221, 41, 220.84, 2164402, 19076
11389, 0, 4126, 4460, 3948, 1353, 0.23%, 0, 221, 41, 213.26, 2165453, 19076
11394, 0, 4126, 4461, 3949, 1353, 0.23%, 0, 221, 41, 221.87, 2166588, 19076
11399, 0, 4126, 4461, 3949, 1353, 0.23%, 0, 221, 41, 219.94, 2167704, 19076
11404, 0, 4126, 4462, 3950, 1353, 0.23%, 0, 221, 41, 220.29, 2168827, 19084
11409, 0, 4126, 4462, 3950, 1353, 0.23%, 0, 221, 41, 223.07, 2169947, 19084
11414, 0, 4126, 4462, 3950, 1353, 0.23%, 0, 221, 41, 225.89, 2171094, 19084
11419, 0, 1497, 4462, 3948, 1352, 0.23%, 0, 221, 41, 201.49, 2171875, 19084
11425, 0, 4017, 4465, 3950, 1353, 0.23%, 0, 221, 41, 26.45, 2172814, 19087
11430, 0, 4017, 4471, 3956, 1353, 0.23%, 0, 222, 41, 215.69, 2173637, 19088
11435, 0, 4017, 4475, 3960, 1353, 0.23%, 0, 222, 41, 213.06, 2174697, 19089
11440, 0, 4017, 4476, 3961, 1353, 0.23%, 0, 223, 41, 223.39, 2175561, 19089
11445, 0, 4017, 4478, 3963, 1353, 0.23%, 0, 223, 41, 218.65, 2176675, 19089
11450, 0, 4017, 4478, 3963, 1353, 0.23%, 0, 223, 41, 214.54, 2177743, 19089
11455, 0, 4017, 4478, 3963, 1353, 0.23%, 0, 223, 41, 218.22, 2178839, 19089
11460, 0, 4017, 4480, 3965, 1353, 0.23%, 0, 223, 41, 213.68, 2179913, 19089
11465, 0, 4017, 4483, 3968, 1353, 0.23%, 0, 223, 41, 214.03, 2180994, 19090
11470, 0, 4017, 4486, 3971, 1353, 0.23%, 0, 223, 41, 214.40, 2182067, 19096
11475, 0, 4017, 4486, 3971, 1353, 0.23%, 0, 223, 41, 213.30, 2183179, 19096
11480, 0, 4017, 4487, 3972, 1353, 0.23%, 0, 223, 41, 210.70, 2184242, 19096
11485, 0, 4017, 4487, 3972, 1353, 0.23%, 0, 223, 41, 216.61, 2185333, 19096
11492, 0, 4485, 4487, 3971, 1354, 0.23%, 0, 223, 41, 22.75, 2186393, 19096
11498, 0, 4469, 4487, 3969, 1352, 0.23%, 0, 223, 41, 31.27, 2187524, 19096
11503, 0, 4469, 4491, 3973, 1352, 0.23%, 0, 223, 41, 215.76, 2188608, 19096
11508, 0, 4469, 4494, 3976, 1352, 0.23%, 0, 224, 41, 189.83, 2189447, 19096
11514, 0, 4469, 4497, 3979, 1352, 0.23%, 0, 224, 41, 208.61, 2190532, 19098
11519, 0, 4469, 4498, 3980, 1352, 0.23%, 0, 224, 41, 209.37, 2191607, 19098
11525, 0, 4469, 4501, 3983, 1352, 0.23%, 0, 225, 41, 24.70, 2192566, 19098
11530, 0, 4469, 4502, 3984, 1352, 0.23%, 0, 225, 41, 210.45, 2193649, 19098
11535, 0, 4469, 4504, 3986, 1352, 0.23%, 0, 226, 41, 15.18, 2194680, 19099
11541, 0, 4469, 4505, 3987, 1352, 0.23%, 0, 226, 41, 212.21, 2195735, 19099
11546, 0, 4469, 4509, 3991, 1352, 0.23%, 0, 226, 41, 207.36, 2196799, 19100
11551, 0, 4469, 4509, 3991, 1352, 0.23%, 0, 226, 41, 209.75, 2197895, 19100
11556, 0, 4469, 4510, 3992, 1352, 0.23%, 0, 226, 41, 214.33, 2198986, 19100
11561, 0, 4469, 4510, 3992, 1352, 0.23%, 0, 226, 41, 221.78, 2200114, 19100
11567, 0, 4498, 4510, 3991, 1351, 0.23%, 0, 226, 41, 17.91, 2201113, 19100
11572, 0, 4403, 4510, 3989, 1349, 0.23%, 0, 226, 41, 223.88, 2201924, 19100
11577, 0, 4163, 4510, 3988, 1348, 0.23%, 0, 226, 41, 196.30, 2202811, 19100
11582, 0, 3732, 4510, 3987, 1347, 0.23%, 0, 226, 41, 221.16, 2203696, 19100
11588, 0, 3700, 4511, 3987, 1346, 0.23%, 0, 226, 41, 201.95, 2204526, 19100
11593, 0, 3700, 4513, 3989, 1346, 0.23%, 0, 226, 41, 202.84, 2205548, 19100
11598, 0, 3700, 4516, 3992, 1346, 0.23%, 0, 226, 41, 194.23, 2206519, 19117
11603, 0, 3700, 4516, 3992, 1346, 0.23%, 0, 226, 41, 205.56, 2207601, 19117
11608, 0, 3700, 4518, 3994, 1346, 0.23%, 0, 226, 41, 201.80, 2208635, 19117
11613, 0, 3700, 4519, 3995, 1346, 0.23%, 0, 226, 41, 198.61, 2209663, 19117
11618, 0, 3700, 4519, 3995, 1346, 0.23%, 0, 226, 41, 198.85, 2210659, 19117
11623, 0, 3700, 4520, 3996, 1346, 0.23%, 0, 226, 41, 204.25, 2211701, 19117
11628, 0, 3700, 4522, 3998, 1346, 0.23%, 0, 226, 41, 198.88, 2212681, 19117
11634, 0, 3700, 4522, 3998, 1346, 0.23%, 0, 227, 41, 15.74, 2213666, 19117
11639, 0, 3700, 4524, 4000, 1346, 0.23%, 0, 227, 41, 199.22, 2214646, 19120
11644, 0, 3700, 4524, 4000, 1346, 0.23%, 0, 227, 41, 201.29, 2215670, 19120
11649, 0, 3700, 4525, 4001, 1346, 0.23%, 0, 227, 41, 212.20, 2216731, 19120
11655, 0, 1837, 4525, 4000, 1350, 0.23%, 0, 227, 41, 21.11, 2217488, 19120
11660, 0, 2898, 4525, 3999, 1349, 0.23%, 0, 227, 41, 196.24, 2218329, 19120
11665, 0, 3870, 4526, 3999, 1348, 0.23%, 0, 227, 41, 215.19, 2219202, 19121
11670, 0, 3643, 4526, 3998, 1348, 0.23%, 0, 227, 41, 230.25, 2220061, 19121
11675, 0, 3643, 4526, 3998, 1348, 0.23%, 0, 227, 41, 224.79, 2221176, 19121
11680, 0, 4406, 4529, 4000, 1347, 0.23%, 0, 227, 41, 223.67, 2222297, 19135
11685, 0, 4406, 4536, 4007, 1347, 0.23%, 0, 227, 41, 219.36, 2223410, 19144
11690, 0, 4406, 4539, 4010, 1347, 0.23%, 0, 227, 41, 216.78, 2224515, 19146
11696, 0, 4406, 4542, 4013, 1347, 0.23%, 0, 227, 41, 220.71, 2225660, 19150
11701, 0, 4406, 4547, 4018, 1347, 0.23%, 0, 227, 41, 220.01, 2226767, 19156
11706, 0, 4406, 4550, 4021, 1347, 0.23%, 0, 227, 41, 221.69, 2227892, 19171
11711, 0, 4406, 4550, 4021, 1347, 0.23%, 0, 227, 41, 224.38, 2229036, 19171
11716, 0, 4406, 4551, 4022, 1347, 0.23%, 0, 227, 41, 222.03, 2230159, 19172
11721, 0, 4406, 4553, 4024, 1347, 0.23%, 0, 227, 41, 222.38, 2231277, 19175
11726, 0, 4406, 4553, 4024, 1347, 0.23%, 0, 227, 41, 222.45, 2232405, 19175
11731, 0, 4406, 4555, 4026, 1347, 0.23%, 0, 227, 41, 223.87, 2233543, 19179
11736, 0, 4406, 4556, 4027, 1347, 0.23%, 0, 227, 41, 225.68, 2234682, 19180
11741, 0, 4533, 4557, 4027, 1373, 0.23%, 0, 227, 41, 17.29, 2235460, 19181
11746, 0, 4548, 4557, 4025, 1371, 0.23%, 0, 227, 41, 227.31, 2236311, 19181
11751, 0, 4105, 4559, 4026, 1371, 0.23%, 0, 227, 41, 168.98, 2237086, 19183
11756, 0, 4105, 4563, 4030, 1371, 0.23%, 0, 227, 41, 189.74, 2238092, 19188
11761, 0, 4105, 4566, 4033, 1371, 0.23%, 0, 227, 41, 207.40, 2239151, 19190
11767, 0, 4105, 4568, 4035, 1371, 0.23%, 0, 227, 41, 209.12, 2240229, 19190
11772, 0, 4105, 4572, 4039, 1371, 0.23%, 0, 227, 41, 203.51, 2241281, 19191
11777, 0, 4105, 4572, 4039, 1371, 0.23%, 0, 227, 41, 208.44, 2242341, 19191
11782, 0, 4105, 4574, 4041, 1371, 0.23%, 0, 227, 41, 206.57, 2243399, 19193
11787, 0, 4105, 4577, 4044, 1371, 0.23%, 0, 227, 41, 211.12, 2244445, 19194
11792, 0, 4105, 4579, 4046, 1371, 0.23%, 0, 227, 41, 209.69, 2245519, 19194
11797, 0, 4105, 4580, 4047, 1371, 0.23%, 0, 227, 41, 205.97, 2246566, 19195
11802, 0, 4105, 4581, 4048, 1371, 0.23%, 0, 228, 41, 223.14, 2247418, 19196
11807, 0, 4105, 4582, 4049, 1371, 0.23%, 0, 228, 41, 216.07, 2248477, 19196
11813, 0, 4105, 4582, 4049, 1371, 0.23%, 0, 228, 41, 217.48, 2249589, 19196
11818, 0, 806, 4582, 4047, 1378, 0.23%, 0, 228, 41, 202.64, 2250315, 19196
11823, 0, 4561, 4582, 4046, 1377, 0.23%, 0, 228, 41, 190.59, 2251175, 19196
11828, 0, 4561, 4582, 4046, 1377, 0.23%, 0, 228, 41, 214.45, 2252317, 19196
11833, 0, 4133, 4585, 4048, 1376, 0.23%, 0, 228, 41, 219.48, 2253422, 19201
11838, 0, 4133, 4586, 4049, 1376, 0.23%, 0, 228, 41, 221.32, 2254569, 19201
11843, 0, 4133, 4586, 4049, 1376, 0.23%, 0, 228, 41, 224.35, 2255693, 19201
11848, 0, 4133, 4586, 4049, 1376, 0.23%, 0, 228, 41, 222.13, 2256797, 19201
11853, 0, 4133, 4586, 4049, 1376, 0.23%, 0, 228, 41, 224.01, 2257937, 19201
11858, 0, 4133, 4586, 4049, 1376, 0.23%, 0, 228, 41, 222.92, 2259057, 19201
11863, 0, 4133, 4586, 4049, 1376, 0.23%, 0, 228, 41, 224.85, 2260193, 19201
11868, 0, 4133, 4587, 4050, 1376, 0.23%, 0, 228, 41, 224.15, 2261328, 19205
11874, 0, 4133, 4588, 4051, 1376, 0.23%, 0, 228, 41, 223.12, 2262445, 19206
11879, 0, 4133, 4588, 4051, 1376, 0.23%, 0, 228, 41, 224.12, 2263569, 19206
11884, 0, 4133, 4588, 4051, 1376, 0.23%, 0, 228, 41, 224.08, 2264689, 19206
11889, 0, 4133, 4588, 4051, 1376, 0.23%, 0, 228, 41, 223.98, 2265817, 19206
11894, 0, 4379, 4588, 4050, 1379, 0.23%, 0, 228, 41, 203.62, 2266561, 19206
11899, 0, 4379, 4588, 4050, 1379, 0.23%, 0, 228, 41, 216.81, 2267705, 19206
11904, 0, 4583, 4588, 4048, 1377, 0.23%, 0, 228, 41, 227.65, 2268529, 19206
11909, 0, 4583, 4588, 4048, 1377, 0.23%, 0, 228, 41, 218.43, 2269647, 19206
11915, 0, 4322, 4589, 4048, 1377, 0.23%, 0, 228, 41, 12.35, 2270690, 19207
11920, 0, 4322, 4589, 4048, 1377, 0.23%, 0, 228, 41, 223.64, 2271826, 19207
11926, 0, 4090, 4590, 4048, 1377, 0.23%, 0, 228, 41, 20.79, 2272950, 19208
11931, 0, 4090, 4594, 4052, 1377, 0.23%, 0, 228, 41, 211.21, 2274029, 19208
11937, 0, 4090, 4596, 4054, 1377, 0.23%, 0, 229, 41, 191.84, 2274883, 19208
11942, 0, 4090, 4599, 4057, 1377, 0.23%, 0, 229, 41, 203.86, 2275921, 19208
11947, 0, 4090, 4601, 4059, 1377, 0.23%, 0, 229, 41, 210.45, 2276991, 19208
11952, 0, 4090, 4602, 4060, 1377, 0.23%, 0, 229, 41, 215.52, 2278074, 19208
11957, 0, 4090, 4602, 4060, 1377, 0.23%, 0, 229, 41, 216.63, 2279174, 19208
11962, 0, 4090, 4602, 4060, 1377, 0.23%, 0, 229, 41, 217.52, 2280294, 19208
11967, 0, 4090, 4603, 4061, 1377, 0.23%, 0, 229, 41, 214.40, 2281373, 19208
11972, 0, 4090, 4603, 4061, 1377, 0.23%, 0, 229, 41, 215.34, 2282469, 19208
11977, 0, 4090, 4606, 4064, 1377, 0.23%, 0, 229, 41, 212.40, 2283538, 19209
11982, 0, 4090, 4607, 4065, 1377, 0.23%, 0, 229, 41, 218.15, 2284661, 19209
11987, 0, 4090, 4608, 4066, 1377, 0.23%, 0, 229, 41, 220.50, 2285783, 19209
11993, 0, 2872, 4608, 4064, 1376, 0.23%, 0, 229, 41, 154.23, 2286518, 19209
11998, 0, 2872, 4610, 4066, 1376, 0.23%, 0, 229, 41, 207.10, 2287623, 19211
12003, 0, 4580, 4611, 4066, 1377, 0.23%, 0, 229, 41, 200.32, 2288480, 19212
12008, 0, 4596, 4611, 4065, 1377, 0.23%, 0, 229, 41, 217.35, 2289339, 19212
12013, 0, 4596, 4611, 4065, 1377, 0.23%, 0, 229, 41, 222.10, 2290470, 19212
12018, 0, 2819, 4611, 4064, 1376, 0.23%, 0, 229, 41, 223.45, 2291599, 19212
12023, 0, 4430, 4613, 4065, 1375, 0.23%, 0, 229, 41, 207.07, 2292370, 19215
12028, 0, 2276, 4613, 4064, 1375, 0.23%, 0, 229, 41, 217.82, 2293223, 19215
12033, 0, 2317, 4613, 4063, 1374, 0.23%, 0, 229, 41, 231.23, 2294102, 19215
12038, 0, 683, 4614, 4063, 1374, 0.23%, 0, 229, 41, 236.45, 2295006, 19216
12043, 0, 3327, 4615, 4063, 1374, 0.23%, 0, 229, 41, 221.87, 2295898, 19217
12049, 0, 3366, 4616, 4063, 1373, 0.23%, 0, 229, 41, 211.51, 2296770, 19218
12054, 0, 4443, 4617, 4063, 1373, 0.23%, 0, 229, 41, 202.53, 2297606, 19219
12059, 0, 4361, 4617, 4062, 1373, 0.23%, 0, 229, 41, 223.63, 2298388, 19219
12064, 0, 4588, 4617, 4061, 1372, 0.23%, 0, 229, 41, 225.06, 2299541, 19219
12070, 0, 3104, 4618, 4060, 1371, 0.23%, 0, 229, 41, 30.84, 2300387, 19220
12075, 0, 4259, 4618, 4059, 1370, 0.23%, 0, 229, 41, 220.85, 2301273, 19220
12080, 0, 4259, 4619, 4060, 1370, 0.23%, 0, 229, 41, 210.77, 2302344, 19220
12085, 0, 4259, 4620, 4061, 1370, 0.23%, 0, 229, 41, 221.23, 2303463, 19220
12090, 0, 4259, 4620, 4061, 1370, 0.23%, 0, 229, 41, 223.13, 2304595, 19220
12096, 0, 4619, 4620, 4060, 1369, 0.23%, 0, 229, 41, 0.64, 2305558, 19220
12102, 0, 4618, 4620, 4058, 1367, 0.23%, 0, 229, 41, 19.08, 2306572, 19220
12107, 0, 4618, 4625, 4063, 1367, 0.23%, 0, 229, 41, 217.10, 2307669, 19222
12112, 0, 4618, 4630, 4068, 1367, 0.23%, 0, 229, 41, 210.74, 2308748, 19223
12117, 0, 4618, 4631, 4069, 1367, 0.23%, 0, 229, 41, 216.63, 2309847, 19223
12122, 0, 4618, 4632, 4070, 1367, 0.23%, 0, 229, 41, 218.27, 2310946, 19238
12127, 0, 4618, 4632, 4070, 1367, 0.23%, 0, 229, 41, 220.67, 2312058, 19238
12132, 0, 4618, 4633, 4071, 1367, 0.23%, 0, 229, 41, 221.22, 2313173, 19240
12137, 0, 4618, 4635, 4073, 1367, 0.23%, 0, 229, 41, 211.71, 2314268, 19241
12142, 0, 4618, 4635, 4073, 1367, 0.23%, 0, 229, 41, 216.71, 2315408, 19241
12149, 0, 4618, 4638, 4076, 1367, 0.23%, 0, 230, 41, 36.14, 2316514, 19243
12154, 0, 4618, 4638, 4076, 1367, 0.23%, 0, 230, 41, 214.24, 2317654, 19243
12159, 0, 4618, 4639, 4077, 1367, 0.23%, 0, 230, 41, 217.33, 2318761, 19243
12164, 0, 4618, 4640, 4078, 1367, 0.23%, 0, 230, 41, 224.93, 2319900, 19244
12169, 0, 3838, 4641, 4077, 1379, 0.23%, 0, 230, 41, 205.76, 2320628, 19246
12174, 0, 4621, 4642, 4077, 1378, 0.23%, 0, 230, 41, 220.36, 2321433, 19246
12179, 0, 4621, 4644, 4079, 1378, 0.23%, 0, 230, 41, 212.80, 2322487, 19246
12184, 0, 4621, 4646, 4081, 1378, 0.23%, 0, 230, 41, 214.48, 2323609, 19248
12189, 0, 4621, 4647, 4082, 1378, 0.23%, 0, 230, 41, 216.04, 2324696, 19248
12194, 0, 4621, 4649, 4084, 1378, 0.23%, 0, 230, 41, 218.71, 2325798, 19249
12199, 0, 4621, 4650, 4085, 1378, 0.23%, 0, 230, 41, 217.60, 2326889, 19249
12204, 0, 4621, 4650, 4085, 1378, 0.23%, 0, 230, 41, 218.14, 2327977, 19249
12209, 0, 4621, 4650, 4085, 1378, 0.23%, 0, 230, 41, 220.55, 2329101, 19249
12214, 0, 4621, 4650, 4085, 1378, 0.23%, 0, 230, 41, 222.76, 2330245, 19249
12219, 0, 4621, 4650, 4085, 1378, 0.23%, 0, 230, 41, 221.91, 2331365, 19249
12225, 0, 4621, 4650, 4085, 1378, 0.23%, 0, 230, 41, 224.70, 2332505, 19249
12230, 0, 4621, 4650, 4085, 1378, 0.23%, 0, 230, 41, 223.47, 2333630, 19249
12236, 0, 4631, 4650, 4084, 1380, 0.23%, 0, 230, 41, 11.96, 2334544, 19249
12241, 0, 4631, 4652, 4086, 1380, 0.23%, 0, 230, 41, 208.28, 2335626, 19250
12246, 0, 4631, 4654, 4088, 1380, 0.23%, 0, 230, 41, 217.57, 2336756, 19251
12251, 0, 4631, 4655, 4089, 1380, 0.23%, 0, 230, 41, 213.65, 2337867, 19251
12256, 0, 4631, 4656, 4090, 1380, 0.23%, 0, 230, 41, 221.43, 2338994, 19251
12261, 0, 4631, 4658, 4092, 1380, 0.23%, 0, 230, 41, 221.24, 2340100, 19260
12266, 0, 4631, 4658, 4092, 1380, 0.23%, 0, 230, 41, 222.59, 2341224, 19260
12271, 0, 4631, 4660, 4094, 1380, 0.23%, 0, 230, 41, 219.32, 2342322, 19288
12276, 0, 4631, 4660, 4094, 1380, 0.23%, 0, 230, 41, 222.04, 2343454, 19288
12281, 0, 4631, 4660, 4094, 1380, 0.23%, 0, 230, 41, 218.21, 2344554, 19288
12286, 0, 4631, 4662, 4096, 1380, 0.23%, 0, 230, 41, 222.11, 2345700, 19293
12291, 0, 4631, 4663, 4097, 1380, 0.23%, 0, 230, 41, 223.28, 2346832, 19293
12296, 0, 4631, 4663, 4097, 1380, 0.23%, 0, 230, 41, 219.07, 2347932, 19293
12302, 0, 3735, 4663, 4095, 1385, 0.23%, 0, 230, 41, 196.80, 2348622, 19293
12307, 0, 4660, 4664, 4095, 1384, 0.23%, 0, 230, 41, 221.98, 2349456, 19293
12312, 0, 4660, 4666, 4097, 1384, 0.23%, 0, 230, 41, 221.34, 2350570, 19301
12317, 0, 4660, 4667, 4098, 1384, 0.23%, 0, 230, 41, 216.16, 2351681, 19301
12322, 0, 4660, 4667, 4098, 1384, 0.23%, 0, 230, 41, 221.20, 2352793, 19301
12327, 0, 4660, 4667, 4098, 1384, 0.23%, 0, 230, 41, 223.81, 2353925, 19301
12332, 0, 4660, 4669, 4100, 1384, 0.23%, 0, 230, 41, 221.76, 2355027, 19301
12337, 0, 4660, 4669, 4100, 1384, 0.23%, 0, 230, 41, 216.32, 2356123, 19301
12342, 0, 4660, 4669, 4100, 1384, 0.23%, 0, 230, 41, 221.96, 2357247, 19301
12347, 0, 4660, 4669, 4100, 1384, 0.23%, 0, 230, 41, 223.13, 2358383, 19301
12352, 0, 4660, 4669, 4100, 1384, 0.23%, 0, 230, 41, 220.69, 2359511, 19301
12357, 0, 4660, 4669, 4100, 1384, 0.23%, 0, 231, 41, 214.29, 2360380, 19301
12362, 0, 4660, 4669, 4100, 1384, 0.23%, 0, 231, 41, 222.02, 2361511, 19301
12367, 0, 552, 4669, 4098, 1385, 0.23%, 0, 231, 41, 206.90, 2362273, 19301
12373, 0, 4667, 4670, 4098, 1384, 0.23%, 0, 231, 42, 214.36, 2363083, 19301
12378, 0, 4667, 4670, 4098, 1384, 0.23%, 0, 231, 42, 211.11, 2364171, 19301
12383, 0, 4667, 4670, 4098, 1384, 0.23%, 0, 231, 42, 219.94, 2365277, 19301
12389, 0, 4644, 4670, 4096, 1382, 0.23%, 0, 231, 42, 22.35, 2366383, 19301
12394, 0, 4649, 4670, 4095, 1381, 0.23%, 0, 231, 42, 224.73, 2367205, 19301
12399, 0, 4649, 4670, 4095, 1381, 0.23%, 0, 231, 42, 225.04, 2368344, 19301
12404, 0, 3367, 4670, 4094, 1380, 0.23%, 0, 231, 42, 223.87, 2369487, 19301
12409, 0, 4632, 4671, 4094, 1379, 0.23%, 0, 231, 42, 206.52, 2370328, 19301
12414, 0, 4632, 4673, 4096, 1379, 0.23%, 0, 231, 42, 207.49, 2371370, 19302
12420, 0, 4632, 4675, 4098, 1379, 0.23%, 0, 231, 42, 207.26, 2372464, 19302
12425, 0, 4632, 4676, 4099, 1379, 0.23%, 0, 231, 42, 216.74, 2373563, 19302
12430, 0, 4632, 4677, 4100, 1379, 0.23%, 0, 231, 42, 215.03, 2374650, 19302
12435, 0, 4632, 4679, 4102, 1379, 0.23%, 0, 231, 42, 215.54, 2375732, 19304
12440, 0, 4632, 4680, 4103, 1379, 0.23%, 0, 231, 42, 214.64, 2376795, 19304
12445, 0, 4632, 4680, 4103, 1379, 0.23%, 0, 231, 42, 213.73, 2377859, 19304
12450, 0, 4632, 4680, 4103, 1379, 0.23%, 0, 231, 42, 217.07, 2378942, 19304
12456, 0, 4665, 4680, 4102, 1382, 0.23%, 0, 231, 42, 11.98, 2379886, 19304
12461, 0, 4665, 4682, 4104, 1382, 0.23%, 0, 231, 42, 212.83, 2380984, 19308
12466, 0, 4665, 4682, 4104, 1382, 0.23%, 0, 231, 42, 219.75, 2382108, 19308
12471, 0, 4665, 4684, 4106, 1382, 0.23%, 0, 231, 42, 214.90, 2383174, 19310
12476, 0, 4665, 4684, 4106, 1382, 0.23%, 0, 231, 42, 217.44, 2384274, 19310
12481, 0, 4665, 4684, 4106, 1382, 0.23%, 0, 231, 42, 220.27, 2385398, 19310
12486, 0, 4665, 4684, 4106, 1382, 0.23%, 0, 231, 42, 222.32, 2386522, 19310
12492, 0, 4665, 4685, 4107, 1382, 0.23%, 0, 231, 42, 224.57, 2387661, 19310
12497, 0, 4665, 4685, 4107, 1382, 0.23%, 0, 231, 42, 224.16, 2388801, 19310
12502, 0, 4665, 4685, 4107, 1382, 0.23%, 0, 231, 42, 222.70, 2389921, 19310
12507, 0, 4665, 4686, 4108, 1382, 0.23%, 0, 231, 42, 222.77, 2391052, 19310
12512, 0, 4665, 4686, 4108, 1382, 0.23%, 0, 231, 42, 225.22, 2392190, 19310
12519, 0, 4656, 4686, 4107, 1385, 0.23%, 0, 231, 42, 21.69, 2393335, 19310
12524, 0, 4656, 4692, 4113, 1385, 0.23%, 0, 231, 42, 201.72, 2394399, 19318
12529, 0, 4656, 4700, 4121, 1385, 0.23%, 0, 231, 42, 210.47, 2395475, 19322
12534, 0, 4656, 4703, 4124, 1385, 0.23%, 0, 232, 42, 211.23, 2396321, 19329
12539, 0, 4656, 4707, 4128, 1385, 0.23%, 0, 232, 42, 212.75, 2397405, 19329
12544, 0, 4656, 4710, 4131, 1385, 0.23%, 0, 233, 42, 218.27, 2398255, 19329
12549, 0, 4656, 4713, 4134, 1385, 0.23%, 0, 234, 42, 217.21, 2399129, 19332
12554, 0, 4656, 4715, 4136, 1385, 0.23%, 0, 234, 42, 217.78, 2400239, 19335
12559, 0, 4656, 4719, 4140, 1385, 0.23%, 0, 234, 42, 214.72, 2401331, 19351
12564, 0, 4656, 4721, 4142, 1385, 0.23%, 0, 234, 42, 217.85, 2402429, 19357
12570, 0, 4656, 4723, 4144, 1385, 0.23%, 0, 234, 42, 214.97, 2403531, 19357
12575, 0, 4656, 4725, 4146, 1385, 0.23%, 0, 234, 42, 218.04, 2404629, 19357
12580, 0, 4656, 4726, 4147, 1385, 0.23%, 0, 234, 42, 220.65, 2405753, 19357
12585, 0, 4656, 4726, 4147, 1385, 0.23%, 0, 234, 42, 225.87, 2406897, 19357
12590, 0, 1562, 4728, 4147, 1390, 0.23%, 0, 234, 42, 202.25, 2407568, 19360
12595, 0, 3389, 4730, 4148, 1392, 0.23%, 0, 234, 42, 180.25, 2408435, 19361
12600, 0, 3389, 4730, 4148, 1392, 0.23%, 0, 234, 42, 210.00, 2409531, 19361
12605, 0, 3389, 4730, 4148, 1392, 0.23%, 0, 234, 42, 219.83, 2410656, 19361
12610, 0, 4645, 4731, 4148, 1391, 0.23%, 0, 234, 42, 189.96, 2411410, 19361
12615, 0, 4645, 4731, 4148, 1391, 0.23%, 0, 234, 42, 215.05, 2412562, 19361
12621, 0, 4645, 4731, 4148, 1391, 0.23%, 0, 234, 42, 219.94, 2413705, 19361
12626, 0, 1245, 4731, 4147, 1390, 0.23%, 0, 234, 42, 229.89, 2414874, 19361
12631, 0, 4642, 4735, 4150, 1389, 0.23%, 0, 235, 42, 192.39, 2415458, 19390
12636, 0, 4642, 4737, 4152, 1389, 0.23%, 0, 235, 42, 212.18, 2416541, 19390
12641, 0, 4642, 4740, 4155, 1389, 0.23%, 0, 236, 42, 223.73, 2417399, 19409
12646, 0, 4642, 4742, 4157, 1389, 0.23%, 0, 236, 42, 219.76, 2418497, 19409
12651, 0, 4642, 4743, 4158, 1389, 0.23%, 0, 237, 42, 11.57, 2419445, 19409
12657, 0, 4642, 4745, 4160, 1389, 0.23%, 0, 237, 42, 208.70, 2420499, 19410
12662, 0, 4642, 4747, 4162, 1389, 0.23%, 0, 237, 42, 212.12, 2421569, 19426
12667, 0, 4642, 4751, 4166, 1389, 0.23%, 0, 238, 42, 210.15, 2422398, 19428
12672, 0, 4642, 4752, 4167, 1389, 0.23%, 0, 238, 42, 208.47, 2423469, 19428
12677, 0, 4642, 4753, 4168, 1389, 0.23%, 0, 238, 42, 214.43, 2424548, 19428
12682, 0, 4642, 4754, 4169, 1389, 0.23%, 0, 238, 42, 215.15, 2425631, 19428
12687, 0, 4642, 4755, 4170, 1389, 0.23%, 0, 238, 42, 212.45, 2426718, 19428
12692, 0, 4642, 4755, 4170, 1389, 0.23%, 0, 238, 42, 223.15, 2427856, 19428
12697, 0, 4732, 4755, 4169, 1386, 0.23%, 0, 238, 42, 15.18, 2428609, 19428
12702, 0, 4281, 4762, 4175, 1385, 0.23%, 0, 238, 42, 211.51, 2429691, 19436
12707, 0, 4281, 4766, 4179, 1385, 0.23%, 0, 238, 42, 220.33, 2430819, 19442
12712, 0, 4281, 4767, 4180, 1385, 0.23%, 0, 238, 42, 222.47, 2431946, 19443
12717, 0, 4281, 4769, 4182, 1385, 0.23%, 0, 238, 42, 219.34, 2433080, 19445
12723, 0, 4281, 4771, 4184, 1385, 0.23%, 0, 238, 42, 221.76, 2434190, 19447
12728, 0, 4281, 4771, 4184, 1385, 0.23%, 0, 238, 42, 223.65, 2435326, 19447
12733, 0, 4281, 4776, 4189, 1385, 0.23%, 0, 238, 42, 221.57, 2436457, 19452
12738, 0, 4744, 4776, 4188, 1397, 0.23%, 0, 238, 42, 20.52, 2437250, 19452
12743, 0, 4744, 4779, 4191, 1397, 0.23%, 0, 238, 42, 212.43, 2438361, 19452
12748, 0, 4744, 4783, 4195, 1397, 0.23%, 0, 238, 42, 214.92, 2439449, 19453
12753, 0, 4744, 4783, 4195, 1397, 0.23%, 0, 238, 42, 220.90, 2440593, 19453
12759, 0, 4744, 4783, 4195, 1397, 0.23%, 0, 238, 42, 220.97, 2441737, 19453
12764, 0, 4744, 4783, 4195, 1397, 0.23%, 0, 238, 42, 222.58, 2442861, 19453
12769, 0, 4744, 4784, 4196, 1397, 0.23%, 0, 238, 42, 222.04, 2443968, 19453
12774, 0, 4744, 4785, 4197, 1397, 0.23%, 0, 238, 42, 223.86, 2445103, 19453
12779, 0, 4744, 4785, 4197, 1397, 0.23%, 0, 238, 42, 218.77, 2446191, 19453
12784, 0, 4744, 4786, 4198, 1397, 0.23%, 0, 239, 42, 218.27, 2447075, 19453
12789, 0, 4744, 4787, 4199, 1397, 0.23%, 0, 239, 42, 221.19, 2448198, 19453
12794, 0, 4744, 4787, 4199, 1397, 0.23%, 0, 239, 42, 225.38, 2449346, 19453
12799, 0, 4744, 4787, 4199, 1397, 0.23%, 0, 239, 42, 222.24, 2450462, 19453
12804, 0, 2851, 4787, 4197, 1397, 0.23%, 0, 239, 42, 195.12, 2451139, 19453
12809, 0, 4680, 4793, 4202, 1396, 0.23%, 0, 239, 43, 197.71, 2451958, 19454
12814, 0, 4680, 4799, 4208, 1396, 0.23%, 0, 239, 43, 210.87, 2453036, 19458
12819, 0, 4680, 4800, 4209, 1396, 0.23%, 0, 239, 43, 218.10, 2454139, 19459
12824, 0, 4680, 4802, 4211, 1396, 0.23%, 0, 239, 43, 219.67, 2455261, 19460
12829, 0, 4680, 4804, 4213, 1396, 0.23%, 0, 239, 43, 218.75, 2456379, 19462
12834, 0, 4680, 4805, 4214, 1396, 0.23%, 0, 239, 43, 219.24, 2457490, 19462
12840, 0, 4680, 4805, 4214, 1396, 0.23%, 0, 239, 43, 216.31, 2458590, 19462
12845, 0, 4680, 4806, 4215, 1396, 0.23%, 0, 240, 43, 216.50, 2459494, 19462
12850, 0, 4680, 4808, 4217, 1396, 0.23%, 0, 240, 43, 218.39, 2460584, 19462
12855, 0, 4680, 4809, 4218, 1396, 0.23%, 0, 240, 43, 220.37, 2461691, 19462
12860, 0, 4680, 4809, 4218, 1396, 0.23%, 0, 240, 43, 219.81, 2462795, 19462
12865, 0, 4680, 4810, 4219, 1396, 0.23%, 0, 240, 43, 221.35, 2463912, 19463
12870, 0, 4680, 4810, 4219, 1396, 0.23%, 0, 240, 43, 222.34, 2465028, 19463
12875, 0, 3512, 4810, 4217, 1402, 0.23%, 0, 240, 43, 212.69, 2465739, 19463
12880, 0, 4801, 4810, 4216, 1401, 0.23%, 0, 240, 43, 223.32, 2466587, 19463
12885, 0, 4801, 4811, 4217, 1401, 0.23%, 0, 240, 44, 224.02, 2467714, 19466
12890, 0, 4789, 4811, 4216, 1401, 0.23%, 0, 240, 44, 220.79, 2468558, 19466
12895, 0, 4789, 4813, 4218, 1401, 0.23%, 0, 240, 44, 215.07, 2469640, 19466
12900, 0, 4789, 4815, 4220, 1401, 0.23%, 0, 241, 44, 225.00, 2470504, 19469
12905, 0, 4789, 4816, 4221, 1401, 0.23%, 0, 241, 44, 219.40, 2471594, 19469
12910, 0, 4789, 4817, 4222, 1401, 0.23%, 0, 241, 44, 216.11, 2472677, 19469
12915, 0, 4789, 4818, 4223, 1401, 0.23%, 0, 242, 44, 220.95, 2473565, 19470
12921, 0, 4789, 4818, 4223, 1401, 0.23%, 0, 242, 44, 219.17, 2474701, 19470
12926, 0, 4789, 4818, 4223, 1401, 0.23%, 0, 242, 44, 216.94, 2475817, 19470
12931, 0, 4789, 4819, 4224, 1401, 0.23%, 0, 242, 44, 219.31, 2476920, 19470
12936, 0, 4789, 4819, 4224, 1401, 0.23%, 0, 242, 44, 222.41, 2478048, 19470
12941, 0, 4789, 4820, 4225, 1401, 0.23%, 0, 242, 44, 220.21, 2479163, 19470
12946, 0, 4789, 4820, 4225, 1401, 0.23%, 0, 242, 44, 223.61, 2480296, 19470
12951, 0, 4789, 4820, 4225, 1401, 0.23%, 0, 242, 44, 225.37, 2481429, 19470
12956, 0, 2590, 4821, 4224, 1403, 0.23%, 0, 242, 44, 202.34, 2482122, 19471
12961, 0, 4811, 4822, 4224, 1403, 0.23%, 0, 242, 45, 213.61, 2482895, 19471
12966, 0, 4811, 4826, 4228, 1403, 0.23%, 0, 242, 45, 216.20, 2484015, 19472
12971, 0, 4811, 4827, 4229, 1403, 0.23%, 0, 243, 45, 222.13, 2484927, 19472
12976, 0, 4811, 4827, 4229, 1403, 0.23%, 0, 243, 45, 222.11, 2486051, 19472
12981, 0, 4811, 4828, 4230, 1403, 0.23%, 0, 243, 45, 219.84, 2487146, 19472
12986, 0, 4811, 4829, 4231, 1403, 0.23%, 0, 243, 45, 219.62, 2488257, 19472
12991, 0, 4811, 4829, 4231, 1403, 0.23%, 0, 243, 45, 221.27, 2489373, 19472
12997, 0, 4811, 4830, 4232, 1403, 0.23%, 0, 243, 45, 220.88, 2490476, 19475
13002, 0, 4811, 4830, 4232, 1403, 0.23%, 0, 243, 45, 223.28, 2491604, 19475
13007, 0, 4811, 4830, 4232, 1403, 0.23%, 0, 243, 45, 222.25, 2492732, 19475
13012, 0, 4811, 4831, 4233, 1403, 0.23%, 0, 244, 45, 18.45, 2493680, 19476
13017, 0, 4811, 4832, 4234, 1403, 0.23%, 0, 244, 45, 221.45, 2494800, 19476
13022, 0, 4797, 4832, 4233, 1404, 0.23%, 0, 244, 45, 0.62, 2495654, 19476
13027, 0, 4797, 4834, 4235, 1404, 0.23%, 0, 244, 45, 215.15, 2496737, 19487
13033, 0, 4797, 4834, 4235, 1404, 0.23%, 0, 244, 45, 219.67, 2497853, 19487
13038, 0, 4797, 4835, 4236, 1404, 0.23%, 0, 244, 45, 220.48, 2498968, 19487
13043, 0, 4797, 4835, 4236, 1404, 0.23%, 0, 244, 45, 221.85, 2500076, 19487
13048, 0, 4797, 4839, 4240, 1404, 0.23%, 0, 244, 45, 219.18, 2501188, 19491
13053, 0, 4797, 4839, 4240, 1404, 0.23%, 0, 244, 45, 218.71, 2502280, 19491
13058, 0, 4797, 4839, 4240, 1404, 0.23%, 0, 244, 45, 217.82, 2503380, 19491
13063, 0, 4797, 4840, 4241, 1404, 0.23%, 0, 244, 45, 220.62, 2504503, 19491
13068, 0, 4797, 4840, 4241, 1404, 0.23%, 0, 244, 45, 222.00, 2505627, 19491
13073, 0, 4797, 4842, 4243, 1404, 0.23%, 0, 244, 45, 220.39, 2506729, 19491
13078, 0, 4797, 4842, 4243, 1404, 0.23%, 0, 244, 45, 217.46, 2507821, 19491
13083, 0, 4797, 4842, 4243, 1404, 0.23%, 0, 244, 45, 223.13, 2508950, 19491
13088, 0, 521, 4842, 4241, 1410, 0.23%, 0, 244, 45, 217.18, 2509713, 19491
13093, 0, 4840, 4844, 4242, 1409, 0.23%, 0, 244, 45, 211.59, 2510566, 19491
13098, 0, 4840, 4844, 4242, 1409, 0.23%, 0, 244, 45, 217.82, 2511682, 19491
13103, 0, 4840, 4845, 4243, 1409, 0.23%, 0, 244, 45, 218.34, 2512777, 19491
13108, 0, 4840, 4845, 4243, 1409, 0.23%, 0, 244, 45, 209.70, 2513769, 19491
13113, 0, 4840, 4846, 4244, 1409, 0.23%, 0, 244, 45, 220.04, 2514888, 19491
13118, 0, 4840, 4846, 4244, 1409, 0.23%, 0, 244, 45, 220.27, 2515992, 19491
13123, 0, 4840, 4846, 4244, 1409, 0.23%, 0, 244, 45, 223.47, 2517132, 19491
13129, 0, 4840, 4846, 4244, 1409, 0.23%, 0, 244, 45, 222.49, 2518252, 19491
13134, 0, 4840, 4846, 4244, 1409, 0.23%, 0, 244, 45, 224.05, 2519392, 19491
13139, 0, 4840, 4846, 4244, 1409, 0.23%, 0, 244, 45, 215.78, 2520484, 19491
13144, 0, 4840, 4847, 4245, 1409, 0.23%, 0, 244, 45, 221.72, 2521611, 19493
13149, 0, 4840, 4847, 4245, 1409, 0.23%, 0, 244, 45, 223.63, 2522735, 19493
13154, 0, 4833, 4848, 4245, 1409, 0.23%, 0, 244, 45, 194.27, 2523445, 19493
13159, 0, 4833, 4850, 4247, 1409, 0.23%, 0, 244, 45, 209.27, 2524532, 19493
13164, 0, 4833, 4852, 4249, 1409, 0.23%, 0, 244, 45, 217.90, 2525626, 19497
13169, 0, 4833, 4853, 4250, 1409, 0.23%, 0, 244, 45, 218.00, 2526737, 19500
13174, 0, 4833, 4853, 4250, 1409, 0.23%, 0, 244, 45, 222.34, 2527869, 19500
13179, 0, 4833, 4853, 4250, 1409, 0.23%, 0, 244, 45, 222.94, 2528997, 19500
13184, 0, 4833, 4854, 4251, 1409, 0.23%, 0, 244, 45, 225.23, 2530148, 19501
13189, 0, 4833, 4856, 4253, 1409, 0.23%, 0, 244, 45, 224.03, 2531278, 19510
13195, 0, 4833, 4856, 4253, 1409, 0.23%, 0, 244, 45, 223.67, 2532414, 19510
13200, 0, 4833, 4858, 4255, 1409, 0.23%, 0, 244, 45, 216.57, 2533496, 19510
13205, 0, 4833, 4858, 4255, 1409, 0.23%, 0, 244, 45, 221.21, 2534628, 19510
13210, 0, 4833, 4858, 4255, 1409, 0.23%, 0, 244, 45, 221.31, 2535747, 19510
13215, 0, 4833, 4859, 4256, 1409, 0.23%, 0, 244, 45, 225.27, 2536890, 19511
13220, 0, 4541, 4859, 4254, 1412, 0.23%, 0, 244, 45, 200.10, 2537548, 19511
13225, 0, 4768, 4861, 4255, 1411, 0.23%, 0, 244, 45, 218.08, 2538417, 19512
13230, 0, 491, 4862, 4254, 1411, 0.23%, 0, 244, 45, 213.88, 2539278, 19513
13235, 0, 4725, 4863, 4254, 1411, 0.23%, 0, 244, 45, 230.85, 2540213, 19514
13240, 0, 4725, 4864, 4255, 1411, 0.23%, 0, 244, 45, 224.05, 2541324, 19514
13245, 0, 4725, 4864, 4255, 1411, 0.23%, 0, 244, 45, 224.11, 2542460, 19514
13250, 0, 4799, 4864, 4254, 1410, 0.23%, 0, 244, 45, 222.31, 2543579, 19514
13255, 0, 4799, 4864, 4254, 1410, 0.23%, 0, 244, 45, 225.40, 2544718, 19514
13260, 0, 4653, 4864, 4253, 1409, 0.23%, 0, 244, 45, 219.82, 2545797, 19514
13266, 0, 4852, 4867, 4255, 1408, 0.23%, 0, 244, 46, 210.88, 2546517, 19518
13271, 0, 4852, 4871, 4259, 1408, 0.23%, 0, 244, 46, 214.90, 2547617, 19521
13276, 0, 4852, 4873, 4261, 1408, 0.23%, 0, 245, 46, 24.70, 2548620, 19521
13281, 0, 4852, 4876, 4264, 1408, 0.23%, 0, 245, 46, 215.70, 2549709, 19525
13286, 0, 4852, 4881, 4269, 1408, 0.23%, 0, 245, 46, 212.39, 2550784, 19529
13291, 0, 4852, 4884, 4272, 1408, 0.23%, 0, 245, 46, 214.54, 2551877, 19529
13296, 0, 4852, 4887, 4275, 1408, 0.23%, 0, 245, 46, 217.62, 2552978, 19538
13302, 0, 4852, 4890, 4278, 1408, 0.23%, 0, 245, 46, 215.79, 2554075, 19538
13307, 0, 4852, 4890, 4278, 1408, 0.23%, 0, 245, 46, 217.95, 2555167, 19538
13312, 0, 4852, 4892, 4280, 1408, 0.23%, 0, 245, 46, 216.21, 2556273, 19538
13317, 0, 4852, 4893, 4281, 1408, 0.23%, 0, 245, 46, 217.05, 2557372, 19538
13322, 0, 4852, 4894, 4282, 1408, 0.23%, 0, 246, 46, 217.62, 2558257, 19539
13327, 0, 4852, 4894, 4282, 1408, 0.23%, 0, 246, 46, 223.18, 2559393, 19539
13332, 0, 3193, 4895, 4281, 1413, 0.23%, 0, 246, 46, 204.74, 2560083, 19541
13337, 0, 4889, 4896, 4281, 1413, 0.23%, 0, 246, 47, 212.30, 2560937, 19541
13342, 0, 4889, 4899, 4284, 1413, 0.23%, 0, 246, 47, 218.46, 2562038, 19541
13347, 0, 4889, 4900, 4285, 1413, 0.23%, 0, 247, 47, 220.58, 2562930, 19541
13352, 0, 4889, 4900, 4285, 1413, 0.23%, 0, 247, 47, 220.16, 2564030, 19541
13357, 0, 4889, 4901, 4286, 1413, 0.23%, 0, 247, 47, 221.53, 2565165, 19541
13362, 0, 4889, 4901, 4286, 1413, 0.23%, 0, 247, 47, 223.04, 2566293, 19541
13367, 0, 4889, 4902, 4287, 1413, 0.23%, 0, 247, 47, 221.80, 2567420, 19541
13372, 0, 4889, 4902, 4287, 1413, 0.23%, 0, 247, 47, 223.44, 2568554, 19541
13378, 0, 4897, 4902, 4286, 1412, 0.23%, 0, 247, 47, 14.56, 2569418, 19541
13384, 0, 4855, 4902, 4284, 1410, 0.23%, 0, 247, 47, 8.01, 2570454, 19541
13389, 0, 4855, 4911, 4293, 1410, 0.23%, 0, 247, 47, 214.48, 2571534, 19551
13394, 0, 4855, 4914, 4296, 1410, 0.23%, 0, 247, 47, 215.38, 2572587, 19556
13399, 0, 4855, 4917, 4299, 1410, 0.23%, 0, 247, 47, 215.13, 2573680, 19559
13404, 0, 4855, 4923, 4305, 1410, 0.23%, 0, 247, 47, 226.60, 2574680, 19562
13409, 0, 4855, 4923, 4305, 1410, 0.23%, 0, 247, 47, 217.49, 2575774, 19562
13414, 0, 4855, 4924, 4306, 1410, 0.23%, 0, 247, 47, 222.82, 2576901, 19562
13420, 0, 4855, 4928, 4310, 1410, 0.23%, 0, 247, 47, 220.06, 2578037, 19566
13426, 0, 4921, 4929, 4310, 1426, 0.23%, 0, 247, 47, 7.56, 2579121, 19566
13432, 0, 3725, 4932, 4312, 1425, 0.23%, 0, 247, 47, 210.88, 2580257, 19567
13437, 0, 3725, 4933, 4313, 1425, 0.23%, 0, 247, 47, 217.01, 2581364, 19568
13442, 0, 3725, 4934, 4314, 1425, 0.23%, 0, 247, 47, 219.06, 2582475, 19569
13447, 0, 3725, 4934, 4314, 1425, 0.23%, 0, 247, 47, 218.98, 2583575, 19569
13452, 0, 3725, 4936, 4316, 1425, 0.23%, 0, 247, 47, 219.54, 2584689, 19572
13457, 0, 3725, 4937, 4317, 1425, 0.23%, 0, 247, 47, 223.40, 2585828, 19573
13462, 0, 3725, 4937, 4317, 1425, 0.23%, 0, 247, 47, 224.05, 2586952, 19573
13467, 0, 4772, 4937, 4316, 1429, 0.23%, 0, 247, 47, 7.54, 2587673, 19573
13472, 0, 968, 4937, 4315, 1428, 0.23%, 0, 247, 47, 221.21, 2588825, 19573
13477, 0, 4905, 4937, 4314, 1427, 0.23%, 0, 247, 47, 215.09, 2589670, 19573
13482, 0, 4853, 4938, 4314, 1426, 0.23%, 0, 247, 47, 218.96, 2590453, 19574
13488, 0, 4757, 4943, 4318, 1426, 0.23%, 0, 247, 47, 210.09, 2591290, 19580
13493, 0, 4757, 4945, 4320, 1426, 0.23%, 0, 247, 47, 222.15, 2592424, 19580
13498, 0, 4757, 4947, 4322, 1426, 0.23%, 0, 247, 47, 222.75, 2593550, 19585
13503, 0, 4757, 4952, 4327, 1426, 0.23%, 0, 247, 47, 221.09, 2594653, 19592
13508, 0, 4757, 4954, 4329, 1426, 0.23%, 0, 247, 47, 220.00, 2595767, 19594
13513, 0, 4757, 4958, 4333, 1426, 0.23%, 0, 247, 47, 224.06, 2596895, 19601
13518, 0, 4757, 4959, 4334, 1426, 0.23%, 0, 247, 47, 220.76, 2598018, 19601
13523, 0, 4757, 4960, 4335, 1426, 0.23%, 0, 247, 47, 224.29, 2599161, 19602
13528, 0, 1919, 4960, 4333, 1442, 0.23%, 0, 247, 47, 214.99, 2599913, 19602
13533, 0, 4933, 4961, 4333, 1441, 0.23%, 0, 247, 47, 211.06, 2600735, 19608
13538, 0, 4638, 4964, 4334, 1440, 0.23%, 0, 247, 47, 214.47, 2601610, 19609
13543, 0, 4638, 4964, 4334, 1440, 0.23%, 0, 247, 47, 221.43, 2602730, 19609
13548, 0, 4638, 4964, 4334, 1440, 0.23%, 0, 247, 47, 223.25, 2603858, 19609
13553, 0, 4638, 4966, 4336, 1440, 0.23%, 0, 247, 47, 218.98, 2604952, 19612
13558, 0, 4638, 4966, 4336, 1440, 0.23%, 0, 247, 47, 218.14, 2606064, 19612
13563, 0, 4638, 4966, 4336, 1440, 0.23%, 0, 247, 47, 222.60, 2607188, 19612
13569, 0, 4638, 4966, 4336, 1440, 0.23%, 0, 247, 47, 222.63, 2608320, 19612
13574, 0, 4638, 4966, 4336, 1440, 0.23%, 0, 247, 47, 226.74, 2609472, 19612
13579, 0, 4638, 4966, 4336, 1440, 0.23%, 0, 247, 47, 223.23, 2610636, 19612
13584, 0, 4638, 4967, 4337, 1440, 0.23%, 0, 247, 47, 222.02, 2611775, 19612
13589, 0, 4638, 4967, 4337, 1440, 0.23%, 0, 247, 47, 223.12, 2612903, 19612
13594, 0, 4638, 4969, 4339, 1440, 0.23%, 0, 247, 47, 224.96, 2614061, 19613
13599, 0, 4759, 4969, 4338, 1442, 0.23%, 0, 247, 47, 220.56, 2614866, 19613
13604, 0, 4021, 4971, 4339, 1441, 0.23%, 0, 247, 47, 223.48, 2616027, 19615
13610, 0, 4926, 4972, 4339, 1443, 0.23%, 0, 247, 47, 19.91, 2617046, 19616
13616, 0, 4733, 4972, 4338, 1442, 0.23%, 0, 247, 47, 210.56, 2617906, 19616
13621, 0, 4733, 4976, 4342, 1442, 0.23%, 0, 248, 47, 180.09, 2618657, 19621
13626, 0, 4733, 4978, 4344, 1442, 0.23%, 0, 249, 47, 23.83, 2619548, 19622
13631, 0, 4733, 4978, 4344, 1442, 0.23%, 0, 250, 47, 194.88, 2620362, 19622
13636, 0, 4733, 4980, 4346, 1442, 0.23%, 0, 252, 47, 207.93, 2620987, 19627
13642, 0, 4733, 4981, 4347, 1442, 0.23%, 0, 253, 47, 145.00, 2621750, 19628
13648, 0, 4733, 4982, 4348, 1442, 0.23%, 0, 254, 47, 32.26, 2622666, 19628
13653, 0, 4733, 4982, 4348, 1442, 0.23%, 0, 256, 47, 11.73, 2623350, 19628
13658, 0, 4733, 4984, 4350, 1442, 0.23%, 0, 256, 47, 186.88, 2624362, 19681
13663, 0, 4733, 4985, 4351, 1442, 0.23%, 0, 256, 47, 209.79, 2625324, 19681
13669, 0, 4733, 4986, 4352, 1442, 0.23%, 0, 256, 47, 193.36, 2626312, 19681
13674, 0, 4733, 4987, 4353, 1442, 0.23%, 0, 257, 47, 3.76, 2627187, 19682
13679, 0, 4733, 4987, 4353, 1442, 0.23%, 0, 258, 47, 141.46, 2627937, 19682
13684, 0, 4733, 4991, 4357, 1442, 0.23%, 0, 258, 47, 176.68, 2628929, 19682
13689, 0, 4733, 4991, 4357, 1442, 0.23%, 0, 258, 47, 201.98, 2629976, 19682
13695, 0, 4733, 4991, 4357, 1442, 0.23%, 0, 258, 47, 220.73, 2631128, 19682
13700, 0, 1931, 4991, 4355, 1442, 0.23%, 0, 258, 47, 197.51, 2631800, 19682
13705, 0, 4976, 4993, 4356, 1441, 0.23%, 0, 258, 47, 222.64, 2632599, 19682
13710, 0, 4976, 4995, 4358, 1441, 0.23%, 0, 258, 47, 217.07, 2633681, 19682
13715, 0, 4976, 4996, 4359, 1441, 0.23%, 0, 258, 47, 221.74, 2634804, 19682
13720, 0, 4976, 4996, 4359, 1441, 0.23%, 0, 259, 47, 221.67, 2635678, 19682
13725, 0, 4976, 4998, 4361, 1441, 0.24%, 0, 259, 47, 220.27, 2636795, 19739
13730, 0, 4976, 4998, 4361, 1441, 0.24%, 0, 259, 47, 222.28, 2637923, 19739
13735, 0, 4976, 4998, 4361, 1441, 0.24%, 0, 259, 47, 225.19, 2639063, 19739
13740, 0, 4976, 4998, 4361, 1441, 0.24%, 0, 259, 47, 216.81, 2640147, 19739
13745, 0, 4997, 4998, 4360, 1442, 0.24%, 0, 259, 47, 1.27, 2640941, 19739
13750, 0, 4996, 4999, 4359, 1440, 0.24%, 0, 259, 47, 202.33, 2641737, 19739
13755, 0, 4996, 5006, 4366, 1440, 0.24%, 0, 259, 47, 208.87, 2642795, 19750
13761, 0, 4996, 5010, 4370, 1440, 0.24%, 0, 259, 47, 212.69, 2643887, 19755
13766, 0, 4996, 5013, 4373, 1440, 0.24%, 0, 259, 47, 213.60, 2644976, 19755
13771, 0, 4996, 5013, 4373, 1440, 0.24%, 0, 259, 47, 216.29, 2646064, 19755
13776, 0, 4996, 5015, 4375, 1440, 0.24%, 0, 259, 47, 219.51, 2647166, 19757
13781, 0, 4996, 5016, 4376, 1440, 0.24%, 0, 260, 47, 220.84, 2648058, 19757
13786, 0, 4996, 5019, 4379, 1440, 0.24%, 0, 260, 47, 221.37, 2649187, 19757
13791, 0, 4996, 5019, 4379, 1440, 0.24%, 0, 260, 47, 219.17, 2650291, 19757
13796, 0, 4996, 5022, 4382, 1440, 0.24%, 0, 260, 47, 219.79, 2651420, 19757
13801, 0, 4996, 5022, 4382, 1440, 0.24%, 0, 261, 47, 213.11, 2652285, 19757
13806, 0, 4996, 5023, 4383, 1440, 0.24%, 0, 261, 47, 218.83, 2653396, 19758
13811, 0, 4996, 5023, 4383, 1440, 0.24%, 0, 261, 47, 220.26, 2654522, 19758
13817, 0, 4983, 5023, 4382, 1443, 0.24%, 0, 261, 47, 15.77, 2655271, 19758
13822, 0, 4983, 5027, 4386, 1443, 0.24%, 0, 261, 47, 186.99, 2656255, 19759
13827, 0, 4983, 5028, 4387, 1443, 0.24%, 0, 261, 47, 209.82, 2657360, 19759
13832, 0, 4983, 5032, 4391, 1443, 0.24%, 0, 262, 47, 204.35, 2658145, 19833
13837, 0, 4983, 5032, 4391, 1443, 0.24%, 0, 262, 47, 212.17, 2659237, 19833
13842, 0, 4983, 5033, 4392, 1443, 0.24%, 0, 262, 47, 215.55, 2660320, 19833
13847, 0, 4983, 5034, 4393, 1443, 0.24%, 0, 263, 47, 4.65, 2661212, 19833
13852, 0, 4983, 5034, 4393, 1443, 0.24%, 0, 264, 47, 201.96, 2662065, 19833
13857, 0, 4983, 5034, 4393, 1443, 0.24%, 0, 264, 47, 213.48, 2663161, 19833
13862, 0, 4983, 5035, 4394, 1443, 0.24%, 0, 264, 47, 215.61, 2664234, 19834
13867, 0, 4893, 5035, 4392, 1443, 0.24%, 0, 264, 47, 188.79, 2664875, 19834
13872, 0, 3988, 5035, 4391, 1442, 0.24%, 0, 264, 47, 225.08, 2665716, 19834
13878, 0, 4289, 5035, 4390, 1441, 0.24%, 0, 264, 47, 220.33, 2666856, 19834
13883, 0, 4993, 5036, 4390, 1440, 0.24%, 0, 264, 47, 205.24, 2667510, 19834
13888, 0, 4993, 5036, 4390, 1440, 0.24%, 0, 264, 47, 216.06, 2668615, 19834
13893, 0, 4993, 5036, 4390, 1440, 0.24%, 0, 264, 47, 221.32, 2669723, 19834
13899, 0, 1900, 5036, 4388, 1438, 0.24%, 0, 264, 47, 7.85, 2670816, 19834
13904, 0, 3657, 5036, 4387, 1437, 0.24%, 0, 264, 47, 227.92, 2671681, 19834
13910, 0, 4934, 5036, 4386, 1436, 0.24%, 0, 264, 47, 223.25, 2672833, 19834
13915, 0, 3757, 5037, 4386, 1435, 0.24%, 0, 264, 47, 227.48, 2673687, 19846
13920, 0, 4684, 5041, 4388, 1434, 0.24%, 0, 264, 47, 212.83, 2674499, 19846
13925, 0, 4684, 5041, 4388, 1434, 0.24%, 0, 265, 47, 226.97, 2675384, 19846
13930, 0, 4684, 5043, 4390, 1434, 0.24%, 0, 265, 47, 215.96, 2676482, 19846
13935, 0, 4684, 5044, 4391, 1434, 0.24%, 0, 265, 47, 222.46, 2677605, 19846
13940, 0, 4684, 5044, 4391, 1434, 0.24%, 0, 265, 47, 220.69, 2678749, 19846
13945, 0, 4684, 5045, 4392, 1434, 0.24%, 0, 265, 47, 220.44, 2679864, 19847
13950, 0, 4684, 5045, 4392, 1434, 0.24%, 0, 265, 47, 220.64, 2680972, 19847
13955, 0, 4684, 5045, 4392, 1434, 0.24%, 0, 265, 47, 219.04, 2682080, 19847
13960, 0, 4684, 5045, 4392, 1434, 0.24%, 0, 266, 47, 219.22, 2682969, 19847
13966, 0, 4684, 5045, 4392, 1434, 0.24%, 0, 266, 47, 222.05, 2684101, 19847
13971, 0, 4684, 5045, 4392, 1434, 0.24%, 0, 267, 47, 218.84, 2684978, 19847
13976, 0, 4684, 5045, 4392, 1434, 0.24%, 0, 267, 47, 218.38, 2686092, 19847
13983, 0, 5044, 5045, 4391, 1434, 0.24%, 0, 267, 47, 15.21, 2687221, 19847
13988, 0, 1533, 5045, 4389, 1432, 0.24%, 0, 267, 47, 235.00, 2688028, 19847
13993, 0, 4904, 5045, 4388, 1431, 0.24%, 0, 267, 47, 1.59, 2688937, 19847
13999, 0, 5045, 5046, 4388, 1431, 0.24%, 0, 267, 47, 2.32, 2689922, 19847
14004, 0, 2867, 5046, 4386, 1429, 0.24%, 0, 267, 47, 218.30, 2690759, 19847
14009, 0, 4929, 5046, 4385, 1428, 0.24%, 0, 267, 47, 217.97, 2691540, 19847
14014, 0, 4461, 5047, 4385, 1427, 0.24%, 0, 267, 47, 19.61, 2692392, 19847
14019, 0, 4461, 5053, 4391, 1427, 0.24%, 0, 267, 47, 201.31, 2693420, 19860
14024, 0, 4461, 5063, 4401, 1427, 0.24%, 0, 267, 47, 202.49, 2694422, 19867
14029, 0, 4461, 5066, 4404, 1427, 0.24%, 0, 267, 47, 210.21, 2695487, 19867
14034, 0, 4461, 5069, 4407, 1427, 0.24%, 0, 267, 47, 213.93, 2696588, 19868
14039, 0, 4461, 5072, 4410, 1427, 0.24%, 0, 267, 47, 209.88, 2697633, 19868
14044, 0, 4461, 5073, 4411, 1427, 0.24%, 0, 267, 47, 214.16, 2698708, 19868
14049, 0, 4461, 5077, 4415, 1427, 0.24%, 0, 267, 47, 207.36, 2699708, 19869
14055, 0, 4461, 5079, 4417, 1427, 0.24%, 0, 267, 47, 213.10, 2700830, 19870
14060, 0, 4461, 5079, 4417, 1427, 0.24%, 0, 267, 47, 217.42, 2701966, 19870
14065, 0, 4461, 5081, 4419, 1427, 0.24%, 0, 267, 47, 216.02, 2703052, 19870
14070, 0, 4461, 5084, 4422, 1427, 0.24%, 0, 267, 47, 211.42, 2704113, 19872
14075, 0, 4461, 5086, 4424, 1427, 0.24%, 0, 267, 47, 218.80, 2705224, 19873
14081, 0, 5055, 5086, 4423, 1434, 0.24%, 0, 267, 47, 0.55, 2706090, 19873
14086, 0, 5057, 5087, 4422, 1432, 0.24%, 0, 267, 47, 181.52, 2706975, 19873
14091, 0, 5057, 5090, 4425, 1432, 0.24%, 0, 267, 47, 173.05, 2707845, 19874
14096, 0, 5057, 5092, 4427, 1432, 0.24%, 0, 267, 47, 169.45, 2708699, 19874
14101, 0, 5057, 5098, 4433, 1432, 0.24%, 0, 267, 47, 154.27, 2709467, 19874
14106, 0, 5057, 5100, 4435, 1432, 0.24%, 0, 267, 47, 162.55, 2710303, 19874
14111, 0, 5057, 5101, 4436, 1432, 0.24%, 0, 267, 47, 169.28, 2711162, 19874
14116, 0, 5057, 5107, 4442, 1432, 0.24%, 0, 267, 47, 165.48, 2711984, 19878
14121, 0, 5057, 5108, 4443, 1432, 0.24%, 0, 267, 47, 170.09, 2712843, 19878
14127, 0, 5057, 5112, 4447, 1432, 0.24%, 0, 267, 47, 158.51, 2713663, 19888
14132, 0, 5057, 5113, 4448, 1432, 0.24%, 0, 267, 47, 165.02, 2714510, 19907
14137, 0, 5057, 5115, 4450, 1432, 0.24%, 0, 267, 47, 178.74, 2715378, 19909
14142, 0, 5112, 5115, 4449, 1434, 0.24%, 0, 267, 47, 1.00, 2716065, 19909
14147, 0, 2027, 5116, 4449, 1433, 0.24%, 0, 267, 47, 201.60, 2717172, 19910
14152, 0, 5078, 5116, 4448, 1433, 0.24%, 0, 267, 47, 199.00, 2718010, 19910
14157, 0, 5078, 5122, 4454, 1433, 0.24%, 0, 267, 47, 204.70, 2719060, 19910
14162, 0, 5078, 5126, 4458, 1433, 0.24%, 0, 267, 47, 207.69, 2720108, 19910
14167, 0, 5078, 5127, 4459, 1433, 0.24%, 0, 267, 47, 214.07, 2721199, 19910
14172, 0, 5078, 5128, 4460, 1433, 0.24%, 0, 267, 47, 214.35, 2722278, 19910
14177, 0, 5078, 5129, 4461, 1433, 0.24%, 0, 267, 47, 207.53, 2723305, 19910
14182, 0, 5078, 5130, 4462, 1433, 0.24%, 0, 267, 47, 204.92, 2724308, 19911
14188, 0, 5078, 5130, 4462, 1433, 0.24%, 0, 267, 47, 211.51, 2725404, 19911
14193, 0, 5078, 5133, 4465, 1433, 0.24%, 0, 267, 47, 209.88, 2726477, 19912
14198, 0, 5078, 5133, 4465, 1433, 0.24%, 0, 267, 47, 213.48, 2727581, 19912
14203, 0, 5078, 5133, 4465, 1433, 0.24%, 0, 267, 47, 216.80, 2728701, 19912
14208, 0, 5078, 5134, 4466, 1433, 0.24%, 0, 267, 47, 217.67, 2729800, 19912
14213, 0, 5078, 5135, 4467, 1433, 0.24%, 0, 267, 47, 223.80, 2730927, 19912
14218, 0, 2081, 5135, 4466, 1432, 0.24%, 0, 267, 47, 212.88, 2731656, 19912
14223, 0, 2081, 5135, 4466, 1432, 0.24%, 0, 267, 47, 214.40, 2732734, 19912
14229, 0, 4884, 5136, 4466, 1431, 0.24%, 0, 267, 47, 219.55, 2733862, 19912
14234, 0, 1606, 5136, 4465, 1430, 0.24%, 0, 267, 47, 241.47, 2734680, 19912
14239, 0, 3135, 5137, 4465, 1429, 0.24%, 0, 267, 47, 180.55, 2735466, 19913
14244, 0, 3135, 5144, 4472, 1429, 0.24%, 0, 267, 47, 191.70, 2736500, 19916
14249, 0, 3135, 5148, 4476, 1429, 0.24%, 0, 267, 47, 195.76, 2737515, 19916
14254, 0, 3135, 5150, 4478, 1429, 0.24%, 0, 267, 47, 198.79, 2738546, 19916
14259, 0, 3135, 5151, 4479, 1429, 0.24%, 0, 267, 47, 203.30, 2739535, 19916
14264, 0, 3135, 5151, 4479, 1429, 0.24%, 0, 267, 47, 205.68, 2740583, 19916
14270, 0, 3135, 5151, 4479, 1429, 0.24%, 0, 267, 47, 201.24, 2741604, 19916
14275, 0, 3135, 5152, 4480, 1429, 0.24%, 0, 267, 47, 206.82, 2742635, 19918
14280, 0, 3135, 5152, 4480, 1429, 0.24%, 0, 267, 47, 203.32, 2743679, 19918
14285, 0, 3135, 5152, 4480, 1429, 0.24%, 0, 267, 47, 186.76, 2744649, 19918
14290, 0, 3135, 5153, 4481, 1429, 0.24%, 0, 267, 47, 195.47, 2745670, 19920
14295, 0, 3135, 5153, 4481, 1429, 0.24%, 0, 267, 47, 206.97, 2746727, 19920
14300, 0, 3135, 5153, 4481, 1429, 0.24%, 0, 267, 47, 208.34, 2747763, 19920
14307, 0, 5146, 5153, 4480, 1433, 0.24%, 0, 267, 47, 15.77, 2748718, 19920
14312, 0, 5145, 5154, 4479, 1431, 0.24%, 0, 267, 47, 30.18, 2749554, 19921
14317, 0, 5145, 5157, 4482, 1431, 0.24%, 0, 267, 47, 202.72, 2750620, 19921
14322, 0, 5145, 5160, 4485, 1431, 0.24%, 0, 267, 47, 208.84, 2751685, 19921
14327, 0, 5145, 5161, 4486, 1431, 0.24%, 0, 267, 47, 213.41, 2752769, 19921
14332, 0, 5145, 5164, 4489, 1431, 0.24%, 0, 267, 47, 211.55, 2753822, 19922
14337, 0, 5145, 5165, 4490, 1431, 0.24%, 0, 267, 47, 209.05, 2754905, 19922
14342, 0, 5145, 5166, 4491, 1431, 0.24%, 0, 267, 47, 211.51, 2756000, 19923
14347, 0, 5145, 5166, 4491, 1431, 0.24%, 0, 267, 47, 212.84, 2757084, 19923
14352, 0, 5145, 5167, 4492, 1431, 0.24%, 0, 267, 47, 214.38, 2758171, 19923
14357, 0, 5145, 5167, 4492, 1431, 0.24%, 0, 267, 47, 222.07, 2759293, 19923
14363, 0, 321, 5167, 4490, 1433, 0.24%, 0, 267, 47, 208.00, 2760020, 19923
14368, 0, 5160, 5170, 4492, 1432, 0.24%, 0, 267, 47, 216.24, 2760856, 19924
14373, 0, 5160, 5173, 4495, 1432, 0.24%, 0, 267, 47, 220.96, 2761981, 19927
14378, 0, 5160, 5175, 4497, 1432, 0.24%, 0, 267, 47, 223.85, 2763127, 19927
14383, 0, 5160, 5177, 4499, 1432, 0.24%, 0, 267, 47, 225.16, 2764261, 19929
14388, 0, 5160, 5177, 4499, 1432, 0.24%, 0, 267, 47, 223.97, 2765397, 19929
14393, 0, 5160, 5177, 4499, 1432, 0.24%, 0, 267, 47, 223.52, 2766521, 19929
14398, 0, 5160, 5179, 4501, 1432, 0.24%, 0, 267, 47, 222.02, 2767651, 19931
14403, 0, 5160, 5180, 4502, 1432, 0.24%, 0, 267, 47, 219.05, 2768762, 19932
14408, 0, 4765, 5180, 4500, 1438, 0.24%, 0, 267, 47, 193.58, 2769471, 19932
14413, 0, 5171, 5181, 4500, 1437, 0.24%, 0, 267, 47, 224.57, 2770329, 19933
14418, 0, 5138, 5183, 4501, 1436, 0.24%, 0, 267, 47, 213.02, 2771134, 19934
14423, 0, 5138, 5184, 4502, 1436, 0.24%, 0, 267, 47, 214.76, 2772201, 19934
14429, 0, 5138, 5185, 4503, 1436, 0.24%, 0, 267, 47, 214.09, 2773288, 19934
14434, 0, 5138, 5186, 4504, 1436, 0.24%, 0, 267, 47, 217.52, 2774387, 19934
14439, 0, 5138, 5186, 4504, 1436, 0.24%, 0, 267, 47, 218.44, 2775491, 19934
14444, 0, 5138, 5186, 4504, 1436, 0.24%, 0, 267, 47, 219.97, 2776603, 19934
14449, 0, 5138, 5186, 4504, 1436, 0.24%, 0, 267, 47, 218.33, 2777703, 19934
14454, 0, 5138, 5186, 4504, 1436, 0.24%, 0, 267, 47, 217.43, 2778795, 19934
14459, 0, 5138, 5186, 4504, 1436, 0.24%, 0, 267, 47, 213.43, 2779855, 19934
14464, 0, 5138, 5187, 4505, 1436, 0.24%, 0, 267, 47, 211.24, 2780922, 19935
14469, 0, 5138, 5188, 4506, 1436, 0.24%, 0, 267, 47, 213.04, 2782033, 19937
14474, 0, 5138, 5188, 4506, 1436, 0.24%, 0, 267, 47, 221.51, 2783158, 19937
14480, 0, 5185, 5188, 4505, 1439, 0.24%, 0, 267, 47, 0.54, 2784060, 19937
14485, 0, 4146, 5191, 4507, 1438, 0.24%, 0, 267, 47, 218.26, 2785175, 19938
14490, 0, 4146, 5192, 4508, 1438, 0.24%, 0, 267, 47, 220.31, 2786286, 19940
14495, 0, 4146, 5192, 4508, 1438, 0.24%, 0, 267, 47, 224.28, 2787426, 19940
14500, 0, 4146, 5193, 4509, 1438, 0.24%, 0, 267, 47, 223.66, 2788561, 19940
14505, 0, 4146, 5193, 4509, 1438, 0.24%, 0, 267, 47, 225.74, 2789705, 19940
14510, 0, 4146, 5194, 4510, 1438, 0.24%, 0, 267, 47, 224.71, 2790840, 19941
14515, 0, 4146, 5195, 4511, 1438, 0.24%, 0, 267, 47, 226.94, 2791983, 19941
14520, 0, 4827, 5195, 4510, 1440, 0.24%, 0, 267, 47, 213.93, 2792659, 19941
14525, 0, 2353, 5195, 4509, 1439, 0.24%, 0, 267, 47, 227.73, 2793839, 19941
14531, 0, 5142, 5198, 4511, 1439, 0.24%, 0, 267, 47, 221.85, 2794698, 19942
14536, 0, 5142, 5203, 4516, 1439, 0.24%, 0, 267, 47, 219.78, 2795805, 19942
14541, 0, 5142, 5205, 4518, 1439, 0.24%, 0, 267, 47, 220.15, 2796919, 19942
14546, 0, 5142, 5208, 4521, 1439, 0.24%, 0, 267, 47, 224.22, 2798068, 19943
14551, 0, 5142, 5212, 4525, 1439, 0.24%, 0, 267, 47, 219.71, 2799168, 19945
14556, 0, 5142, 5215, 4528, 1439, 0.24%, 0, 267, 47, 218.87, 2800285, 19948
14561, 0, 5142, 5218, 4531, 1439, 0.24%, 0, 267, 47, 220.00, 2801410, 19951
14566, 0, 5142, 5221, 4534, 1439, 0.24%, 0, 267, 47, 221.43, 2802531, 19951
14571, 0, 5142, 5222, 4535, 1439, 0.24%, 0, 267, 47, 219.71, 2803634, 19951
14576, 0, 5142, 5223, 4536, 1439, 0.24%, 0, 267, 47, 217.60, 2804737, 19951
14581, 0, 5142, 5225, 4538, 1439, 0.24%, 0, 267, 47, 220.16, 2805843, 19951
14586, 0, 5142, 5227, 4540, 1439, 0.24%, 0, 267, 47, 216.27, 2806908, 19952
14592, 0, 1613, 5227, 4538, 1444, 0.24%, 0, 267, 47, 200.46, 2807640, 19952
14597, 0, 363, 5227, 4537, 1443, 0.24%, 0, 267, 47, 233.03, 2808460, 19952
14602, 0, 4369, 5227, 4536, 1442, 0.24%, 0, 267, 47, 230.22, 2809266, 19952
14607, 0, 4369, 5227, 4536, 1442, 0.24%, 0, 267, 47, 222.64, 2810385, 19952
14613, 0, 4555, 5228, 4536, 1442, 0.24%, 0, 267, 47, 17.51, 2811387, 19953
14618, 0, 2019, 5228, 4535, 1441, 0.24%, 0, 267, 47, 226.22, 2812160, 19953
14623, 0, 2433, 5231, 4537, 1440, 0.24%, 0, 267, 47, 212.62, 2812973, 19956
14628, 0, 2433, 5238, 4544, 1440, 0.24%, 0, 267, 47, 218.42, 2814094, 19963
14633, 0, 2433, 5238, 4544, 1440, 0.24%, 0, 267, 47, 224.16, 2815222, 19963
14638, 0, 2433, 5239, 4545, 1440, 0.24%, 0, 267, 47, 217.45, 2816317, 19964
14643, 0, 2433, 5243, 4549, 1440, 0.24%, 0, 267, 47, 221.92, 2817457, 19968
14648, 0, 2433, 5245, 4551, 1440, 0.24%, 0, 267, 47, 222.16, 2818567, 19970
14653, 0, 2433, 5246, 4552, 1440, 0.24%, 0, 267, 47, 226.78, 2819714, 19986
14658, 0, 2433, 5247, 4553, 1440, 0.24%, 0, 267, 47, 222.23, 2820829, 19988
14663, 0, 2433, 5247, 4553, 1440, 0.24%, 0, 267, 47, 222.13, 2821941, 19988
14668, 0, 2433, 5247, 4553, 1440, 0.24%, 0, 267, 47, 224.55, 2823077, 19988
14673, 0, 2433, 5250, 4556, 1440, 0.24%, 0, 267, 47, 224.73, 2824202, 19993
14678, 0, 2433, 5250, 4556, 1440, 0.24%, 0, 267, 47, 223.91, 2825326, 19993
14683, 0, 2424, 5250, 4555, 1458, 0.24%, 0, 267, 47, 190.00, 2825983, 19993
14689, 0, 2571, 5252, 4556, 1458, 0.24%, 0, 267, 47, 224.14, 2826822, 19996
14694, 0, 2571, 5252, 4556, 1458, 0.24%, 0, 267, 47, 220.03, 2827921, 19996
14700, 0, 5251, 5252, 4555, 1458, 0.24%, 0, 267, 47, 18.32, 2828919, 19996
14705, 0, 1704, 5253, 4554, 1457, 0.24%, 0, 267, 47, 17.82, 2829734, 19997
14710, 0, 4727, 5253, 4553, 1456, 0.24%, 0, 267, 47, 234.23, 2830469, 19997
14715, 0, 2272, 5254, 4553, 1455, 0.24%, 0, 267, 47, 224.04, 2831621, 19997
14720, 0, 3520, 5254, 4552, 1454, 0.24%, 0, 267, 47, 204.00, 2832401, 19997
14726, 0, 3789, 5255, 4552, 1453, 0.24%, 0, 267, 47, 210.10, 2833179, 19998
14731, 0, 1148, 5255, 4551, 1453, 0.24%, 0, 267, 47, 227.83, 2834048, 19998
14736, 0, 4546, 5255, 4550, 1452, 0.24%, 0, 267, 47, 193.05, 2834770, 19998
14741, 0, 2520, 5255, 4548, 1450, 0.24%, 0, 267, 47, 227.17, 2835611, 19998
14746, 0, 4306, 5255, 4547, 1449, 0.24%, 0, 267, 47, 206.59, 2836475, 19998
14751, 0, 4137, 5256, 4547, 1448, 0.24%, 0, 267, 47, 222.12, 2837307, 20000
14756, 0, 668, 5256, 4546, 1448, 0.24%, 0, 267, 47, 212.12, 2838128, 20000
14761, 0, 2734, 5256, 4545, 1447, 0.24%, 0, 267, 47, 217.90, 2838965, 20000
14767, 0, 4917, 5257, 4545, 1446, 0.24%, 0, 267, 47, 199.31, 2839783, 20000
14772, 0, 4917, 5257, 4545, 1446, 0.24%, 0, 267, 47, 218.39, 2840933, 20000
14777, 0, 1873, 5257, 4544, 1445, 0.24%, 0, 267, 47, 214.94, 2841736, 20000
14782, 0, 3849, 5258, 4544, 1444, 0.24%, 0, 267, 47, 217.07, 2842487, 20000
14787, 0, 1110, 5258, 4543, 1443, 0.24%, 0, 267, 47, 237.92, 2843332, 20000
14792, 0, 4213, 5258, 4542, 1442, 0.24%, 0, 267, 47, 228.86, 2844162, 20000
14797, 0, 82, 5258, 4541, 1441, 0.24%, 0, 267, 47, 226.79, 2845324, 20000
14803, 0, 4151, 5258, 4540, 1440, 0.24%, 0, 267, 47, 7.26, 2846196, 20000
14809, 0, 4682, 5259, 4540, 1440, 0.24%, 0, 267, 47, 7.54, 2847185, 20001
14814, 0, 4682, 5265, 4546, 1440, 0.24%, 0, 267, 47, 216.90, 2848283, 20008
14819, 0, 4682, 5268, 4549, 1440, 0.24%, 0, 267, 47, 218.80, 2849388, 20013
14824, 0, 4682, 5271, 4552, 1440, 0.24%, 0, 267, 47, 221.58, 2850513, 20016
14829, 0, 4682, 5272, 4553, 1440, 0.24%, 0, 267, 47, 220.65, 2851608, 20017
14834, 0, 4682, 5273, 4554, 1440, 0.24%, 0, 267, 47, 223.72, 2852751, 20018
14839, 0, 4682, 5273, 4554, 1440, 0.24%, 0, 267, 47, 216.00, 2853831, 20018
14844, 0, 4682, 5275, 4556, 1440, 0.24%, 0, 267, 47, 219.71, 2854933, 20022
14851, 0, 5274, 5277, 4557, 1455, 0.24%, 0, 267, 47, 6.90, 2855881, 20024
14858, 0, 5119, 5278, 4556, 1454, 0.24%, 0, 267, 47, 0.94, 2856910, 20025
14863, 0, 5119, 5282, 4560, 1454, 0.24%, 0, 267, 47, 195.12, 2857961, 20025
14868, 0, 5119, 5289, 4567, 1454, 0.24%, 0, 267, 47, 200.88, 2858958, 20026
14873, 0, 5119, 5290, 4568, 1454, 0.24%, 0, 267, 47, 208.95, 2860009, 20026
14878, 0, 5119, 5291, 4569, 1454, 0.24%, 0, 267, 47, 209.81, 2861064, 20026
14883, 0, 5119, 5293, 4571, 1454, 0.24%, 0, 267, 47, 211.57, 2862130, 20028
14888, 0, 5119, 5297, 4575, 1454, 0.24%, 0, 267, 47, 202.97, 2863174, 20028
14893, 0, 5119, 5299, 4577, 1454, 0.24%, 0, 267, 47, 204.36, 2864236, 20028
14898, 0, 5119, 5300, 4578, 1454, 0.24%, 0, 267, 47, 207.64, 2865295, 20028
14904, 0, 5119, 5301, 4579, 1454, 0.24%, 0, 267, 47, 213.03, 2866398, 20028
14909, 0, 5119, 5302, 4580, 1454, 0.24%, 0, 267, 47, 208.16, 2867473, 20028
14914, 0, 5119, 5302, 4580, 1454, 0.24%, 0, 267, 47, 207.79, 2868497, 20028
14919, 0, 5119, 5303, 4581, 1454, 0.24%, 0, 267, 47, 218.02, 2869613, 20028
14925, 0, 5285, 5303, 4580, 1456, 0.24%, 0, 267, 47, 16.41, 2870507, 20028
14930, 0, 3868, 5306, 4582, 1455, 0.24%, 0, 267, 47, 205.71, 2871599, 20031
14935, 0, 3027, 5306, 4581, 1457, 0.24%, 0, 268, 47, 179.08, 2872175, 20031
14940, 0, 3027, 5306, 4581, 1457, 0.24%, 0, 268, 47, 210.70, 2873271, 20031
14945, 0, 5232, 5306, 4580, 1456, 0.24%, 0, 268, 47, 214.06, 2874369, 20031
14951, 0, 4442, 5308, 4581, 1455, 0.24%, 0, 268, 47, 191.20, 2875027, 20032
14956, 0, 4442, 5309, 4582, 1455, 0.24%, 0, 268, 47, 216.49, 2876140, 20037
14961, 0, 1129, 5309, 4581, 1456, 0.24%, 0, 268, 47, 237.62, 2876929, 20037
14966, 0, 3730, 5309, 4580, 1455, 0.24%, 0, 268, 47, 12.12, 2877915, 20037
14971, 0, 3730, 5313, 4584, 1455, 0.24%, 0, 268, 47, 221.95, 2879014, 20041
14976, 0, 3730, 5318, 4589, 1455, 0.24%, 0, 268, 47, 212.68, 2880081, 20047
14982, 0, 3730, 5321, 4592, 1455, 0.24%, 0, 268, 47, 219.39, 2881190, 20049
14987, 0, 3730, 5321, 4592, 1455, 0.24%, 0, 268, 47, 223.93, 2882326, 20049
14992, 0, 3730, 5323, 4594, 1455, 0.24%, 0, 268, 47, 222.10, 2883452, 20055
14997, 0, 3730, 5324, 4595, 1455, 0.24%, 0, 268, 47, 221.80, 2884575, 20056
15002, 0, 3730, 5326, 4597, 1455, 0.24%, 0, 268, 47, 220.60, 2885689, 20058
15009, 0, 5322, 5328, 4598, 1467, 0.24%, 0, 268, 47, 10.46, 2886772, 20060
15014, 0, 5313, 5328, 4596, 1465, 0.24%, 0, 268, 47, 222.77, 2887580, 20060
15019, 0, 5313, 5333, 4601, 1465, 0.24%, 0, 268, 47, 218.32, 2888672, 20066
15024, 0, 5313, 5333, 4601, 1465, 0.24%, 0, 268, 47, 222.66, 2889804, 20066
15029, 0, 5313, 5334, 4602, 1465, 0.24%, 0, 268, 47, 220.33, 2890915, 20067
15034, 0, 5313, 5335, 4603, 1465, 0.24%, 0, 268, 47, 223.78, 2892054, 20068
15039, 0, 5313, 5336, 4604, 1465, 0.24%, 0, 268, 47, 224.98, 2893189, 20069
15044, 0, 5313, 5337, 4605, 1465, 0.24%, 0, 268, 47, 226.40, 2894328, 20070
15049, 0, 5313, 5337, 4605, 1465, 0.24%, 0, 268, 47, 224.57, 2895464, 20070
15054, 0, 5332, 5339, 4606, 1472, 0.24%, 0, 268, 47, 19.22, 2896208, 20072
15060, 0, 5330, 5340, 4605, 1471, 0.24%, 0, 268, 47, 222.90, 2896993, 20073
15065, 0, 4755, 5340, 4604, 1470, 0.24%, 0, 268, 47, 223.04, 2898111, 20073
15070, 0, 5312, 5340, 4602, 1468, 0.24%, 0, 268, 47, 18.12, 2898909, 20073
15075, 0, 3688, 5340, 4601, 1467, 0.24%, 0, 268, 47, 212.44, 2899746, 20073
15080, 0, 2745, 5342, 4602, 1467, 0.24%, 0, 268, 47, 215.83, 2900561, 20074
15086, 0, 3682, 5342, 4601, 1466, 0.24%, 0, 268, 47, 25.87, 2901616, 20074
15092, 0, 4573, 5342, 4600, 1465, 0.24%, 0, 268, 47, 219.32, 2902429, 20074
15097, 0, 4196, 5343, 4600, 1465, 0.24%, 0, 268, 47, 213.92, 2903245, 20075
15102, 0, 5269, 5345, 4601, 1464, 0.24%, 0, 268, 47, 222.03, 2904375, 20080
15107, 0, 5269, 5346, 4602, 1464, 0.24%, 0, 268, 47, 224.56, 2905530, 20081
15112, 0, 5269, 5350, 4606, 1464, 0.24%, 0, 268, 47, 223.98, 2906654, 20084
15117, 0, 5269, 5351, 4607, 1464, 0.24%, 0, 268, 47, 221.47, 2907777, 20085
15122, 0, 5269, 5352, 4608, 1464, 0.24%, 0, 268, 47, 221.70, 2908896, 20087
15127, 0, 5269, 5353, 4609, 1464, 0.24%, 0, 268, 47, 217.82, 2909995, 20087
15132, 0, 5269, 5354, 4610, 1464, 0.24%, 0, 268, 47, 224.55, 2911134, 20088
15137, 0, 5269, 5354, 4610, 1464, 0.24%, 0, 268, 47, 225.51, 2912313, 20088
15143, 0, 5208, 5355, 4609, 1468, 0.24%, 0, 268, 47, 209.33, 2912980, 20088
15148, 0, 2774, 5355, 4608, 1467, 0.24%, 0, 268, 47, 22.90, 2913840, 20088
15153, 0, 1351, 5355, 4607, 1466, 0.24%, 0, 268, 47, 243.65, 2914670, 20088
15158, 0, 2369, 5356, 4606, 1467, 0.24%, 0, 268, 47, 210.79, 2915500, 20089
15163, 0, 3811, 5356, 4605, 1466, 0.24%, 0, 268, 47, 9.97, 2916243, 20089
15168, 0, 4940, 5356, 4604, 1465, 0.24%, 0, 268, 47, 227.08, 2917064, 20089
15173, 0, 4940, 5365, 4613, 1465, 0.24%, 0, 268, 47, 218.90, 2918157, 20100
15178, 0, 5151, 5366, 4613, 1473, 0.24%, 0, 268, 47, 213.53, 2918893, 20100
15183, 0, 3989, 5366, 4612, 1472, 0.24%, 0, 268, 47, 227.93, 2919731, 20100
15188, 0, 3989, 5367, 4613, 1472, 0.24%, 0, 268, 47, 217.87, 2920814, 20101
15193, 0, 4549, 5375, 4620, 1472, 0.24%, 0, 268, 47, 211.13, 2921624, 20117
15198, 0, 4549, 5386, 4631, 1472, 0.24%, 0, 268, 47, 216.55, 2922713, 20132
15203, 0, 4549, 5388, 4633, 1472, 0.24%, 0, 268, 47, 221.39, 2923827, 20134
15208, 0, 4549, 5394, 4639, 1472, 0.24%, 0, 268, 47, 219.73, 2924925, 20140
15213, 0, 4549, 5396, 4641, 1472, 0.24%, 0, 268, 47, 223.04, 2926055, 20141
15219, 0, 4549, 5399, 4644, 1472, 0.24%, 0, 268, 47, 217.51, 2927160, 20143
15224, 0, 4549, 5402, 4647, 1472, 0.24%, 0, 268, 47, 220.91, 2928281, 20147
15229, 0, 4549, 5404, 4649, 1472, 0.24%, 0, 268, 47, 221.58, 2929399, 20149
15234, 0, 4549, 5407, 4652, 1472, 0.24%, 0, 268, 47, 224.77, 2930548, 20154
15239, 0, 4549, 5410, 4655, 1472, 0.24%, 0, 268, 47, 220.87, 2931669, 20159
15244, 0, 4549, 5413, 4658, 1472, 0.24%, 0, 268, 47, 217.85, 2932770, 20162
15249, 0, 4549, 5414, 4659, 1472, 0.24%, 0, 268, 47, 221.18, 2933889, 20164
15254, 0, 495, 5414, 4657, 1507, 0.24%, 0, 268, 47, 228.31, 2934661, 20164
15259, 0, 3853, 5415, 4657, 1506, 0.24%, 0, 268, 47, 227.36, 2935823, 20165
15265, 0, 2574, 5415, 4656, 1506, 0.24%, 0, 268, 47, 0.59, 2936720, 20165
15270, 0, 2574, 5416, 4657, 1506, 0.24%, 0, 268, 47, 219.12, 2937824, 20165
15275, 0, 2574, 5416, 4657, 1506, 0.24%, 0, 268, 47, 222.56, 2938951, 20165
15281, 0, 1569, 5417, 4656, 1504, 0.24%, 0, 268, 47, 6.84, 2939645, 20166
15286, 0, 4774, 5417, 4655, 1503, 0.24%, 0, 268, 47, 228.21, 2940465, 20166
15292, 0, 4200, 5418, 4655, 1502, 0.24%, 0, 268, 47, 220.25, 2941592, 20167
15297, 0, 60, 5418, 4654, 1502, 0.24%, 0, 268, 47, 235.55, 2942423, 20167
15302, 0, 5191, 5418, 4653, 1501, 0.24%, 0, 268, 47, 229.70, 2943221, 20167
15307, 0, 4622, 5419, 4653, 1500, 0.24%, 0, 268, 47, 220.47, 2944362, 20167
15312, 0, 4622, 5422, 4656, 1500, 0.24%, 0, 269, 47, 11.74, 2945340, 20168
15318, 0, 4622, 5424, 4658, 1500, 0.24%, 0, 269, 47, 208.35, 2946422, 20171
15323, 0, 4622, 5425, 4659, 1500, 0.24%, 0, 269, 47, 210.94, 2947501, 20171
15328, 0, 4622, 5427, 4661, 1500, 0.24%, 0, 269, 47, 211.10, 2948571, 20172
15333, 0, 4622, 5427, 4661, 1500, 0.24%, 0, 269, 47, 216.28, 2949667, 20172
15338, 0, 4622, 5428, 4662, 1500, 0.24%, 0, 269, 47, 216.12, 2950798, 20172
15343, 0, 4622, 5429, 4663, 1500, 0.24%, 0, 269, 47, 210.35, 2951845, 20174
15348, 0, 4622, 5430, 4664, 1500, 0.24%, 0, 269, 47, 212.42, 2952948, 20174
15353, 0, 4622, 5430, 4664, 1500, 0.24%, 0, 269, 47, 212.89, 2954000, 20174
15359, 0, 4622, 5430, 4664, 1500, 0.24%, 0, 269, 47, 214.18, 2955104, 20174
15364, 0, 4622, 5430, 4664, 1500, 0.24%, 0, 269, 47, 215.08, 2956220, 20174
15370, 0, 5429, 5430, 4663, 1502, 0.24%, 0, 269, 47, 4.14, 2957195, 20174
15376, 0, 5423, 5431, 4662, 1501, 0.24%, 0, 269, 47, 215.00, 2957941, 20175
15381, 0, 5423, 5431, 4662, 1501, 0.24%, 0, 269, 47, 217.09, 2959070, 20175
15386, 0, 5363, 5431, 4661, 1500, 0.24%, 0, 269, 47, 218.32, 2960193, 20175
15393, 0, 5426, 5431, 4660, 1499, 0.24%, 0, 269, 47, 18.74, 2961314, 20175
15398, 0, 5426, 5433, 4662, 1499, 0.24%, 0, 270, 47, 217.16, 2962175, 20175
15403, 0, 5426, 5434, 4663, 1499, 0.24%, 0, 270, 47, 219.39, 2963286, 20175
15408, 0, 5426, 5434, 4663, 1499, 0.24%, 0, 270, 47, 219.71, 2964398, 20175
15413, 0, 5426, 5434, 4663, 1499, 0.24%, 0, 270, 47, 219.48, 2965498, 20175
15418, 0, 5426, 5435, 4664, 1499, 0.24%, 0, 270, 47, 214.85, 2966581, 20175
15423, 0, 5426, 5435, 4664, 1499, 0.24%, 0, 270, 47, 221.44, 2967705, 20175
15428, 0, 5426, 5436, 4665, 1499, 0.24%, 0, 270, 47, 216.26, 2968796, 20175
15434, 0, 5426, 5436, 4665, 1499, 0.24%, 0, 270, 47, 218.95, 2969900, 20175
15439, 0, 5426, 5437, 4666, 1499, 0.24%, 0, 270, 47, 217.25, 2971007, 20176
15444, 0, 5426, 5437, 4666, 1499, 0.24%, 0, 270, 47, 220.35, 2972127, 20176
15449, 0, 5426, 5437, 4666, 1499, 0.24%, 0, 270, 47, 220.35, 2973247, 20176
15454, 0, 5426, 5441, 4670, 1499, 0.24%, 0, 270, 47, 223.15, 2974392, 20182
15459, 0, 5426, 5443, 4672, 1499, 0.24%, 0, 270, 47, 224.12, 2975531, 20185
15464, 0, 5181, 5443, 4671, 1503, 0.24%, 0, 270, 47, 4.14, 2976203, 20185
15469, 0, 5181, 5444, 4672, 1503, 0.24%, 0, 270, 47, 197.25, 2977287, 20185
15474, 0, 5181, 5444, 4672, 1503, 0.24%, 0, 270, 47, 216.02, 2978405, 20185
15480, 0, 4273, 5444, 4671, 1502, 0.24%, 0, 270, 47, 7.72, 2979117, 20185
15485, 0, 4273, 5446, 4673, 1502, 0.24%, 0, 270, 47, 174.13, 2980055, 20185
15490, 0, 4273, 5446, 4673, 1502, 0.24%, 0, 270, 47, 205.49, 2981130, 20185
15495, 0, 2763, 5446, 4672, 1501, 0.24%, 0, 270, 47, 205.07, 2981782, 20185
15500, 0, 4462, 5446, 4671, 1500, 0.24%, 0, 270, 47, 217.22, 2982602, 20185
15505, 0, 4450, 5454, 4678, 1499, 0.24%, 0, 270, 47, 210.35, 2983396, 20320
15510, 0, 4450, 5463, 4687, 1499, 0.25%, 0, 270, 47, 212.18, 2984475, 20655
15515, 0, 4450, 5469, 4693, 1499, 0.25%, 0, 270, 47, 217.65, 2985577, 20676
15520, 0, 4450, 5475, 4699, 1499, 0.25%, 0, 270, 47, 216.48, 2986683, 20681
15525, 0, 4450, 5477, 4701, 1499, 0.25%, 0, 270, 47, 220.63, 2987813, 20682
15530, 0, 4450, 5478, 4702, 1499, 0.25%, 0, 270, 47, 220.98, 2988948, 20682
15536, 0, 4450, 5482, 4706, 1499, 0.25%, 0, 270, 47, 217.28, 2990036, 20686
15541, 0, 4450, 5485, 4709, 1499, 0.25%, 0, 270, 47, 214.65, 2991105, 20688
15546, 0, 5470, 5485, 4708, 1502, 0.25%, 0, 270, 47, 18.03, 2991883, 20688
15551, 0, 5457, 5485, 4706, 1500, 0.25%, 0, 270, 47, 6.60, 2992631, 20688
15556, 0, 5457, 5491, 4712, 1500, 0.25%, 0, 270, 47, 222.01, 2993595, 20725
15561, 0, 5457, 5494, 4715, 1500, 0.25%, 0, 270, 47, 213.57, 2994648, 20727
15566, 0, 5457, 5498, 4719, 1500, 0.25%, 0, 270, 47, 210.06, 2995716, 20747
15572, 0, 5457, 5500, 4721, 1500, 0.25%, 0, 270, 47, 208.27, 2996786, 20751
15577, 0, 5457, 5504, 4725, 1500, 0.25%, 0, 270, 47, 202.92, 2997851, 20752
15582, 0, 5457, 5504, 4725, 1500, 0.25%, 0, 270, 47, 216.02, 2998939, 20752
15587, 0, 5457, 5505, 4726, 1500, 0.25%, 0, 270, 47, 215.96, 3000026, 20752
15592, 0, 5457, 5505, 4726, 1500, 0.25%, 0, 270, 47, 220.32, 3001132, 20752
15597, 0, 5457, 5505, 4726, 1500, 0.25%, 0, 270, 47, 223.53, 3002273, 20752
15602, 0, 281, 5505, 4724, 1505, 0.25%, 0, 270, 47, 215.51, 3003022, 20752
15607, 0, 5486, 5505, 4723, 1504, 0.25%, 0, 270, 47, 203.26, 3003749, 20752
15612, 0, 5486, 5510, 4728, 1504, 0.25%, 0, 272, 47, 213.11, 3004330, 20754
15617, 0, 5486, 5519, 4737, 1504, 0.25%, 0, 272, 47, 204.30, 3005353, 20754
15622, 0, 5486, 5523, 4741, 1504, 0.25%, 0, 272, 47, 203.77, 3006385, 20757
15627, 0, 5486, 5527, 4745, 1504, 0.25%, 0, 272, 47, 207.53, 3007441, 20759
15632, 0, 5486, 5532, 4750, 1504, 0.25%, 0, 272, 47, 206.74, 3008484, 20761
15638, 0, 5486, 5533, 4751, 1504, 0.25%, 0, 272, 47, 208.64, 3009571, 20761
15643, 0, 5486, 5538, 4756, 1504, 0.25%, 0, 272, 47, 207.84, 3010638, 20767
15648, 0, 5486, 5540, 4758, 1504, 0.25%, 0, 272, 47, 205.37, 3011656, 20767
15653, 0, 5486, 5542, 4760, 1504, 0.25%, 0, 272, 47, 204.74, 3012726, 20767
15658, 0, 5486, 5542, 4760, 1504, 0.25%, 0, 272, 47, 205.39, 3013770, 20767
15663, 0, 5486, 5544, 4762, 1504, 0.25%, 0, 272, 47, 192.82, 3014780, 20767
15668, 0, 5486, 5544, 4762, 1504, 0.25%, 0, 272, 47, 207.07, 3015824, 20767
15673, 0, 5486, 5544, 4762, 1504, 0.25%, 0, 272, 47, 221.21, 3016948, 20767
15678, 0, 3875, 5544, 4760, 1513, 0.25%, 0, 272, 47, 191.03, 3017556, 20767
15683, 0, 5537, 5544, 4759, 1512, 0.25%, 0, 272, 47, 171.83, 3018173, 20767
15688, 0, 5537, 5545, 4760, 1512, 0.25%, 0, 272, 47, 209.33, 3019273, 20770
15694, 0, 5537, 5545, 4760, 1512, 0.25%, 0, 272, 47, 221.17, 3020399, 20770
15699, 0, 5513, 5545, 4759, 1512, 0.25%, 0, 272, 47, 157.62, 3021060, 20770
15704, 0, 5513, 5546, 4760, 1512, 0.25%, 0, 273, 47, 216.75, 3021941, 20770
15709, 0, 5513, 5548, 4762, 1512, 0.25%, 0, 273, 47, 209.32, 3022983, 20770
15714, 0, 5513, 5549, 4763, 1512, 0.25%, 0, 273, 47, 211.33, 3024054, 20781
15719, 0, 5513, 5549, 4763, 1512, 0.25%, 0, 274, 47, 218.91, 3024923, 20781
15724, 0, 5513, 5549, 4763, 1512, 0.25%, 0, 274, 47, 217.95, 3026007, 20781
15729, 0, 5513, 5550, 4764, 1512, 0.25%, 0, 274, 47, 206.63, 3027082, 20782
15734, 0, 5513, 5553, 4767, 1512, 0.25%, 0, 274, 47, 211.69, 3028159, 20783
15739, 0, 5513, 5556, 4770, 1512, 0.25%, 0, 274, 47, 212.04, 3029244, 20785
15744, 0, 5513, 5557, 4771, 1512, 0.25%, 0, 274, 47, 215.90, 3030327, 20785
15750, 0, 5513, 5557, 4771, 1512, 0.25%, 0, 274, 47, 216.39, 3031451, 20785
15755, 0, 5513, 5559, 4773, 1512, 0.25%, 0, 274, 47, 216.35, 3032537, 20785
15760, 0, 5513, 5559, 4773, 1512, 0.25%, 0, 274, 47, 220.66, 3033648, 20785
15765, 0, 5558, 5559, 4772, 1516, 0.25%, 0, 274, 47, 7.48, 3034384, 20785
15771, 0, 5548, 5562, 4773, 1517, 0.25%, 0, 274, 47, 14.52, 3035394, 20789
15777, 0, 5548, 5571, 4782, 1517, 0.25%, 0, 275, 47, 182.39, 3036184, 20791
15782, 0, 5548, 5576, 4787, 1517, 0.25%, 0, 275, 47, 197.18, 3037203, 20792
15787, 0, 5548, 5580, 4791, 1517, 0.25%, 0, 276, 47, 209.31, 3038019, 20793
15792, 0, 5548, 5581, 4792, 1517, 0.25%, 0, 277, 47, 211.61, 3038823, 20793
15797, 0, 5548, 5582, 4793, 1517, 0.25%, 0, 277, 47, 209.83, 3039874, 20798
15802, 0, 5548, 5584, 4795, 1517, 0.25%, 0, 277, 47, 203.83, 3040904, 20808
15807, 0, 5548, 5586, 4797, 1517, 0.25%, 0, 277, 47, 203.51, 3041938, 20810
15812, 0, 5548, 5589, 4800, 1517, 0.25%, 0, 278, 47, 213.32, 3042732, 20811
15817, 0, 5548, 5589, 4800, 1517, 0.25%, 0, 278, 47, 211.89, 3043792, 20811
15822, 0, 5548, 5592, 4803, 1517, 0.25%, 0, 278, 47, 206.23, 3044829, 20811
15827, 0, 5548, 5592, 4803, 1517, 0.25%, 0, 278, 47, 207.48, 3045877, 20811
15832, 0, 5548, 5594, 4805, 1517, 0.25%, 0, 278, 47, 206.71, 3046907, 20812
15837, 0, 5548, 5594, 4805, 1517, 0.25%, 0, 278, 47, 214.56, 3047982, 20812
15844, 0, 5572, 5594, 4804, 1521, 0.25%, 0, 278, 47, 4.39, 3049050, 20812
15849, 0, 5518, 5596, 4805, 1520, 0.25%, 0, 278, 47, 211.80, 3050132, 20812
15854, 0, 5518, 5596, 4805, 1520, 0.25%, 0, 278, 47, 222.33, 3051252, 20812
15859, 0, 5518, 5597, 4806, 1520, 0.25%, 0, 278, 47, 223.91, 3052387, 20812
15864, 0, 5518, 5598, 4807, 1520, 0.25%, 0, 278, 47, 225.40, 3053526, 20812
15869, 0, 5518, 5599, 4808, 1520, 0.25%, 0, 278, 47, 218.07, 3054621, 20812
15874, 0, 5518, 5599, 4808, 1520, 0.25%, 0, 278, 47, 221.59, 3055737, 20812
15879, 0, 5518, 5599, 4808, 1520, 0.25%, 0, 278, 47, 221.99, 3056861, 20812
15885, 0, 5518, 5601, 4810, 1520, 0.25%, 0, 278, 47, 224.33, 3057999, 20852
15890, 0, 5518, 5601, 4810, 1520, 0.25%, 0, 278, 47, 223.86, 3059131, 20852
15895, 0, 5518, 5601, 4810, 1520, 0.25%, 0, 278, 47, 223.53, 3060263, 20852
15900, 0, 5518, 5602, 4811, 1520, 0.25%, 0, 278, 47, 218.90, 3061356, 20852
15905, 0, 5518, 5602, 4811, 1520, 0.25%, 0, 278, 47, 223.63, 3062492, 20852
15910, 0, 854, 5602, 4809, 1517, 0.25%, 0, 278, 47, 209.19, 3063142, 20852
15915, 0, 4900, 5602, 4808, 1516, 0.25%, 0, 278, 47, 209.75, 3063789, 20852
15920, 0, 4900, 5604, 4810, 1516, 0.25%, 0, 278, 48, 216.06, 3064877, 20853
15925, 0, 5477, 5605, 4810, 1516, 0.25%, 0, 278, 48, 212.21, 3065535, 20853
15930, 0, 5477, 5605, 4810, 1516, 0.25%, 0, 278, 48, 215.29, 3066612, 20853
15935, 0, 5477, 5605, 4810, 1516, 0.25%, 0, 278, 48, 221.35, 3067740, 20853
15940, 0, 1782, 5605, 4808, 1514, 0.25%, 0, 278, 48, 223.18, 3068864, 20853
15945, 0, 5601, 5606, 4808, 1514, 0.25%, 0, 278, 48, 208.97, 3069529, 20854
15951, 0, 5601, 5609, 4811, 1514, 0.25%, 0, 278, 48, 216.34, 3070650, 20856
15956, 0, 5601, 5610, 4812, 1514, 0.25%, 0, 278, 48, 221.15, 3071769, 20856
15961, 0, 5601, 5610, 4812, 1514, 0.25%, 0, 278, 48, 221.65, 3072881, 20856
15966, 0, 5601, 5610, 4812, 1514, 0.25%, 0, 278, 48, 223.47, 3074009, 20856
15971, 0, 5601, 5610, 4812, 1514, 0.25%, 0, 278, 48, 218.28, 3075113, 20856
15976, 0, 5601, 5610, 4812, 1514, 0.25%, 0, 278, 48, 223.82, 3076241, 20856
15981, 0, 5601, 5612, 4814, 1514, 0.25%, 0, 278, 48, 221.32, 3077347, 20856
15986, 0, 5601, 5612, 4814, 1514, 0.25%, 0, 278, 48, 224.59, 3078487, 20856
15991, 0, 5601, 5614, 4816, 1514, 0.25%, 0, 278, 48, 222.04, 3079617, 20856
15996, 0, 5601, 5614, 4816, 1514, 0.25%, 0, 278, 48, 224.51, 3080749, 20856
16001, 0, 5601, 5614, 4816, 1514, 0.25%, 0, 278, 48, 222.44, 3081882, 20856
16007, 0, 5612, 5614, 4815, 1515, 0.25%, 0, 278, 48, 14.53, 3082772, 20856
16012, 0, 5544, 5614, 4813, 1513, 0.25%, 0, 278, 48, 230.00, 3083565, 20856
16017, 0, 5544, 5614, 4813, 1513, 0.25%, 0, 278, 48, 221.28, 3084669, 20856
16024, 0, 4735, 5614, 4811, 1511, 0.25%, 0, 278, 48, 7.55, 3085695, 20856
16029, 0, 4735, 5614, 4811, 1511, 0.25%, 0, 278, 48, 216.92, 3086806, 20856
16034, 0, 5245, 5616, 4812, 1510, 0.25%, 0, 278, 48, 211.36, 3087909, 20858
16039, 0, 5245, 5628, 4824, 1510, 0.25%, 0, 278, 48, 212.99, 3089005, 20910
16044, 0, 5245, 5633, 4829, 1510, 0.25%, 0, 278, 48, 213.47, 3090076, 20914
16049, 0, 5245, 5640, 4836, 1510, 0.25%, 0, 278, 48, 208.72, 3091153, 20929
16054, 0, 5245, 5649, 4845, 1510, 0.25%, 0, 278, 48, 210.29, 3092212, 20938
16059, 0, 5245, 5652, 4848, 1510, 0.25%, 0, 278, 48, 212.53, 3093281, 20941
16065, 0, 5245, 5655, 4851, 1510, 0.25%, 0, 278, 48, 213.22, 3094398, 20946
16070, 0, 5245, 5657, 4853, 1510, 0.25%, 0, 278, 48, 213.66, 3095500, 20948
16075, 0, 5245, 5659, 4855, 1510, 0.25%, 0, 278, 48, 213.98, 3096618, 20950
16080, 0, 5245, 5664, 4860, 1510, 0.25%, 0, 278, 48, 211.21, 3097709, 20955
16085, 0, 5245, 5665, 4861, 1510, 0.25%, 0, 278, 48, 212.39, 3098808, 20956
16091, 0, 5245, 5667, 4863, 1510, 0.25%, 0, 278, 48, 214.14, 3099914, 20959
16096, 0, 5245, 5669, 4865, 1510, 0.25%, 0, 278, 48, 214.63, 3101008, 20961
16101, 0, 1273, 5670, 4864, 1551, 0.25%, 0, 278, 48, 198.61, 3101586, 20963
16106, 0, 5653, 5670, 4863, 1550, 0.25%, 0, 278, 48, 210.72, 3102274, 20963
16111, 0, 5645, 5672, 4864, 1550, 0.25%, 0, 278, 48, 200.00, 3103016, 20965
16116, 0, 870, 5672, 4863, 1549, 0.25%, 0, 278, 48, 3.54, 3103696, 20965
16122, 0, 4145, 5672, 4862, 1548, 0.25%, 0, 278, 48, 2.40, 3104754, 20965
16128, 0, 2944, 5672, 4861, 1547, 0.25%, 0, 278, 48, 177.34, 3105530, 20965
16133, 0, 4477, 5672, 4860, 1546, 0.25%, 0, 278, 48, 205.71, 3106265, 20965
16138, 0, 4477, 5672, 4860, 1546, 0.25%, 0, 278, 48, 212.65, 3107344, 20965
16143, 0, 1840, 5672, 4859, 1545, 0.25%, 0, 278, 48, 213.33, 3108406, 20965
16148, 0, 4182, 5672, 4858, 1544, 0.25%, 0, 278, 48, 179.15, 3109046, 20965
16153, 0, 4182, 5672, 4858, 1544, 0.25%, 0, 278, 48, 198.89, 3110105, 20965
16158, 0, 5139, 5672, 4857, 1543, 0.25%, 0, 278, 48, 212.32, 3111218, 20965
16163, 0, 5314, 5672, 4856, 1542, 0.25%, 0, 278, 48, 179.25, 3111823, 20965
16168, 0, 3260, 5672, 4855, 1541, 0.25%, 0, 278, 48, 191.56, 3112619, 20965
16173, 0, 262, 5672, 4854, 1540, 0.25%, 0, 278, 48, 235.20, 3113413, 20965
16179, 0, 3016, 5672, 4853, 1539, 0.25%, 0, 278, 48, 4.44, 3114265, 20965
16184, 0, 5629, 5673, 4853, 1538, 0.25%, 0, 278, 48, 225.31, 3115077, 20972
16189, 0, 5629, 5680, 4860, 1538, 0.25%, 0, 278, 48, 220.02, 3116178, 20980
16194, 0, 5629, 5682, 4862, 1538, 0.25%, 0, 278, 48, 216.52, 3117272, 20981
16199, 0, 5629, 5686, 4866, 1538, 0.25%, 0, 278, 48, 216.47, 3118360, 20984
16204, 0, 5629, 5690, 4870, 1538, 0.25%, 0, 278, 48, 220.70, 3119476, 20989
16209, 0, 5629, 5692, 4872, 1538, 0.25%, 0, 278, 48, 221.11, 3120590, 20991
16214, 0, 5629, 5695, 4875, 1538, 0.25%, 0, 278, 48, 217.65, 3121683, 20993
16219, 0, 5629, 5696, 4876, 1538, 0.25%, 0, 278, 48, 219.69, 3122802, 20994
16225, 0, 5672, 5696, 4875, 1555, 0.25%, 0, 278, 48, 17.25, 3123627, 20994
16230, 0, 5453, 5698, 4876, 1554, 0.25%, 0, 278, 48, 211.60, 3124694, 20994
16235, 0, 5453, 5698, 4876, 1554, 0.25%, 0, 278, 48, 217.38, 3125802, 20994
16241, 0, 5673, 5699, 4876, 1555, 0.25%, 0, 278, 48, 9.73, 3126657, 20995
16246, 0, 3132, 5699, 4875, 1554, 0.25%, 0, 278, 48, 213.70, 3127800, 20995
16251, 0, 2726, 5700, 4875, 1554, 0.25%, 0, 278, 48, 217.35, 3128601, 20996
16256, 0, 4868, 5702, 4876, 1553, 0.25%, 0, 278, 48, 216.23, 3129384, 20996
16261, 0, 4868, 5706, 4880, 1553, 0.25%, 0, 278, 48, 212.17, 3130444, 20996
16267, 0, 4868, 5708, 4882, 1553, 0.25%, 0, 278, 48, 217.64, 3131542, 20996
16272, 0, 4868, 5710, 4884, 1553, 0.25%, 0, 278, 48, 214.35, 3132596, 20996
16277, 0, 4868, 5713, 4887, 1553, 0.25%, 0, 279, 48, 27.68, 3133606, 20997
16283, 0, 4868, 5713, 4887, 1553, 0.25%, 0, 279, 48, 221.45, 3134746, 20997
16288, 0, 4868, 5714, 4888, 1553, 0.25%, 0, 279, 48, 219.85, 3135861, 20997
16293, 0, 4868, 5715, 4889, 1553, 0.25%, 0, 279, 48, 219.58, 3136920, 20997
16298, 0, 4868, 5716, 4890, 1553, 0.25%, 0, 279, 48, 219.37, 3138035, 20997
16303, 0, 4868, 5717, 4891, 1553, 0.25%, 0, 279, 48, 219.36, 3139142, 20997
16308, 0, 4868, 5718, 4892, 1553, 0.25%, 0, 279, 48, 219.96, 3140289, 20997
16313, 0, 4868, 5719, 4893, 1553, 0.25%, 0, 279, 48, 218.12, 3141340, 21000
16320, 0, 5702, 5720, 4893, 1553, 0.25%, 0, 279, 48, 4.69, 3142395, 21001
16325, 0, 5320, 5720, 4891, 1551, 0.25%, 0, 279, 48, 220.49, 3143511, 21001
16330, 0, 4916, 5720, 4890, 1550, 0.25%, 0, 279, 48, 195.94, 3144242, 21001
16335, 0, 3450, 5720, 4889, 1549, 0.25%, 0, 279, 48, 217.45, 3145030, 21001
16340, 0, 3356, 5721, 4889, 1548, 0.25%, 0, 279, 48, 211.59, 3145795, 21002
16345, 0, 1570, 5722, 4889, 1548, 0.25%, 0, 279, 48, 236.46, 3146577, 21010
16350, 0, 5688, 5723, 4888, 1547, 0.25%, 0, 279, 48, 218.11, 3147328, 21011
16356, 0, 5722, 5723, 4887, 1547, 0.25%, 0, 279, 48, 10.83, 3148189, 21011
16361, 0, 5681, 5725, 4887, 1546, 0.25%, 0, 279, 48, 224.88, 3148977, 21014
16366, 0, 5681, 5726, 4888, 1546, 0.25%, 0, 279, 48, 225.60, 3150112, 21014
16371, 0, 3169, 5727, 4888, 1547, 0.25%, 0, 279, 48, 222.59, 3150912, 21015
16376, 0, 5697, 5727, 4887, 1546, 0.25%, 0, 279, 48, 220.07, 3152019, 21015
16381, 0, 339, 5727, 4886, 1545, 0.25%, 0, 279, 48, 227.52, 3153199, 21015
16386, 0, 4931, 5727, 4885, 1544, 0.25%, 0, 279, 48, 217.33, 3153902, 21015
16392, 0, 3201, 5727, 4883, 1542, 0.25%, 0, 279, 48, 15.59, 3154848, 21015
16398, 0, 4444, 5727, 4882, 1541, 0.25%, 0, 279, 48, 13.73, 3155593, 21015
16403, 0, 4153, 5728, 4882, 1541, 0.25%, 0, 279, 48, 12.91, 3156323, 21020
16408, 0, 4955, 5728, 4881, 1540, 0.25%, 0, 279, 48, 5.72, 3157062, 21020
16414, 0, 5216, 5729, 4881, 1540, 0.25%, 0, 279, 48, 22.86, 3158060, 21021
16419, 0, 5216, 5735, 4887, 1540, 0.25%, 0, 279, 48, 215.58, 3159148, 21021
16424, 0, 5216, 5736, 4888, 1540, 0.25%, 0, 279, 48, 218.26, 3160263, 21021
16429, 0, 5216, 5736, 4888, 1540, 0.25%, 0, 279, 48, 221.09, 3161383, 21021
16434, 0, 5216, 5738, 4890, 1540, 0.25%, 0, 279, 48, 223.39, 3162509, 21022
16439, 0, 5216, 5739, 4891, 1540, 0.25%, 0, 279, 48, 219.95, 3163616, 21022
16444, 0, 5216, 5743, 4895, 1540, 0.25%, 0, 279, 48, 222.05, 3164752, 21023
16450, 0, 5216, 5743, 4895, 1540, 0.25%, 0, 279, 48, 223.24, 3165880, 21023
16455, 0, 5216, 5746, 4898, 1540, 0.25%, 0, 279, 48, 217.92, 3166989, 21023
16460, 0, 5216, 5746, 4898, 1540, 0.25%, 0, 279, 48, 218.82, 3168097, 21023
16465, 0, 5216, 5746, 4898, 1540, 0.25%, 0, 279, 48, 223.50, 3169237, 21023
16470, 0, 5216, 5746, 4898, 1540, 0.25%, 0, 279, 48, 221.38, 3170355, 21023
16475, 0, 4434, 5746, 4896, 1540, 0.25%, 0, 279, 48, 181.17, 3171025, 21023
16480, 0, 5740, 5746, 4895, 1539, 0.25%, 0, 279, 48, 228.98, 3171794, 21023
16485, 0, 795, 5746, 4894, 1538, 0.25%, 0, 279, 48, 229.41, 3172967, 21023
16491, 0, 5582, 5746, 4893, 1537, 0.25%, 0, 279, 48, 9.63, 3173813, 21023
16496, 0, 5582, 5748, 4895, 1537, 0.25%, 0, 280, 48, 6.48, 3174681, 21023
16501, 0, 5582, 5750, 4897, 1537, 0.25%, 0, 280, 48, 209.58, 3175722, 21024
16506, 0, 5582, 5753, 4900, 1537, 0.25%, 0, 281, 48, 203.81, 3176572, 21024
16511, 0, 5582, 5756, 4903, 1537, 0.25%, 0, 281, 48, 212.19, 3177649, 21024
16516, 0, 5582, 5756, 4903, 1537, 0.25%, 0, 281, 48, 214.94, 3178741, 21024
16521, 0, 5582, 5756, 4903, 1537, 0.25%, 0, 281, 48, 214.40, 3179817, 21024
16526, 0, 5582, 5758, 4905, 1537, 0.25%, 0, 281, 48, 212.70, 3180883, 21027
16531, 0, 5582, 5758, 4905, 1537, 0.25%, 0, 281, 48, 215.88, 3181971, 21027
16536, 0, 5582, 5758, 4905, 1537, 0.25%, 0, 281, 48, 223.76, 3183108, 21027
16542, 0, 5746, 5759, 4905, 1542, 0.25%, 0, 281, 48, 16.55, 3183946, 21028
16547, 0, 4328, 5759, 4903, 1540, 0.25%, 0, 281, 48, 17.55, 3184814, 21028
16553, 0, 4329, 5759, 4902, 1539, 0.25%, 0, 281, 48, 221.39, 3185961, 21028
16558, 0, 4329, 5759, 4902, 1539, 0.25%, 0, 281, 48, 218.39, 3187061, 21028
16563, 0, 4329, 5759, 4902, 1539, 0.25%, 0, 281, 48, 221.33, 3188181, 21028
16568, 0, 4329, 5759, 4902, 1539, 0.25%, 0, 281, 48, 220.31, 3189302, 21028
16573, 0, 4329, 5759, 4902, 1539, 0.25%, 0, 281, 48, 222.97, 3190443, 21028
16578, 0, 4329, 5759, 4902, 1539, 0.25%, 0, 281, 48, 220.11, 3191549, 21028
16583, 0, 4329, 5759, 4902, 1539, 0.25%, 0, 281, 48, 225.00, 3192682, 21028
16588, 0, 4329, 5759, 4902, 1539, 0.25%, 0, 281, 48, 222.21, 3193807, 21028
16593, 0, 4329, 5759, 4902, 1539, 0.25%, 0, 281, 48, 224.15, 3194937, 21028
16600, 0, 4740, 5759, 4901, 1538, 0.25%, 0, 281, 48, 14.91, 3196094, 21028
16605, 0, 4740, 5759, 4901, 1538, 0.25%, 0, 281, 48, 215.91, 3197197, 21028
16611, 0, 149, 5759, 4900, 1537, 0.25%, 0, 281, 48, 221.29, 3198321, 21028
16616, 0, 5209, 5759, 4899, 1536, 0.25%, 0, 281, 48, 236.06, 3199121, 21028
16621, 0, 1565, 5759, 4898, 1535, 0.25%, 0, 281, 48, 222.18, 3200250, 21028
16626, 0, 5695, 5759, 4897, 1534, 0.25%, 0, 281, 48, 195.49, 3200979, 21028
16631, 0, 3037, 5760, 4897, 1534, 0.25%, 0, 281, 48, 212.72, 3201701, 21029
16636, 0, 3037, 5762, 4899, 1534, 0.25%, 0, 281, 48, 203.71, 3202679, 21051
16641, 0, 3037, 5764, 4901, 1534, 0.25%, 0, 281, 48, 202.92, 3203725, 21051
16647, 0, 3037, 5765, 4902, 1534, 0.25%, 0, 281, 48, 210.38, 3204772, 21051
16652, 0, 3037, 5766, 4903, 1534, 0.25%, 0, 281, 48, 210.54, 3205823, 21051
16657, 0, 3037, 5768, 4905, 1534, 0.25%, 0, 281, 48, 209.69, 3206901, 21051
16662, 0, 3037, 5768, 4905, 1534, 0.25%, 0, 281, 48, 216.69, 3208001, 21051
16667, 0, 3037, 5770, 4907, 1534, 0.25%, 0, 281, 48, 221.40, 3209043, 21052
16672, 0, 3037, 5770, 4907, 1534, 0.25%, 0, 281, 48, 217.24, 3210147, 21052
16677, 0, 3037, 5771, 4908, 1534, 0.25%, 0, 282, 48, 212.57, 3211043, 21053
16682, 0, 3037, 5771, 4908, 1534, 0.25%, 0, 282, 48, 215.02, 3212115, 21053
16687, 0, 3037, 5771, 4908, 1534, 0.25%, 0, 282, 48, 213.15, 3213187, 21053
16692, 0, 3037, 5771, 4908, 1534, 0.25%, 0, 282, 48, 221.97, 3214310, 21053
16698, 0, 5761, 5771, 4907, 1536, 0.25%, 0, 282, 48, 8.52, 3215026, 21053
16703, 0, 5762, 5771, 4905, 1534, 0.25%, 0, 282, 48, 18.87, 3215793, 21053
16708, 0, 5762, 5771, 4905, 1534, 0.25%, 0, 283, 48, 190.94, 3216633, 21053
16714, 0, 5762, 5771, 4905, 1534, 0.25%, 0, 283, 48, 215.06, 3217774, 21053
16719, 0, 5595, 5772, 4905, 1533, 0.25%, 0, 283, 48, 198.40, 3218471, 21053
16724, 0, 5595, 5772, 4905, 1533, 0.25%, 0, 283, 48, 218.03, 3219594, 21053
16729, 0, 5595, 5772, 4905, 1533, 0.25%, 0, 283, 48, 222.30, 3220734, 21053
16735, 0, 2802, 5772, 4903, 1531, 0.25%, 0, 283, 48, 15.90, 3221604, 21053
16740, 0, 4508, 5773, 4903, 1531, 0.25%, 0, 283, 48, 11.70, 3222370, 21054
16745, 0, 4508, 5776, 4906, 1531, 0.25%, 0, 283, 48, 189.79, 3223266, 21054
16750, 0, 4508, 5778, 4908, 1531, 0.25%, 0, 283, 48, 199.93, 3224282, 21054
16755, 0, 4508, 5779, 4909, 1531, 0.25%, 0, 283, 48, 195.83, 3225291, 21054
16760, 0, 4508, 5779, 4909, 1531, 0.25%, 0, 283, 48, 200.16, 3226326, 21054
16766, 0, 4508, 5780, 4910, 1531, 0.25%, 0, 284, 48, 34.18, 3227064, 21054
16771, 0, 4508, 5782, 4912, 1531, 0.25%, 0, 284, 48, 198.64, 3228053, 21058
16776, 0, 4508, 5783, 4913, 1531, 0.25%, 0, 284, 48, 203.88, 3229079, 21058
16781, 0, 4508, 5784, 4914, 1531, 0.25%, 0, 284, 48, 204.31, 3230102, 21058
16786, 0, 4508, 5784, 4914, 1531, 0.25%, 0, 284, 48, 205.89, 3231150, 21058
16791, 0, 4508, 5784, 4914, 1531, 0.25%, 0, 284, 48, 217.63, 3232282, 21058
16796, 0, 1791, 5784, 4912, 1530, 0.25%, 0, 284, 48, 211.99, 3232950, 21058
16801, 0, 3997, 5784, 4911, 1529, 0.25%, 0, 284, 48, 214.41, 3233719, 21058
16806, 0, 4109, 5784, 4909, 1527, 0.25%, 0, 284, 48, 176.47, 3234526, 21058
16811, 0, 4109, 5785, 4910, 1527, 0.25%, 0, 285, 48, 137.25, 3235262, 21058
16817, 0, 4109, 5785, 4910, 1527, 0.25%, 0, 285, 48, 195.16, 3236335, 21058
16824, 0, 4102, 5786, 4909, 1526, 0.25%, 0, 285, 48, 14.41, 3237433, 21061
16829, 0, 4102, 5787, 4910, 1526, 0.25%, 0, 286, 48, 209.16, 3238280, 21061
16834, 0, 4102, 5789, 4912, 1526, 0.25%, 0, 286, 48, 212.76, 3239350, 21062
16839, 0, 4102, 5790, 4913, 1526, 0.25%, 0, 286, 48, 214.34, 3240465, 21062
16844, 0, 4102, 5790, 4913, 1526, 0.25%, 0, 286, 48, 19.30, 3241386, 21062
16849, 0, 4102, 5790, 4913, 1526, 0.25%, 0, 286, 48, 215.97, 3242482, 21062
16854, 0, 4102, 5790, 4913, 1526, 0.25%, 0, 286, 48, 217.61, 3243574, 21062
16859, 0, 4102, 5791, 4914, 1526, 0.25%, 0, 286, 48, 212.54, 3244673, 21063
16864, 0, 4102, 5791, 4914, 1526, 0.25%, 0, 286, 48, 218.19, 3245773, 21063
16870, 0, 4102, 5791, 4914, 1526, 0.25%, 0, 286, 48, 215.92, 3246853, 21063
16875, 0, 4102, 5791, 4914, 1526, 0.25%, 0, 286, 48, 219.85, 3247965, 21063
16880, 0, 4102, 5791, 4914, 1526, 0.25%, 0, 286, 48, 213.50, 3249061, 21063
16885, 0, 4102, 5791, 4914, 1526, 0.25%, 0, 286, 48, 219.61, 3250164, 21063
16890, 0, 3258, 5791, 4913, 1526, 0.25%, 0, 286, 48, 0.44, 3250880, 21063
16895, 0, 3368, 5791, 4912, 1525, 0.25%, 0, 286, 48, 212.87, 3251677, 21063
16900, 0, 5212, 5791, 4911, 1524, 0.25%, 0, 286, 48, 215.89, 3252378, 21063
16905, 0, 5212, 5793, 4913, 1524, 0.25%, 0, 286, 48, 218.42, 3253464, 21066
16910, 0, 5212, 5795, 4915, 1524, 0.25%, 0, 286, 48, 219.52, 3254570, 21066
16915, 0, 5212, 5796, 4916, 1524, 0.25%, 0, 286, 48, 222.56, 3255693, 21067
16921, 0, 5212, 5798, 4918, 1524, 0.25%, 0, 287, 48, 221.13, 3256556, 21067
16926, 0, 5212, 5798, 4918, 1524, 0.25%, 0, 287, 48, 223.22, 3257692, 21067
16931, 0, 5212, 5800, 4920, 1524, 0.25%, 0, 287, 48, 220.21, 3258802, 21067
16936, 0, 5212, 5800, 4920, 1524, 0.25%, 0, 287, 48, 220.67, 3259918, 21067
16941, 0, 5212, 5800, 4920, 1524, 0.25%, 0, 287, 48, 220.97, 3261030, 21067
16946, 0, 5212, 5801, 4921, 1524, 0.25%, 0, 287, 48, 222.48, 3262149, 21067
16951, 0, 5212, 5803, 4923, 1524, 0.25%, 0, 287, 48, 220.72, 3263263, 21069
16956, 0, 5212, 5803, 4923, 1524, 0.25%, 0, 287, 48, 222.51, 3264399, 21069
16961, 0, 5794, 5803, 4922, 1525, 0.25%, 0, 287, 48, 12.40, 3265065, 21069
16967, 0, 673, 5803, 4920, 1523, 0.25%, 0, 287, 48, 15.68, 3265926, 21069
16972, 0, 5425, 5803, 4919, 1522, 0.25%, 0, 287, 48, 18.39, 3266812, 21069
16977, 0, 5425, 5810, 4926, 1522, 0.25%, 0, 287, 48, 215.69, 3267895, 21078
16982, 0, 5425, 5811, 4927, 1522, 0.25%, 0, 287, 48, 219.41, 3268990, 21081
16987, 0, 5425, 5813, 4929, 1522, 0.25%, 0, 287, 48, 222.00, 3270116, 21083
16992, 0, 5425, 5815, 4931, 1522, 0.25%, 0, 287, 48, 223.33, 3271234, 21085
16997, 0, 5425, 5817, 4933, 1522, 0.25%, 0, 287, 48, 213.64, 3272312, 21088
17003, 0, 5425, 5818, 4934, 1522, 0.25%, 0, 287, 48, 218.46, 3273403, 21090
17008, 0, 5425, 5818, 4934, 1522, 0.25%, 0, 287, 48, 223.50, 3274547, 21090
17014, 0, 5817, 5818, 4933, 1532, 0.25%, 0, 287, 48, 13.67, 3275404, 21090
17019, 0, 5809, 5818, 4931, 1530, 0.25%, 0, 287, 48, 227.93, 3276209, 21090
17024, 0, 3794, 5818, 4930, 1529, 0.25%, 0, 287, 48, 222.32, 3277351, 21090
17029, 0, 5813, 5821, 4932, 1528, 0.25%, 0, 287, 48, 217.24, 3278118, 21094
17034, 0, 5813, 5823, 4934, 1528, 0.25%, 0, 287, 48, 221.51, 3279244, 21098
17040, 0, 5813, 5827, 4938, 1528, 0.25%, 0, 287, 48, 221.58, 3280376, 21106
17045, 0, 5813, 5830, 4941, 1528, 0.25%, 0, 287, 48, 222.30, 3281493, 21109
17050, 0, 5813, 5832, 4943, 1528, 0.25%, 0, 287, 48, 220.38, 3282603, 21111
17055, 0, 5813, 5833, 4944, 1528, 0.25%, 0, 287, 48, 223.04, 3283738, 21112
17060, 0, 5813, 5834, 4945, 1528, 0.25%, 0, 287, 48, 220.09, 3284861, 21113
17065, 0, 5813, 5834, 4945, 1528, 0.25%, 0, 287, 48, 213.25, 3285932, 21113
17070, 0, 207, 5834, 4943, 1539, 0.25%, 0, 287, 48, 193.69, 3286467, 21113
17075, 0, 5265, 5835, 4943, 1539, 0.25%, 0, 287, 48, 183.00, 3287034, 21114
17081, 0, 4152, 5836, 4943, 1538, 0.25%, 0, 287, 48, 5.37, 3287673, 21114
17087, 0, 5254, 5836, 4942, 1537, 0.25%, 0, 287, 48, 8.18, 3288407, 21114
17093, 0, 3321, 5836, 4941, 1536, 0.25%, 0, 287, 48, 4.21, 3289108, 21114
17098, 0, 3321, 5837, 4942, 1536, 0.25%, 0, 287, 48, 191.97, 3290136, 21114
17103, 0, 3321, 5838, 4943, 1536, 0.25%, 0, 287, 48, 200.23, 3291161, 21116
17110, 0, 5527, 5838, 4942, 1536, 0.25%, 0, 287, 48, 0.44, 3292144, 21116
17115, 0, 2054, 5838, 4941, 1535, 0.25%, 0, 287, 48, 21.16, 3292887, 21116
17120, 0, 5619, 5838, 4940, 1534, 0.25%, 0, 287, 48, 9.88, 3293484, 21116
17125, 0, 5619, 5840, 4942, 1534, 0.25%, 0, 287, 48, 178.01, 3294429, 21120
17130, 0, 4440, 5845, 4946, 1535, 0.25%, 0, 287, 48, 171.87, 3294894, 21125
17135, 0, 4440, 5849, 4950, 1535, 0.25%, 0, 287, 48, 202.52, 3295954, 21131
17140, 0, 4440, 5849, 4950, 1535, 0.25%, 0, 287, 48, 206.57, 3297002, 21131
17145, 0, 4440, 5851, 4952, 1535, 0.25%, 0, 287, 48, 204.83, 3298040, 21133
17151, 0, 4440, 5854, 4955, 1535, 0.25%, 0, 287, 48, 203.86, 3299093, 21136
17156, 0, 4440, 5858, 4959, 1535, 0.25%, 0, 287, 48, 213.20, 3300177, 21139
17161, 0, 4440, 5859, 4960, 1535, 0.25%, 0, 287, 48, 212.99, 3301236, 21140
17166, 0, 4440, 5861, 4962, 1535, 0.25%, 0, 287, 48, 213.60, 3302338, 21144
17172, 0, 5840, 5863, 4963, 1556, 0.25%, 0, 287, 48, 0.45, 3303230, 21152
17177, 0, 5608, 5867, 4966, 1555, 0.25%, 0, 287, 48, 196.26, 3304292, 21156
17183, 0, 5608, 5870, 4969, 1555, 0.25%, 0, 287, 48, 193.06, 3305312, 21162
17188, 0, 5608, 5870, 4969, 1555, 0.25%, 0, 287, 48, 191.28, 3306302, 21162
17193, 0, 5608, 5871, 4970, 1555, 0.25%, 0, 287, 48, 204.40, 3307349, 21162
17198, 0, 5608, 5871, 4970, 1555, 0.25%, 0, 287, 48, 214.75, 3308477, 21162
17203, 0, 5608, 5871, 4970, 1555, 0.25%, 0, 287, 48, 215.40, 3309581, 21162
17208, 0, 5608, 5873, 4972, 1555, 0.25%, 0, 287, 48, 211.51, 3310675, 21162
17213, 0, 5608, 5874, 4973, 1555, 0.25%, 0, 287, 48, 212.24, 3311742, 21162
17219, 0, 5608, 5875, 4974, 1555, 0.25%, 0, 287, 48, 211.89, 3312845, 21169
17224, 0, 5608, 5875, 4974, 1555, 0.25%, 0, 287, 48, 214.98, 3313921, 21169
17229, 0, 5608, 5876, 4975, 1555, 0.25%, 0, 287, 48, 212.36, 3315024, 21169
17234, 0, 5608, 5876, 4975, 1555, 0.25%, 0, 287, 48, 213.97, 3316132, 21169
17239, 0, 5874, 5876, 4974, 1560, 0.25%, 0, 287, 48, 8.51, 3316739, 21169
17246, 0, 5872, 5877, 4973, 1559, 0.25%, 0, 287, 48, 17.63, 3317747, 21170
17251, 0, 5872, 5877, 4973, 1559, 0.25%, 0, 287, 48, 207.82, 3318830, 21170
17256, 0, 1769, 5877, 4972, 1558, 0.25%, 0, 287, 48, 215.89, 3319962, 21170
17261, 0, 5862, 5879, 4973, 1557, 0.25%, 0, 287, 48, 193.48, 3320700, 21173
17266, 0, 5862, 5894, 4988, 1557, 0.25%, 0, 287, 48, 205.07, 3321776, 21191
17272, 0, 5862, 5898, 4992, 1557, 0.25%, 0, 287, 48, 212.55, 3322888, 21197
17277, 0, 5862, 5900, 4994, 1557, 0.25%, 0, 287, 48, 213.43, 3323966, 21201
17282, 0, 5862, 5906, 5000, 1557, 0.25%, 0, 287, 48, 203.07, 3324984, 21207
17287, 0, 5862, 5907, 5001, 1557, 0.25%, 0, 287, 48, 208.10, 3326027, 21208
17292, 0, 5862, 5909, 5003, 1557, 0.25%, 0, 287, 48, 213.37, 3327105, 21210
17297, 0, 5862, 5910, 5004, 1557, 0.25%, 0, 287, 48, 213.32, 3328212, 21211
17302, 0, 5862, 5911, 5005, 1557, 0.25%, 0, 287, 48, 208.55, 3329245, 21212
17307, 0, 3544, 5911, 5003, 1581, 0.25%, 0, 287, 48, 193.53, 3329799, 21212
17312, 0, 5896, 5913, 5004, 1580, 0.25%, 0, 287, 48, 209.87, 3330518, 21214
17319, 0, 5912, 5914, 5004, 1582, 0.25%, 0, 287, 48, 14.20, 3331513, 21215
17324, 0, 5855, 5914, 5002, 1580, 0.25%, 0, 287, 48, 15.95, 3332263, 21215
17329, 0, 3273, 5914, 5001, 1579, 0.25%, 0, 287, 48, 168.47, 3333182, 21215
17334, 0, 5869, 5914, 5000, 1578, 0.25%, 0, 287, 48, 203.98, 3333755, 21215
17340, 0, 5869, 5915, 5001, 1578, 0.25%, 0, 287, 48, 172.63, 3334623, 21215
17345, 0, 5869, 5915, 5001, 1578, 0.25%, 0, 287, 48, 156.38, 3335427, 21215
17350, 0, 5844, 5915, 5000, 1577, 0.25%, 0, 287, 48, 198.25, 3336001, 21215
17355, 0, 5913, 5915, 4999, 1576, 0.25%, 0, 287, 48, 177.46, 3336670, 21215
17360, 0, 5871, 5917, 5000, 1576, 0.25%, 0, 287, 48, 192.41, 3337399, 21216
17365, 0, 5871, 5918, 5001, 1576, 0.25%, 0, 287, 48, 198.15, 3338399, 21216
17370, 0, 5871, 5919, 5002, 1576, 0.25%, 0, 287, 48, 185.67, 3339327, 21216
17375, 0, 5871, 5921, 5004, 1576, 0.25%, 0, 287, 48, 194.22, 3340310, 21216
17380, 0, 5871, 5924, 5007, 1576, 0.25%, 0, 287, 48, 186.90, 3341252, 21216
17385, 0, 5871, 5924, 5007, 1576, 0.25%, 0, 287, 48, 199.12, 3342299, 21216
17390, 0, 5871, 5924, 5007, 1576, 0.25%, 0, 287, 48, 189.21, 3343241, 21216
17395, 0, 5871, 5924, 5007, 1576, 0.25%, 0, 287, 48, 206.42, 3344320, 21216
17401, 0, 5871, 5924, 5007, 1576, 0.25%, 0, 287, 48, 206.07, 3345393, 21216
17406, 0, 5871, 5925, 5008, 1576, 0.25%, 0, 287, 48, 191.38, 3346362, 21217
17413, 0, 3149, 5926, 5008, 1574, 0.25%, 0, 287, 48, 3.74, 3347383, 21217
17419, 0, 5846, 5926, 5007, 1573, 0.25%, 0, 287, 48, 15.04, 3348111, 21217
17424, 0, 5846, 5928, 5009, 1573, 0.25%, 0, 287, 48, 206.68, 3349200, 21219
17429, 0, 2191, 5928, 5007, 1573, 0.25%, 0, 287, 48, 162.35, 3349739, 21219
17434, 0, 2191, 5928, 5007, 1573, 0.25%, 0, 287, 48, 197.79, 3350798, 21219
17439, 0, 1967, 5928, 5006, 1572, 0.25%, 0, 287, 48, 226.80, 3351511, 21219
17444, 0, 3821, 5928, 5005, 1571, 0.25%, 0, 287, 48, 193.46, 3352141, 21219
17450, 0, 3821, 5932, 5009, 1571, 0.25%, 0, 287, 48, 206.66, 3353227, 21227
17455, 0, 3821, 5933, 5010, 1571, 0.25%, 0, 287, 48, 213.24, 3354330, 21228
17460, 0, 3821, 5938, 5015, 1571, 0.25%, 0, 287, 48, 211.22, 3355433, 21234
17465, 0, 3821, 5939, 5016, 1571, 0.25%, 0, 287, 48, 207.05, 3356468, 21235
17470, 0, 3821, 5939, 5016, 1571, 0.25%, 0, 287, 48, 212.13, 3357580, 21235
17475, 0, 3821, 5940, 5017, 1571, 0.25%, 0, 287, 48, 211.53, 3358639, 21236
17480, 0, 3821, 5941, 5018, 1571, 0.25%, 0, 287, 48, 209.35, 3359706, 21237
17487, 0, 5934, 5941, 5017, 1581, 0.25%, 0, 287, 48, 12.44, 3360631, 21237
17492, 0, 5838, 5946, 5021, 1580, 0.25%, 0, 287, 48, 183.36, 3361596, 21241
17497, 0, 5838, 5948, 5023, 1580, 0.25%, 0, 287, 48, 167.62, 3362456, 21243
17502, 0, 5838, 5953, 5028, 1580, 0.25%, 0, 287, 48, 178.57, 3363379, 21248
17507, 0, 5838, 5953, 5028, 1580, 0.25%, 0, 287, 48, 188.86, 3364303, 21248
17513, 0, 5838, 5954, 5029, 1580, 0.25%, 0, 287, 48, 200.05, 3365357, 21249
17518, 0, 5838, 5958, 5033, 1580, 0.25%, 0, 287, 48, 193.36, 3366336, 21254
17523, 0, 5838, 5961, 5036, 1580, 0.25%, 0, 287, 48, 198.47, 3367374, 21257
17528, 0, 5838, 5962, 5037, 1580, 0.25%, 0, 287, 48, 197.39, 3368359, 21258
17533, 0, 5838, 5966, 5041, 1580, 0.25%, 0, 287, 48, 201.82, 3369399, 21262
17538, 0, 5838, 5970, 5045, 1580, 0.25%, 0, 287, 48, 203.81, 3370437, 21267
17543, 0, 2437, 5970, 5043, 1603, 0.25%, 0, 287, 48, 113.50, 3370733, 21267
17549, 0, 5947, 5970, 5042, 1602, 0.25%, 0, 287, 48, 182.13, 3371219, 21267
17554, 0, 5968, 5971, 5042, 1602, 0.25%, 0, 287, 48, 9.16, 3371876, 21272
17559, 0, 5968, 5978, 5049, 1602, 0.25%, 0, 287, 48, 206.11, 3372943, 21279
17564, 0, 5968, 5986, 5057, 1602, 0.25%, 0, 287, 48, 216.87, 3374051, 21286
17569, 0, 5968, 5989, 5060, 1602, 0.25%, 0, 287, 48, 215.96, 3375172, 21288
17574, 0, 5968, 5992, 5063, 1602, 0.25%, 0, 287, 48, 212.10, 3376221, 21291
17580, 0, 5968, 5993, 5064, 1602, 0.25%, 0, 287, 48, 208.46, 3377304, 21292
17585, 0, 5968, 5995, 5066, 1602, 0.25%, 0, 287, 48, 217.65, 3378434, 21296
17590, 0, 5968, 5997, 5068, 1602, 0.25%, 0, 287, 48, 219.09, 3379548, 21298
17597, 0, 5994, 5997, 5067, 1619, 0.25%, 0, 287, 48, 7.74, 3380545, 21298
17602, 0, 2795, 5999, 5067, 1617, 0.25%, 0, 287, 48, 209.24, 3381620, 21299
17607, 0, 2795, 6001, 5069, 1617, 0.25%, 0, 287, 48, 217.63, 3382718, 21301
17612, 0, 2795, 6002, 5070, 1617, 0.25%, 0, 287, 48, 220.44, 3383837, 21302
17617, 0, 2795, 6003, 5071, 1617, 0.25%, 0, 287, 48, 223.72, 3384964, 21303
17622, 0, 2795, 6004, 5072, 1617, 0.25%, 0, 287, 48, 222.09, 3386079, 21304
17627, 0, 2795, 6004, 5072, 1617, 0.25%, 0, 287, 48, 223.82, 3387215, 21304
17632, 0, 2795, 6007, 5075, 1617, 0.25%, 0, 287, 48, 218.73, 3388316, 21307
17637, 0, 2795, 6009, 5077, 1617, 0.25%, 0, 287, 48, 219.60, 3389442, 21309
17642, 0, 4307, 6009, 5075, 1625, 0.25%, 0, 287, 48, 167.49, 3389977, 21309
17648, 0, 5981, 6009, 5074, 1624, 0.25%, 0, 287, 48, 1.63, 3390684, 21309
17654, 0, 5972, 6009, 5073, 1623, 0.25%, 0, 287, 48, 11.09, 3391409, 21309
17659, 0, 5581, 6009, 5072, 1622, 0.25%, 0, 287, 48, 211.55, 3392496, 21309
17664, 0, 5581, 6012, 5075, 1622, 0.25%, 0, 287, 48, 210.61, 3393538, 21309
17669, 0, 5581, 6012, 5075, 1622, 0.25%, 0, 287, 48, 213.45, 3394634, 21309
17674, 0, 5581, 6015, 5078, 1622, 0.25%, 0, 287, 48, 217.01, 3395727, 21311
17679, 0, 5581, 6015, 5078, 1622, 0.25%, 0, 287, 48, 220.52, 3396847, 21311
17684, 0, 5581, 6015, 5078, 1622, 0.25%, 0, 287, 48, 220.87, 3397971, 21311
17689, 0, 5581, 6016, 5079, 1622, 0.25%, 0, 287, 48, 222.95, 3399102, 21311
17694, 0, 5581, 6016, 5079, 1622, 0.25%, 0, 287, 48, 224.25, 3400238, 21311
17699, 0, 5581, 6016, 5079, 1622, 0.25%, 0, 287, 48, 217.24, 3401334, 21311
17704, 0, 5581, 6016, 5079, 1622, 0.25%, 0, 287, 48, 223.34, 3402474, 21311
17709, 0, 5581, 6016, 5079, 1622, 0.25%, 0, 287, 48, 221.77, 3403602, 21311
17714, 0, 5581, 6016, 5079, 1622, 0.25%, 0, 287, 48, 223.03, 3404723, 21311
17721, 0, 5610, 6016, 5078, 1623, 0.25%, 0, 287, 48, 13.36, 3405601, 21311
17726, 0, 5610, 6017, 5079, 1623, 0.25%, 0, 287, 48, 212.26, 3406673, 21311
17731, 0, 5610, 6017, 5079, 1623, 0.25%, 0, 287, 48, 219.51, 3407820, 21311
17736, 0, 6005, 6018, 5079, 1622, 0.25%, 0, 287, 48, 218.77, 3408922, 21312
17741, 0, 5989, 6018, 5078, 1622, 0.25%, 0, 287, 48, 8.93, 3409499, 21312
17746, 0, 5989, 6020, 5080, 1622, 0.25%, 0, 287, 48, 210.12, 3410577, 21314
17752, 0, 5980, 6020, 5079, 1623, 0.25%, 0, 287, 48, 186.56, 3411194, 21314
17757, 0, 1641, 6022, 5080, 1624, 0.25%, 0, 287, 48, 6.04, 3411787, 21316
17764, 0, 4553, 6022, 5079, 1623, 0.25%, 0, 287, 48, 17.91, 3412863, 21316
17769, 0, 5693, 6022, 5078, 1622, 0.25%, 0, 287, 48, 217.89, 3413596, 21316
17774, 0, 3521, 6022, 5077, 1621, 0.25%, 0, 287, 48, 218.47, 3414689, 21316
17779, 0, 5439, 6022, 5076, 1620, 0.25%, 0, 287, 48, 193.21, 3415287, 21316
17784, 0, 3189, 6022, 5075, 1619, 0.25%, 0, 287, 48, 178.67, 3415860, 21316
17789, 0, 5848, 6023, 5075, 1618, 0.25%, 0, 287, 48, 174.59, 3416511, 21317
17795, 0, 5807, 6023, 5074, 1618, 0.25%, 0, 287, 48, 4.83, 3417377, 21317
17800, 0, 3183, 6023, 5073, 1617, 0.25%, 0, 287, 48, 214.62, 3418498, 21317
17806, 0, 2883, 6023, 5072, 1616, 0.25%, 0, 287, 48, 191.19, 3419098, 21317
17811, 0, 5849, 6024, 5072, 1616, 0.25%, 0, 287, 48, 210.73, 3419847, 21318
17816, 0, 536, 6024, 5071, 1615, 0.25%, 0, 287, 48, 209.23, 3420530, 21318
17821, 0, 5888, 6025, 5071, 1615, 0.25%, 0, 287, 48, 14.55, 3421175, 21319
17826, 0, 2929, 6026, 5071, 1615, 0.25%, 0, 287, 48, 4.33, 3421943, 21320
17833, 0, 2224, 6026, 5070, 1614, 0.25%, 0, 287, 48, 14.31, 3422917, 21320
17838, 0, 1235, 6026, 5069, 1613, 0.25%, 0, 287, 48, 223.13, 3423703, 21320
17844, 0, 3859, 6026, 5068, 1612, 0.25%, 0, 287, 48, 13.73, 3424560, 21320
17849, 0, 3859, 6031, 5073, 1612, 0.25%, 0, 287, 48, 204.53, 3425638, 21324
17854, 0, 3859, 6033, 5075, 1612, 0.25%, 0, 287, 48, 220.57, 3426776, 21326
17859, 0, 3859, 6034, 5076, 1612, 0.25%, 0, 287, 48, 222.50, 3427899, 21328
17864, 0, 3859, 6037, 5079, 1612, 0.25%, 0, 287, 48, 221.59, 3429016, 21331
17869, 0, 3859, 6038, 5080, 1612, 0.25%, 0, 287, 48, 220.38, 3430139, 21331
17874, 0, 3859, 6038, 5080, 1612, 0.25%, 0, 287, 48, 223.88, 3431271, 21331
17879, 0, 3859, 6038, 5080, 1612, 0.25%, 0, 287, 48, 221.17, 3432391, 21331
17885, 0, 6032, 6038, 5079, 1622, 0.25%, 0, 287, 48, 17.54, 3433132, 21331
17890, 0, 6026, 6038, 5077, 1620, 0.25%, 0, 287, 48, 0.61, 3433869, 21331
17895, 0, 2671, 6038, 5076, 1619, 0.25%, 0, 287, 48, 0.46, 3434593, 21331
17901, 0, 329, 6038, 5075, 1618, 0.25%, 0, 287, 48, 236.38, 3435294, 21331
17906, 0, 2807, 6038, 5074, 1617, 0.25%, 0, 287, 48, 19.32, 3436210, 21331
17913, 0, 3380, 6039, 5074, 1616, 0.25%, 0, 287, 48, 19.27, 3437196, 21331
17918, 0, 1046, 6039, 5073, 1615, 0.25%, 0, 287, 48, 227.65, 3437994, 21331
17924, 0, 5930, 6039, 5072, 1614, 0.25%, 0, 287, 48, 12.88, 3438779, 21331
17930, 0, 4907, 6040, 5072, 1614, 0.25%, 0, 287, 48, 10.60, 3439760, 21332
17935, 0, 3739, 6040, 5071, 1613, 0.25%, 0, 287, 48, 1.68, 3440488, 21332
17940, 0, 2781, 6040, 5070, 1612, 0.25%, 0, 287, 48, 7.63, 3441218, 21332
17945, 0, 2781, 6042, 5072, 1612, 0.25%, 0, 287, 48, 207.89, 3442258, 21332
17950, 0, 2781, 6045, 5075, 1612, 0.25%, 0, 287, 48, 203.07, 3443275, 21332
17955, 0, 2781, 6046, 5076, 1612, 0.25%, 0, 287, 48, 207.12, 3444330, 21332
17960, 0, 2781, 6046, 5076, 1612, 0.25%, 0, 287, 48, 204.39, 3445370, 21332
17965, 0, 2781, 6047, 5077, 1612, 0.25%, 0, 287, 48, 202.47, 3446389, 21332
17970, 0, 2781, 6048, 5078, 1612, 0.25%, 0, 287, 48, 208.95, 3447452, 21333
17975, 0, 2781, 6049, 5079, 1612, 0.25%, 0, 287, 48, 212.25, 3448515, 21333
17981, 0, 2781, 6049, 5079, 1612, 0.25%, 0, 287, 48, 206.43, 3449587, 21333
17986, 0, 2781, 6049, 5079, 1612, 0.25%, 0, 287, 48, 209.88, 3450675, 21333
17991, 0, 2781, 6050, 5080, 1612, 0.25%, 0, 287, 48, 207.81, 3451750, 21333
17996, 0, 2781, 6050, 5080, 1612, 0.25%, 0, 287, 48, 202.84, 3452778, 21333
18001, 0, 2781, 6050, 5080, 1612, 0.25%, 0, 287, 48, 213.06, 3453855, 21333
18007, 0, 6041, 6050, 5079, 1613, 0.25%, 0, 287, 48, 6.60, 3454717, 21333
18012, 0, 5884, 6056, 5084, 1612, 0.25%, 0, 287, 48, 212.10, 3455786, 21339
18017, 0, 5884, 6063, 5091, 1612, 0.25%, 0, 287, 48, 219.70, 3456895, 21348
18023, 0, 5884, 6069, 5097, 1612, 0.25%, 0, 287, 48, 212.34, 3457973, 21363
18028, 0, 5884, 6071, 5099, 1612, 0.25%, 0, 287, 48, 218.39, 3459103, 21365
18033, 0, 5884, 6073, 5101, 1612, 0.25%, 0, 287, 48, 222.53, 3460233, 21370
18038, 0, 5884, 6075, 5103, 1612, 0.25%, 0, 287, 48, 224.31, 3461383, 21374
18043, 0, 5884, 6078, 5106, 1612, 0.25%, 0, 287, 48, 224.19, 3462500, 21381
18050, 0, 6076, 6079, 5106, 1637, 0.25%, 0, 287, 48, 4.34, 3463428, 21382
18056, 0, 6075, 6080, 5105, 1635, 0.25%, 0, 287, 48, 7.14, 3464420, 21384
18061, 0, 6075, 6084, 5109, 1635, 0.25%, 0, 287, 48, 203.08, 3465475, 21389
18066, 0, 4464, 6084, 5107, 1637, 0.25%, 0, 287, 48, 190.24, 3466050, 21389
18071, 0, 6077, 6085, 5107, 1636, 0.25%, 0, 287, 48, 218.65, 3466820, 21389
18077, 0, 3416, 6085, 5105, 1634, 0.25%, 0, 287, 48, 222.41, 3467981, 21389
18082, 0, 6081, 6085, 5104, 1633, 0.25%, 0, 287, 48, 0.43, 3468576, 21389
18087, 0, 6081, 6091, 5110, 1633, 0.26%, 0, 287, 48, 211.43, 3469636, 21399
18092, 0, 6081, 6096, 5115, 1633, 0.26%, 0, 287, 48, 216.47, 3470763, 21404
18097, 0, 6081, 6102, 5121, 1633, 0.26%, 0, 287, 48, 221.38, 3471889, 21413
18102, 0, 6081, 6105, 5124, 1633, 0.26%, 0, 287, 48, 223.68, 3473018, 21420
18107, 0, 6081, 6105, 5124, 1633, 0.26%, 0, 287, 48, 225.76, 3474162, 21420
18112, 0, 6081, 6109, 5128, 1633, 0.26%, 0, 287, 48, 223.91, 3475278, 21424
18117, 0, 6081, 6112, 5131, 1633, 0.26%, 0, 287, 48, 223.93, 3476407, 21429
18123, 0, 6105, 6112, 5130, 1654, 0.26%, 0, 287, 48, 8.96, 3477244, 21429
18129, 0, 943, 6112, 5128, 1652, 0.26%, 0, 287, 48, 217.38, 3478380, 21429
18134, 0, 6093, 6113, 5128, 1651, 0.26%, 0, 287, 48, 12.82, 3479152, 21429
18139, 0, 6095, 6113, 5127, 1650, 0.26%, 0, 287, 48, 6.41, 3479890, 21429
18145, 0, 6095, 6122, 5136, 1650, 0.26%, 0, 287, 48, 214.49, 3480983, 21439
18150, 0, 6095, 6126, 5140, 1650, 0.26%, 0, 287, 48, 218.53, 3482099, 21444
18155, 0, 6095, 6127, 5141, 1650, 0.26%, 0, 287, 48, 222.41, 3483230, 21445
18160, 0, 6095, 6128, 5142, 1650, 0.26%, 0, 287, 48, 221.57, 3484365, 21448
18165, 0, 6095, 6132, 5146, 1650, 0.26%, 0, 287, 48, 223.56, 3485497, 21464
18170, 0, 6095, 6133, 5147, 1650, 0.26%, 0, 287, 48, 219.38, 3486604, 21465
18175, 0, 6095, 6135, 5149, 1650, 0.26%, 0, 287, 48, 222.59, 3487734, 21468
18181, 0, 6128, 6137, 5150, 1669, 0.26%, 0, 287, 48, 9.68, 3488537, 21471
18186, 0, 6114, 6137, 5148, 1667, 0.26%, 0, 287, 48, 15.41, 3489275, 21471
18191, 0, 4545, 6137, 5147, 1666, 0.26%, 0, 287, 48, 217.43, 3490372, 21471
18197, 0, 6098, 6144, 5153, 1665, 0.26%, 0, 287, 48, 207.50, 3491104, 21483
18202, 0, 6098, 6157, 5166, 1665, 0.26%, 0, 287, 48, 209.44, 3492167, 21498
18207, 0, 6098, 6167, 5176, 1665, 0.26%, 0, 287, 48, 209.01, 3493205, 21510
18212, 0, 6098, 6170, 5179, 1665, 0.26%, 0, 287, 48, 218.99, 3494338, 21525
18217, 0, 6098, 6174, 5183, 1665, 0.26%, 0, 287, 48, 220.79, 3495458, 21532
18222, 0, 6098, 6178, 5187, 1665, 0.26%, 0, 287, 48, 222.28, 3496582, 21538
18227, 0, 6098, 6178, 5187, 1665, 0.26%, 0, 287, 48, 217.82, 3497706, 21538
18232, 0, 6098, 6180, 5189, 1665, 0.26%, 0, 287, 48, 217.68, 3498780, 21539
18237, 0, 6099, 6180, 5188, 1699, 0.26%, 0, 287, 48, 13.79, 3499377, 21539
18243, 0, 6107, 6180, 5187, 1698, 0.26%, 0, 287, 48, 12.21, 3500117, 21539
18249, 0, 6134, 6180, 5186, 1697, 0.26%, 0, 287, 48, 17.59, 3500856, 21539
18255, 0, 6166, 6181, 5186, 1696, 0.26%, 0, 287, 48, 18.33, 3501851, 21541
18261, 0, 5475, 6181, 5185, 1695, 0.26%, 0, 287, 48, 202.62, 3502925, 21541
18266, 0, 5475, 6181, 5185, 1695, 0.26%, 0, 287, 48, 214.08, 3504004, 21541
18271, 0, 6162, 6181, 5184, 1694, 0.26%, 0, 287, 48, 212.21, 3504631, 21541
18276, 0, 6125, 6183, 5185, 1693, 0.26%, 0, 287, 48, 212.77, 3505346, 21542
18281, 0, 6125, 6184, 5186, 1693, 0.26%, 0, 287, 48, 222.17, 3506477, 21543
18287, 0, 6183, 6184, 5185, 1694, 0.26%, 0, 287, 48, 3.14, 3507278, 21543
18292, 0, 6142, 6184, 5183, 1692, 0.26%, 0, 287, 48, 0.51, 3507934, 21543
18297, 0, 4712, 6185, 5183, 1691, 0.26%, 0, 287, 48, 209.92, 3509027, 21545
18302, 0, 4712, 6191, 5189, 1691, 0.26%, 0, 287, 48, 210.92, 3510121, 21552
18307, 0, 4712, 6193, 5191, 1691, 0.26%, 0, 287, 48, 216.01, 3511223, 21553
18312, 0, 4712, 6194, 5192, 1691, 0.26%, 0, 287, 48, 217.56, 3512326, 21555
18317, 0, 4712, 6195, 5193, 1691, 0.26%, 0, 287, 48, 216.93, 3513437, 21557
18322, 0, 4712, 6195, 5193, 1691, 0.26%, 0, 287, 48, 216.23, 3514513, 21557
18328, 0, 4712, 6195, 5193, 1691, 0.26%, 0, 287, 48, 219.52, 3515609, 21557
18333, 0, 4712, 6195, 5193, 1691, 0.26%, 0, 287, 48, 223.13, 3516733, 21557
18338, 0, 6102, 6195, 5192, 1699, 0.26%, 0, 287, 48, 198.93, 3517354, 21557
18343, 0, 6144, 6195, 5191, 1698, 0.26%, 0, 287, 48, 207.20, 3518040, 21557
18348, 0, 1789, 6195, 5190, 1697, 0.26%, 0, 287, 48, 194.03, 3518718, 21557
18353, 0, 3564, 6195, 5189, 1696, 0.26%, 0, 287, 48, 215.00, 3519386, 21557
18358, 0, 2908, 6195, 5188, 1695, 0.26%, 0, 287, 48, 3.21, 3520072, 21557
18365, 0, 4251, 6196, 5188, 1695, 0.26%, 0, 287, 48, 15.70, 3521056, 21558
18370, 0, 4251, 6198, 5190, 1695, 0.26%, 0, 287, 48, 215.01, 3522146, 21558
18375, 0, 4251, 6198, 5190, 1695, 0.26%, 0, 287, 48, 219.87, 3523254, 21558
18382, 0, 6196, 6198, 5189, 1695, 0.26%, 0, 287, 48, 13.65, 3524384, 21558
18387, 0, 3413, 6198, 5187, 1693, 0.26%, 0, 287, 48, 210.86, 3525492, 21558
18392, 0, 949, 6198, 5186, 1692, 0.26%, 0, 287, 48, 234.77, 3526152, 21558
18398, 0, 6164, 6198, 5185, 1691, 0.26%, 0, 287, 48, 18.22, 3527038, 21558
18403, 0, 5975, 6200, 5186, 1690, 0.26%, 0, 287, 48, 214.87, 3528142, 21559
18410, 0, 1773, 6200, 5185, 1690, 0.26%, 0, 287, 48, 7.97, 3529247, 21559
18416, 0, 4912, 6201, 5185, 1690, 0.26%, 0, 287, 48, 13.27, 3530095, 21560
18421, 0, 4912, 6203, 5187, 1690, 0.26%, 0, 288, 48, 129.64, 3530661, 21560
18426, 0, 4912, 6206, 5190, 1690, 0.26%, 0, 288, 48, 156.68, 3531500, 21563
18431, 0, 4912, 6207, 5191, 1690, 0.26%, 0, 288, 48, 148.09, 3532259, 21563
18436, 0, 4912, 6209, 5193, 1690, 0.26%, 0, 288, 48, 147.51, 3533050, 21565
18441, 0, 4912, 6210, 5194, 1690, 0.26%, 0, 288, 48, 141.05, 3533735, 21570
18446, 0, 4912, 6212, 5196, 1690, 0.26%, 0, 288, 48, 150.04, 3534492, 21570
18452, 0, 4912, 6212, 5196, 1690, 0.26%, 0, 288, 48, 152.18, 3535275, 21570
18457, 0, 4912, 6212, 5196, 1690, 0.26%, 0, 288, 48, 165.90, 3536154, 21570
18462, 0, 4912, 6215, 5199, 1690, 0.26%, 0, 288, 48, 148.69, 3536889, 21570
18467, 0, 4912, 6215, 5199, 1690, 0.26%, 0, 289, 48, 168.07, 3537556, 21570
18472, 0, 4912, 6217, 5201, 1690, 0.26%, 0, 289, 48, 169.28, 3538368, 21571
18477, 0, 6208, 6218, 5200, 1694, 0.26%, 0, 289, 48, 179.59, 3538892, 21572
18482, 0, 3952, 6218, 5199, 1693, 0.26%, 0, 289, 48, 15.93, 3539469, 21572
18488, 0, 3501, 6218, 5198, 1692, 0.26%, 0, 289, 48, 16.44, 3540199, 21572
18495, 0, 4883, 6219, 5198, 1691, 0.26%, 0, 289, 48, 15.21, 3540966, 21572
18500, 0, 4883, 6221, 5200, 1691, 0.26%, 0, 291, 48, 185.39, 3541536, 21573
18505, 0, 4883, 6222, 5201, 1691, 0.26%, 0, 292, 48, 186.15, 3542345, 21573
18510, 0, 4883, 6222, 5201, 1691, 0.26%, 0, 292, 48, 199.76, 3543386, 21573
18515, 0, 4883, 6225, 5204, 1691, 0.26%, 0, 292, 48, 206.18, 3544437, 21575
18520, 0, 4883, 6228, 5207, 1691, 0.26%, 0, 292, 48, 202.09, 3545454, 21576
18525, 0, 4883, 6228, 5207, 1691, 0.26%, 0, 292, 48, 196.75, 3546467, 21576
18530, 0, 4883, 6229, 5208, 1691, 0.26%, 0, 293, 48, 190.19, 3547258, 21578
18535, 0, 4883, 6234, 5213, 1691, 0.26%, 0, 294, 48, 205.83, 3548042, 21580
18540, 0, 4883, 6236, 5215, 1691, 0.26%, 0, 294, 48, 202.72, 3549088, 21580
18546, 0, 4883, 6237, 5216, 1691, 0.26%, 0, 295, 48, 29.34, 3549916, 21581
18551, 0, 4883, 6237, 5216, 1691, 0.26%, 0, 296, 48, 203.83, 3550761, 21581
18556, 0, 4883, 6237, 5216, 1691, 0.26%, 0, 296, 48, 199.56, 3551763, 21581
18561, 0, 4883, 6237, 5216, 1691, 0.26%, 0, 296, 48, 205.43, 3552809, 21581
18566, 0, 4883, 6238, 5217, 1691, 0.26%, 0, 296, 48, 212.85, 3553868, 21581
18571, 0, 6228, 6238, 5216, 1693, 0.26%, 0, 296, 48, 1.93, 3554515, 21581
18577, 0, 2389, 6238, 5215, 1692, 0.26%, 0, 296, 48, 207.21, 3555623, 21581
18582, 0, 6223, 6238, 5214, 1691, 0.26%, 0, 296, 48, 14.50, 3556305, 21581
18587, 0, 6223, 6241, 5217, 1691, 0.26%, 0, 297, 48, 207.63, 3557181, 21582
18592, 0, 6223, 6242, 5218, 1691, 0.26%, 0, 298, 48, 206.76, 3558033, 21582
18597, 0, 6223, 6243, 5219, 1691, 0.26%, 0, 298, 48, 211.10, 3559148, 21582
18602, 0, 6223, 6244, 5220, 1691, 0.26%, 0, 298, 48, 212.94, 3560203, 21582
18607, 0, 6223, 6244, 5220, 1691, 0.26%, 0, 299, 48, 217.60, 3561060, 21582
18612, 0, 6223, 6244, 5220, 1691, 0.26%, 0, 299, 48, 212.14, 3562120, 21582
18617, 0, 6223, 6246, 5222, 1691, 0.26%, 0, 299, 48, 205.76, 3563158, 21582
18622, 0, 6223, 6247, 5223, 1691, 0.26%, 0, 299, 48, 214.66, 3564245, 21582
18627, 0, 6223, 6248, 5224, 1691, 0.26%, 0, 299, 48, 210.22, 3565260, 21582
18632, 0, 6223, 6249, 5225, 1691, 0.26%, 0, 299, 48, 213.54, 3566335, 21582
18638, 0, 6223, 6250, 5226, 1691, 0.26%, 0, 299, 48, 208.36, 3567363, 21582
18643, 0, 6223, 6251, 5227, 1691, 0.26%, 0, 299, 48, 206.76, 3568347, 21582
18648, 0, 6223, 6251, 5227, 1691, 0.26%, 0, 299, 48, 219.08, 3569478, 21582
18653, 0, 5327, 6251, 5225, 1691, 0.26%, 0, 299, 48, 190.05, 3570037, 21582
18659, 0, 6248, 6251, 5224, 1690, 0.26%, 0, 299, 48, 10.03, 3570788, 21582
18664, 0, 6248, 6251, 5224, 1690, 0.26%, 0, 299, 48, 214.64, 3571879, 21582
18669, 0, 2753, 6251, 5223, 1689, 0.26%, 0, 299, 48, 218.05, 3573026, 21582
18674, 0, 6243, 6251, 5222, 1688, 0.26%, 0, 299, 48, 169.81, 3573577, 21582
18680, 0, 6243, 6256, 5227, 1688, 0.26%, 0, 299, 49, 182.75, 3574541, 21582
18685, 0, 6243, 6256, 5227, 1688, 0.26%, 0, 300, 49, 33.47, 3575567, 21582
18691, 0, 6243, 6256, 5227, 1688, 0.26%, 0, 300, 49, 200.90, 3576592, 21582
18696, 0, 6243, 6260, 5231, 1688, 0.26%, 0, 300, 49, 197.64, 3577604, 21582
18701, 0, 6243, 6263, 5234, 1688, 0.26%, 0, 300, 49, 207.09, 3578693, 21582
18706, 0, 6243, 6265, 5236, 1688, 0.26%, 0, 300, 49, 207.78, 3579739, 21582
18711, 0, 6243, 6267, 5238, 1688, 0.26%, 0, 300, 49, 206.08, 3580777, 21582
18716, 0, 6243, 6269, 5240, 1688, 0.26%, 0, 300, 49, 202.04, 3581805, 21595
18722, 0, 6268, 6269, 5239, 1688, 0.26%, 0, 300, 49, 9.76, 3582613, 21595
18729, 0, 4286, 6270, 5238, 1687, 0.26%, 0, 300, 49, 10.53, 3583617, 21596
18734, 0, 4286, 6270, 5238, 1687, 0.26%, 0, 300, 49, 219.45, 3584702, 21596
18739, 0, 5952, 6270, 5237, 1686, 0.26%, 0, 300, 49, 220.13, 3585811, 21596
18744, 0, 4427, 6270, 5236, 1685, 0.26%, 0, 300, 49, 221.65, 3586950, 21596
18749, 0, 6200, 6271, 5236, 1684, 0.26%, 0, 300, 49, 197.10, 3587515, 21597
18754, 0, 419, 6271, 5235, 1684, 0.26%, 0, 300, 49, 230.67, 3588231, 21597
18761, 0, 3658, 6271, 5234, 1683, 0.26%, 0, 300, 49, 7.69, 3589282, 21597
18767, 0, 1205, 6272, 5234, 1683, 0.26%, 0, 300, 49, 8.52, 3590264, 21599
18773, 0, 4947, 6272, 5233, 1682, 0.26%, 0, 300, 49, 1.08, 3591225, 21599
18778, 0, 4947, 6276, 5237, 1682, 0.26%, 0, 300, 49, 211.62, 3592308, 21604
18783, 0, 4947, 6276, 5237, 1682, 0.26%, 0, 300, 49, 221.11, 3593424, 21604
18788, 0, 4947, 6277, 5238, 1682, 0.26%, 0, 300, 49, 222.30, 3594559, 21604
18793, 0, 4947, 6277, 5238, 1682, 0.26%, 0, 300, 49, 224.14, 3595687, 21604
18798, 0, 4947, 6278, 5239, 1682, 0.26%, 0, 300, 49, 222.68, 3596814, 21604
18803, 0, 4947, 6279, 5240, 1682, 0.26%, 0, 300, 49, 224.43, 3597937, 21604
18808, 0, 4947, 6280, 5241, 1682, 0.26%, 0, 300, 49, 220.82, 3599052, 21605
18814, 0, 6278, 6282, 5242, 1687, 0.26%, 0, 300, 49, 13.99, 3599771, 21607
18819, 0, 4147, 6282, 5240, 1685, 0.26%, 0, 300, 49, 214.77, 3600505, 21607
18825, 0, 6111, 6282, 5239, 1684, 0.26%, 0, 300, 49, 16.69, 3601152, 21607
18830, 0, 3685, 6284, 5240, 1683, 0.26%, 0, 300, 49, 213.96, 3602283, 21608
18837, 0, 4394, 6284, 5239, 1683, 0.26%, 0, 300, 49, 5.69, 3603368, 21608
18844, 0, 3649, 6286, 5240, 1684, 0.26%, 0, 300, 49, 10.38, 3604223, 21610
18849, 0, 4185, 6286, 5239, 1683, 0.26%, 0, 300, 49, 14.24, 3604962, 21610
18854, 0, 4185, 6286, 5239, 1683, 0.26%, 0, 300, 49, 221.52, 3606066, 21610
18860, 0, 5382, 6286, 5238, 1682, 0.26%, 0, 300, 49, 222.06, 3607192, 21610
18865, 0, 5525, 6286, 5237, 1681, 0.26%, 0, 300, 49, 220.05, 3608325, 21610
18870, 0, 5175, 6286, 5236, 1680, 0.26%, 0, 300, 49, 195.94, 3608860, 21610
18875, 0, 6132, 6286, 5235, 1679, 0.26%, 0, 300, 49, 217.01, 3609582, 21610
18880, 0, 2563, 6286, 5234, 1678, 0.26%, 0, 300, 49, 202.12, 3610256, 21610
18885, 0, 4894, 6286, 5233, 1677, 0.26%, 0, 300, 49, 238.81, 3611015, 21610
18890, 0, 4894, 6294, 5241, 1677, 0.26%, 0, 300, 49, 221.46, 3612109, 21621
18895, 0, 4894, 6295, 5242, 1677, 0.26%, 0, 300, 49, 222.16, 3613232, 21622
18900, 0, 4894, 6299, 5246, 1677, 0.26%, 0, 300, 49, 218.29, 3614324, 21626
18906, 0, 4894, 6300, 5247, 1677, 0.26%, 0, 300, 49, 221.68, 3615443, 21627
18911, 0, 4894, 6301, 5248, 1677, 0.26%, 0, 300, 49, 220.93, 3616554, 21629
18916, 0, 4894, 6301, 5248, 1677, 0.26%, 0, 300, 49, 222.40, 3617710, 21629
18921, 0, 4894, 6302, 5249, 1677, 0.26%, 0, 300, 49, 222.97, 3618845, 21630
18927, 0, 6291, 6303, 5249, 1692, 0.26%, 0, 300, 49, 16.01, 3619633, 21631
18932, 0, 5856, 6304, 5249, 1691, 0.26%, 0, 300, 49, 207.09, 3620750, 21632
18937, 0, 6300, 6304, 5248, 1691, 0.26%, 0, 300, 49, 235.42, 3621513, 21632
18942, 0, 6290, 6305, 5248, 1690, 0.26%, 0, 300, 49, 206.90, 3622130, 21632
18947, 0, 6290, 6308, 5251, 1690, 0.26%, 0, 300, 49, 217.41, 3623231, 21635
18952, 0, 6290, 6308, 5251, 1690, 0.26%, 0, 300, 49, 221.19, 3624351, 21635
18957, 0, 6290, 6308, 5251, 1690, 0.26%, 0, 300, 49, 221.62, 3625479, 21635
18964, 0, 6307, 6308, 5250, 1692, 0.26%, 0, 300, 49, 13.96, 3626396, 21635
18969, 0, 1418, 6308, 5248, 1690, 0.26%, 0, 300, 49, 172.51, 3627099, 21635
18974, 0, 1418, 6308, 5248, 1690, 0.26%, 0, 300, 49, 189.06, 3628084, 21635
18979, 0, 798, 6308, 5247, 1689, 0.26%, 0, 300, 49, 216.67, 3629230, 21635
18985, 0, 2232, 6308, 5246, 1688, 0.26%, 0, 300, 49, 8.16, 3629978, 21635
18991, 0, 2090, 6309, 5246, 1688, 0.26%, 0, 300, 49, 3.37, 3630804, 21636
18998, 0, 2315, 6309, 5245, 1687, 0.26%, 0, 300, 49, 0.45, 3631752, 21636
19003, 0, 4616, 6309, 5244, 1686, 0.26%, 0, 300, 49, 200.46, 3632483, 21636
19008, 0, 765, 6310, 5244, 1686, 0.26%, 0, 300, 49, 9.88, 3633164, 21637
19015, 0, 3874, 6310, 5243, 1685, 0.26%, 0, 300, 49, 15.43, 3634228, 21637
19020, 0, 5918, 6310, 5242, 1684, 0.26%, 0, 300, 49, 1.47, 3634950, 21637
19025, 0, 5918, 6315, 5247, 1684, 0.26%, 0, 300, 49, 205.12, 3636014, 21638
19030, 0, 5918, 6315, 5247, 1684, 0.26%, 0, 300, 49, 207.21, 3637067, 21638
19035, 0, 5918, 6316, 5248, 1684, 0.26%, 0, 300, 49, 216.79, 3638166, 21638
19041, 0, 5918, 6317, 5249, 1684, 0.26%, 0, 300, 49, 208.45, 3639229, 21638
19046, 0, 5918, 6317, 5249, 1684, 0.26%, 0, 300, 49, 213.41, 3640337, 21638
19051, 0, 5918, 6318, 5250, 1684, 0.26%, 0, 300, 49, 209.91, 3641400, 21638
19056, 0, 5918, 6319, 5251, 1684, 0.26%, 0, 300, 49, 215.49, 3642479, 21638
19061, 0, 5918, 6319, 5251, 1684, 0.26%, 0, 300, 49, 203.47, 3643514, 21638
19066, 0, 5918, 6319, 5251, 1684, 0.26%, 0, 300, 49, 221.23, 3644647, 21638
19071, 0, 5633, 6319, 5249, 1685, 0.26%, 0, 300, 49, 188.51, 3645206, 21638
19076, 0, 2951, 6319, 5248, 1684, 0.26%, 0, 300, 49, 152.39, 3645864, 21638
19081, 0, 5597, 6319, 5247, 1683, 0.26%, 0, 300, 49, 206.83, 3646993, 21638
19086, 0, 5597, 6319, 5247, 1683, 0.26%, 0, 300, 49, 220.77, 3648125, 21638
19091, 0, 1118, 6319, 5246, 1682, 0.26%, 0, 300, 49, 228.47, 3649291, 21638
19096, 0, 2906, 6319, 5245, 1681, 0.26%, 0, 300, 49, 216.66, 3649944, 21638
19101, 0, 715, 6319, 5243, 1679, 0.26%, 0, 300, 49, 222.03, 3651055, 21638
19108, 0, 6147, 6319, 5242, 1678, 0.26%, 0, 300, 49, 0.38, 3651979, 21638
19114, 0, 6103, 6320, 5242, 1678, 0.26%, 0, 300, 49, 2.74, 3652744, 21639
19119, 0, 5484, 6321, 5242, 1678, 0.26%, 0, 300, 49, 0.60, 3653511, 21640
19125, 0, 3188, 6321, 5241, 1677, 0.26%, 0, 300, 49, 1.25, 3654251, 21640
19130, 0, 3188, 6321, 5241, 1677, 0.26%, 0, 300, 49, 214.41, 3655337, 21640
19135, 0, 3647, 6322, 5241, 1676, 0.26%, 0, 300, 49, 220.47, 3656496, 21641
19140, 0, 3775, 6323, 5241, 1675, 0.26%, 0, 300, 49, 198.18, 3657057, 21641
19145, 0, 3775, 6324, 5242, 1675, 0.26%, 0, 300, 49, 213.50, 3658152, 21641
19150, 0, 4110, 6324, 5241, 1674, 0.26%, 0, 300, 49, 171.30, 3658683, 21641
19156, 0, 4110, 6329, 5246, 1674, 0.26%, 0, 300, 49, 187.69, 3659645, 21641
19161, 0, 4110, 6332, 5249, 1674, 0.26%, 0, 300, 49, 196.67, 3660635, 21641
19166, 0, 4110, 6334, 5251, 1674, 0.26%, 0, 300, 49, 208.31, 3661671, 21641
19171, 0, 4110, 6334, 5251, 1674, 0.26%, 0, 300, 49, 203.17, 3662695, 21641
19176, 0, 4110, 6334, 5251, 1674, 0.26%, 0, 300, 49, 214.08, 3663783, 21641
19182, 0, 4110, 6334, 5251, 1674, 0.26%, 0, 301, 49, 21.66, 3664804, 21641
19187, 0, 4110, 6335, 5252, 1674, 0.26%, 0, 301, 49, 211.54, 3665831, 21641
19192, 0, 4110, 6336, 5253, 1674, 0.26%, 0, 301, 49, 217.55, 3666956, 21641
19197, 0, 4303, 6336, 5251, 1674, 0.26%, 0, 301, 49, 142.66, 3667512, 21641
19202, 0, 5808, 6336, 5250, 1673, 0.26%, 0, 301, 49, 204.37, 3668634, 21641
19207, 0, 2331, 6336, 5249, 1672, 0.26%, 0, 301, 49, 216.87, 3669240, 21641
19212, 0, 1116, 6336, 5248, 1671, 0.26%, 0, 301, 49, 229.16, 3670392, 21641
19217, 0, 6071, 6336, 5247, 1670, 0.26%, 0, 301, 49, 203.92, 3671020, 21641
19223, 0, 5845, 6337, 5247, 1670, 0.26%, 0, 301, 49, 204.73, 3671751, 21642
19228, 0, 296, 6337, 5246, 1669, 0.26%, 0, 301, 49, 219.08, 3672392, 21642
19233, 0, 3726, 6337, 5245, 1668, 0.26%, 0, 301, 49, 10.89, 3673008, 21642
19238, 0, 3726, 6337, 5245, 1668, 0.26%, 0, 301, 49, 223.61, 3674202, 21642
19243, 0, 3665, 6337, 5244, 1667, 0.26%, 0, 301, 49, 211.63, 3674935, 21642
19249, 0, 6022, 6337, 5243, 1666, 0.26%, 0, 301, 49, 212.95, 3675599, 21642
19255, 0, 5340, 6337, 5241, 1664, 0.26%, 0, 301, 49, 1.28, 3676422, 21642
19261, 0, 6130, 6338, 5241, 1662, 0.26%, 0, 301, 49, 5.73, 3677189, 21644
19266, 0, 6130, 6349, 5252, 1662, 0.26%, 0, 301, 49, 206.09, 3678259, 21659
19271, 0, 6130, 6352, 5255, 1662, 0.26%, 0, 301, 49, 216.14, 3679352, 21663
19276, 0, 6130, 6356, 5259, 1662, 0.26%, 0, 301, 49, 221.02, 3680472, 21669
19281, 0, 6130, 6357, 5260, 1662, 0.26%, 0, 301, 49, 217.67, 3681579, 21669
19286, 0, 6130, 6358, 5261, 1662, 0.26%, 0, 301, 49, 221.92, 3682706, 21670
19291, 0, 6130, 6359, 5262, 1662, 0.26%, 0, 301, 49, 215.71, 3683777, 21671
19296, 0, 6130, 6360, 5263, 1662, 0.26%, 0, 301, 49, 223.15, 3684912, 21676
19303, 0, 6344, 6361, 5263, 1682, 0.26%, 0, 301, 49, 8.33, 3685828, 21678
19309, 0, 6346, 6361, 5261, 1680, 0.26%, 0, 301, 49, 14.02, 3686578, 21678
19314, 0, 6346, 6365, 5265, 1680, 0.26%, 0, 301, 49, 212.25, 3687703, 21682
19319, 0, 6346, 6365, 5265, 1680, 0.26%, 0, 301, 49, 217.43, 3688811, 21682
19324, 0, 6346, 6366, 5266, 1680, 0.26%, 0, 301, 49, 222.95, 3689942, 21683
19329, 0, 6346, 6366, 5266, 1680, 0.26%, 0, 301, 49, 222.93, 3691062, 21683
19334, 0, 6346, 6366, 5266, 1680, 0.26%, 0, 301, 49, 222.81, 3692190, 21683
19339, 0, 6346, 6366, 5266, 1680, 0.26%, 0, 301, 49, 222.34, 3693314, 21683
19344, 0, 6346, 6366, 5266, 1680, 0.26%, 0, 301, 49, 222.63, 3694434, 21683
19350, 0, 6354, 6366, 5265, 1684, 0.26%, 0, 301, 49, 3.98, 3695099, 21683
19356, 0, 6360, 6366, 5264, 1683, 0.26%, 0, 301, 49, 9.28, 3695837, 21683
19362, 0, 6338, 6366, 5263, 1682, 0.26%, 0, 301, 49, 11.37, 3696567, 21683
19367, 0, 4851, 6367, 5263, 1681, 0.26%, 0, 301, 49, 210.34, 3697646, 21683
19372, 0, 4851, 6368, 5264, 1681, 0.26%, 0, 301, 49, 212.82, 3698713, 21685
19377, 0, 4851, 6370, 5266, 1681, 0.26%, 0, 301, 49, 214.39, 3699799, 21685
19382, 0, 4851, 6370, 5266, 1681, 0.26%, 0, 301, 49, 213.56, 3700895, 21685
19387, 0, 4851, 6370, 5266, 1681, 0.26%, 0, 301, 49, 216.23, 3702007, 21685
19392, 0, 4851, 6370, 5266, 1681, 0.26%, 0, 301, 49, 212.64, 3703075, 21685
19398, 0, 4851, 6370, 5266, 1681, 0.26%, 0, 301, 49, 216.02, 3704207, 21685
19403, 0, 4851, 6371, 5267, 1681, 0.26%, 0, 301, 49, 207.15, 3705230, 21687
19408, 0, 4851, 6371, 5267, 1681, 0.26%, 0, 301, 49, 219.97, 3706354, 21687
19414, 0, 6367, 6371, 5266, 1679, 0.26%, 0, 301, 49, 14.98, 3707217, 21687
19421, 0, 6345, 6371, 5264, 1677, 0.26%, 0, 301, 49, 7.06, 3707966, 21687
19426, 0, 6063, 6372, 5264, 1676, 0.26%, 0, 301, 49, 215.96, 3709105, 21688
19431, 0, 6359, 6372, 5263, 1676, 0.26%, 0, 301, 49, 198.24, 3709634, 21688
19436, 0, 6359, 6376, 5267, 1676, 0.26%, 0, 301, 49, 212.53, 3710721, 21694
19441, 0, 6359, 6384, 5275, 1676, 0.26%, 0, 301, 49, 217.55, 3711854, 21702
19446, 0, 4949, 6384, 5273, 1684, 0.26%, 0, 301, 49, 181.54, 3712386, 21702
19451, 0, 6378, 6384, 5272, 1683, 0.26%, 0, 301, 49, 180.49, 3712919, 21702
19456, 0, 6378, 6388, 5276, 1683, 0.26%, 0, 301, 49, 212.44, 3714021, 21706
19461, 0, 6378, 6392, 5280, 1683, 0.26%, 0, 301, 49, 219.20, 3715169, 21713
19467, 0, 6378, 6394, 5282, 1683, 0.26%, 0, 301, 49, 219.25, 3716283, 21716
19472, 0, 6378, 6395, 5283, 1683, 0.26%, 0, 301, 49, 212.18, 3717386, 21717
19477, 0, 6378, 6399, 5287, 1683, 0.26%, 0, 301, 49, 220.27, 3718510, 21722
19482, 0, 6378, 6401, 5289, 1683, 0.26%, 0, 301, 49, 224.57, 3719648, 21724
19487, 0, 6378, 6401, 5289, 1683, 0.26%, 0, 301, 49, 225.84, 3720788, 21724
19492, 0, 6391, 6401, 5288, 1697, 0.26%, 0, 301, 49, 0.38, 3721437, 21724
19499, 0, 6393, 6401, 5286, 1696, 0.26%, 0, 301, 49, 7.15, 3722245, 21724
19505, 0, 6398, 6401, 5285, 1695, 0.26%, 0, 301, 49, 7.19, 3722970, 21724
19510, 0, 6394, 6401, 5284, 1694, 0.26%, 0, 301, 49, 4.70, 3723699, 21724
19516, 0, 6149, 6402, 5284, 1693, 0.26%, 0, 301, 49, 3.25, 3724466, 21725
19521, 0, 3548, 6402, 5283, 1692, 0.26%, 0, 301, 49, 219.77, 3725592, 21725
19526, 0, 301, 6402, 5282, 1691, 0.26%, 0, 301, 49, 239.61, 3726365, 21725
19531, 0, 4958, 6402, 5281, 1690, 0.26%, 0, 301, 49, 186.70, 3726942, 21725
19536, 0, 5258, 6402, 5280, 1689, 0.26%, 0, 301, 49, 208.46, 3727560, 21725
19542, 0, 5568, 6404, 5281, 1688, 0.26%, 0, 301, 49, 219.83, 3728712, 21725
19547, 0, 5568, 6405, 5282, 1688, 0.26%, 0, 301, 49, 223.89, 3729863, 21725
19552, 0, 5568, 6405, 5282, 1688, 0.26%, 0, 301, 49, 221.89, 3730979, 21725
19558, 0, 4309, 6405, 5281, 1687, 0.26%, 0, 301, 49, 18.59, 3731937, 21725
19564, 0, 912, 6405, 5280, 1686, 0.26%, 0, 301, 49, 11.06, 3732673, 21725
19569, 0, 3419, 6405, 5279, 1685, 0.26%, 0, 301, 49, 205.83, 3733334, 21725
19574, 0, 6188, 6405, 5278, 1684, 0.26%, 0, 301, 49, 226.11, 3733995, 21725
19579, 0, 1100, 6405, 5277, 1683, 0.26%, 0, 301, 49, 226.91, 3735176, 21725
19584, 0, 3878, 6406, 5277, 1682, 0.26%, 0, 301, 49, 211.41, 3735773, 21727
19589, 0, 4586, 6406, 5276, 1681, 0.26%, 0, 301, 49, 215.56, 3736874, 21727
19594, 0, 5315, 6406, 5275, 1680, 0.26%, 0, 301, 49, 218.72, 3738012, 21727
19599, 0, 664, 6407, 5275, 1680, 0.26%, 0, 301, 49, 202.94, 3738604, 21728
19605, 0, 3347, 6407, 5274, 1679, 0.26%, 0, 301, 49, 14.01, 3739263, 21728
19610, 0, 2918, 6407, 5273, 1678, 0.26%, 0, 301, 49, 1.54, 3739992, 21728
19615, 0, 1647, 6407, 5272, 1677, 0.26%, 0, 301, 49, 20.30, 3740726, 21728
19620, 0, 1647, 6407, 5272, 1677, 0.26%, 0, 301, 49, 223.98, 3741861, 21728
19625, 0, 3215, 6407, 5271, 1676, 0.26%, 0, 301, 49, 205.64, 3742407, 21728
19630, 0, 3228, 6408, 5271, 1675, 0.26%, 0, 301, 49, 202.62, 3743003, 21728
19636, 0, 2415, 6408, 5270, 1674, 0.26%, 0, 301, 49, 13.81, 3743636, 21728
19642, 0, 6227, 6409, 5270, 1674, 0.26%, 0, 301, 49, 4.79, 3744311, 21729
19649, 0, 4659, 6410, 5270, 1673, 0.26%, 0, 301, 49, 0.37, 3745297, 21729
19654, 0, 4659, 6412, 5272, 1673, 0.26%, 0, 301, 49, 202.26, 3746375, 21729
19659, 0, 4659, 6412, 5272, 1673, 0.26%, 0, 301, 49, 216.48, 3747491, 21729
19664, 0, 4659, 6412, 5272, 1673, 0.26%, 0, 301, 49, 217.79, 3748577, 21729
19672, 0, 6358, 6412, 5271, 1672, 0.26%, 0, 301, 49, 10.37, 3749718, 21729
19677, 0, 5081, 6412, 5270, 1671, 0.26%, 0, 301, 49, 209.31, 3750834, 21729
19682, 0, 5081, 6412, 5270, 1671, 0.26%, 0, 301, 49, 217.57, 3751953, 21729
19687, 0, 5081, 6412, 5270, 1671, 0.26%, 0, 301, 49, 222.83, 3753078, 21729
19693, 0, 5826, 6414, 5271, 1670, 0.26%, 0, 301, 49, 206.55, 3753608, 21732
19698, 0, 5826, 6414, 5271, 1670, 0.26%, 0, 301, 49, 218.42, 3754725, 21732
19703, 0, 3573, 6415, 5271, 1671, 0.26%, 0, 301, 49, 191.19, 3755225, 21733
19710, 0, 3653, 6416, 5271, 1671, 0.26%, 0, 301, 49, 1.11, 3756337, 21735
19717, 0, 3374, 6416, 5270, 1670, 0.26%, 0, 301, 49, 1.49, 3757060, 21735
19722, 0, 6416, 6417, 5270, 1670, 0.26%, 0, 301, 49, 9.90, 3757890, 21736
19728, 0, 3276, 6417, 5268, 1668, 0.26%, 0, 301, 49, 11.06, 3758702, 21736
19734, 0, 2404, 6417, 5267, 1667, 0.26%, 0, 301, 49, 7.80, 3759432, 21736
19739, 0, 5334, 6417, 5266, 1666, 0.26%, 0, 301, 49, 197.63, 3760126, 21736
19744, 0, 2991, 6417, 5265, 1665, 0.26%, 0, 301, 49, 6.88, 3760777, 21736
19750, 0, 3515, 6417, 5264, 1664, 0.26%, 0, 301, 49, 12.50, 3761522, 21736
19756, 0, 1779, 6417, 5263, 1663, 0.26%, 0, 301, 49, 217.75, 3762656, 21736
19761, 0, 6203, 6417, 5262, 1662, 0.26%, 0, 301, 49, 157.16, 3763155, 21736
19766, 0, 2428, 6418, 5262, 1661, 0.26%, 0, 301, 49, 183.17, 3763682, 21737
19771, 0, 5937, 6418, 5261, 1661, 0.26%, 0, 301, 49, 10.91, 3764429, 21737
19776, 0, 5937, 6421, 5264, 1661, 0.26%, 0, 301, 49, 220.07, 3765521, 21743
19781, 0, 5937, 6422, 5265, 1661, 0.26%, 0, 301, 49, 222.98, 3766648, 21744
19786, 0, 5937, 6424, 5267, 1661, 0.26%, 0, 301, 49, 219.50, 3767774, 21750
19791, 0, 5937, 6426, 5269, 1661, 0.26%, 0, 301, 49, 220.61, 3768896, 21757
19796, 0, 5937, 6427, 5270, 1661, 0.26%, 0, 301, 49, 222.31, 3770027, 21758
19801, 0, 5937, 6428, 5271, 1661, 0.26%, 0, 301, 49, 223.19, 3771154, 21759
19806, 0, 5937, 6428, 5271, 1661, 0.26%, 0, 301, 49, 223.69, 3772278, 21759
19812, 0, 6422, 6429, 5271, 1670, 0.26%, 0, 301, 49, 18.47, 3773013, 21760
19817, 0, 5338, 6431, 5272, 1669, 0.26%, 0, 301, 49, 222.11, 3774138, 21760
19822, 0, 6425, 6431, 5271, 1668, 0.26%, 0, 301, 49, 192.18, 3774783, 21760
19827, 0, 4760, 6432, 5271, 1667, 0.26%, 0, 301, 49, 213.24, 3775471, 21760
19832, 0, 2910, 6432, 5270, 1666, 0.26%, 0, 301, 49, 220.43, 3776577, 21760
19837, 0, 6168, 6435, 5272, 1665, 0.26%, 0, 301, 49, 193.66, 3777116, 21767
19842, 0, 6168, 6443, 5280, 1665, 0.26%, 0, 301, 49, 210.11, 3778198, 21775
19848, 0, 6168, 6448, 5285, 1665, 0.26%, 0, 301, 49, 219.59, 3779317, 21780
19853, 0, 6168, 6452, 5289, 1665, 0.26%, 0, 301, 49, 221.36, 3780433, 21785
19858, 0, 6168, 6457, 5294, 1665, 0.26%, 0, 301, 49, 218.68, 3781556, 21790
19863, 0, 6168, 6460, 5297, 1665, 0.26%, 0, 301, 49, 221.82, 3782665, 21793
19868, 0, 6168, 6462, 5299, 1665, 0.26%, 0, 301, 49, 223.64, 3783799, 21795
19873, 0, 6168, 6464, 5301, 1665, 0.26%, 0, 301, 49, 225.00, 3784933, 21797
19878, 0, 6463, 6464, 5300, 1688, 0.26%, 0, 301, 49, 1.11, 3785502, 21797
19883, 0, 5004, 6464, 5299, 1687, 0.26%, 0, 301, 49, 210.47, 3786617, 21797
19891, 0, 6456, 6464, 5298, 1686, 0.26%, 0, 301, 49, 13.13, 3787673, 21797
19898, 0, 6447, 6465, 5298, 1686, 0.26%, 0, 301, 49, 13.48, 3788664, 21798
19904, 0, 6451, 6465, 5297, 1685, 0.26%, 0, 301, 49, 9.44, 3789398, 21798
19911, 0, 6465, 6466, 5297, 1685, 0.26%, 0, 301, 49, 2.55, 3790388, 21799
19916, 0, 5756, 6466, 5296, 1684, 0.26%, 0, 302, 49, 210.49, 3791246, 21799
19921, 0, 5756, 6466, 5296, 1684, 0.26%, 0, 302, 49, 216.69, 3792345, 21799
19928, 0, 6428, 6466, 5295, 1683, 0.26%, 0, 302, 49, 12.90, 3793321, 21799
19933, 0, 6428, 6472, 5301, 1683, 0.26%, 0, 302, 49, 204.46, 3794386, 21806
19938, 0, 6428, 6476, 5305, 1683, 0.26%, 0, 302, 49, 218.18, 3795498, 21813
19943, 0, 6428, 6477, 5306, 1683, 0.26%, 0, 302, 49, 222.39, 3796629, 21814
19949, 0, 6428, 6479, 5308, 1683, 0.26%, 0, 302, 49, 220.50, 3797735, 21818
19954, 0, 6428, 6480, 5309, 1683, 0.26%, 0, 302, 49, 222.53, 3798846, 21819
19959, 0, 6428, 6481, 5310, 1683, 0.26%, 0, 302, 49, 220.76, 3799945, 21820
19964, 0, 6428, 6484, 5313, 1683, 0.26%, 0, 302, 49, 224.35, 3801082, 21824
19970, 0, 6477, 6484, 5312, 1697, 0.26%, 0, 302, 49, 5.32, 3801935, 21824
19976, 0, 6478, 6484, 5310, 1695, 0.26%, 0, 302, 49, 3.98, 3802668, 21824
19983, 0, 6476, 6484, 5309, 1694, 0.26%, 0, 302, 49, 11.01, 3803395, 21824
19988, 0, 6480, 6484, 5308, 1693, 0.26%, 0, 302, 49, 8.98, 3804127, 21824
19993, 0, 6479, 6484, 5307, 1692, 0.26%, 0, 302, 49, 12.25, 3804854, 21824
19999, 0, 5239, 6484, 5306, 1691, 0.26%, 0, 302, 49, 214.85, 3805989, 21824
20004, 0, 2620, 6484, 5305, 1690, 0.26%, 0, 302, 49, 200.30, 3806483, 21824
20009, 0, 5996, 6485, 5305, 1689, 0.26%, 0, 302, 49, 206.13, 3807162, 21826
20014, 0, 5996, 6488, 5308, 1689, 0.26%, 0, 302, 49, 217.10, 3808263, 21829
20019, 0, 5996, 6489, 5309, 1689, 0.26%, 0, 302, 49, 217.82, 3809350, 21830
20024, 0, 5996, 6489, 5309, 1689, 0.26%, 0, 302, 49, 221.23, 3810486, 21830
20029, 0, 5996, 6491, 5311, 1689, 0.26%, 0, 302, 49, 221.79, 3811604, 21832
20034, 0, 5996, 6491, 5311, 1689, 0.26%, 0, 302, 49, 222.40, 3812716, 21832
20039, 0, 5996, 6491, 5311, 1689, 0.26%, 0, 302, 49, 221.74, 3813852, 21832
20044, 0, 5996, 6491, 5311, 1689, 0.26%, 0, 302, 49, 223.97, 3814976, 21832
20049, 0, 6486, 6492, 5311, 1696, 0.26%, 0, 302, 49, 5.27, 3815471, 21835
20055, 0, 3930, 6492, 5309, 1694, 0.26%, 0, 302, 49, 7.00, 3816205, 21835
20060, 0, 3239, 6493, 5309, 1693, 0.26%, 0, 302, 49, 204.48, 3817255, 21835
20065, 0, 3239, 6493, 5309, 1693, 0.26%, 0, 302, 49, 218.91, 3818371, 21835
20070, 0, 643, 6493, 5308, 1692, 0.26%, 0, 302, 49, 228.08, 3819559, 21835
20076, 0, 4538, 6493, 5307, 1691, 0.26%, 0, 302, 49, 200.05, 3820070, 21835
20081, 0, 5726, 6496, 5309, 1690, 0.26%, 0, 302, 49, 215.81, 3821181, 21836
20086, 0, 5726, 6497, 5310, 1690, 0.26%, 0, 302, 49, 222.85, 3822320, 21837
20091, 0, 5726, 6498, 5311, 1690, 0.26%, 0, 302, 49, 218.93, 3823435, 21837
20096, 0, 5726, 6502, 5315, 1690, 0.26%, 0, 302, 49, 219.40, 3824567, 21840
20101, 0, 5726, 6504, 5317, 1690, 0.26%, 0, 302, 49, 218.40, 3825669, 21841
20106, 0, 5726, 6506, 5319, 1690, 0.26%, 0, 302, 49, 223.36, 3826807, 21842
20111, 0, 5726, 6511, 5324, 1690, 0.26%, 0, 302, 49, 219.13, 3827914, 21847
20116, 0, 5726, 6512, 5325, 1690, 0.26%, 0, 302, 49, 223.85, 3829042, 21848
20121, 0, 820, 6512, 5323, 1699, 0.26%, 0, 302, 49, 194.53, 3829544, 21848
20126, 0, 6510, 6512, 5322, 1698, 0.26%, 0, 302, 49, 197.33, 3830052, 21848
20131, 0, 6503, 6514, 5323, 1698, 0.26%, 0, 302, 49, 187.19, 3830566, 21850
20137, 0, 6503, 6518, 5327, 1698, 0.26%, 0, 302, 49, 206.48, 3831676, 21853
20142, 0, 6503, 6519, 5328, 1698, 0.26%, 0, 302, 49, 216.30, 3832795, 21854
20147, 0, 6503, 6519, 5328, 1698, 0.26%, 0, 302, 49, 222.21, 3833931, 21854
20152, 0, 6503, 6520, 5329, 1698, 0.26%, 0, 302, 49, 224.19, 3835070, 21855
20157, 0, 6503, 6520, 5329, 1698, 0.26%, 0, 302, 49, 221.42, 3836194, 21855
20162, 0, 6503, 6522, 5331, 1698, 0.26%, 0, 302, 49, 221.49, 3837316, 21857
20167, 0, 6503, 6524, 5333, 1698, 0.26%, 0, 302, 49, 221.21, 3838434, 21859
20173, 0, 6523, 6524, 5332, 1706, 0.26%, 0, 302, 49, 2.52, 3839091, 21859
20178, 0, 3318, 6525, 5331, 1704, 0.26%, 0, 302, 49, 214.83, 3839776, 21859
20183, 0, 6094, 6525, 5330, 1703, 0.26%, 0, 302, 49, 14.47, 3840385, 21859
20188, 0, 2435, 6525, 5329, 1702, 0.26%, 0, 302, 49, 211.76, 3841462, 21859
20193, 0, 6319, 6526, 5329, 1701, 0.26%, 0, 302, 49, 200.97, 3841962, 21860
20199, 0, 2323, 6526, 5328, 1701, 0.26%, 0, 302, 49, 6.89, 3842699, 21860
20204, 0, 4525, 6526, 5327, 1700, 0.26%, 0, 302, 49, 211.09, 3843385, 21860
20210, 0, 2508, 6527, 5327, 1699, 0.26%, 0, 302, 49, 10.53, 3844058, 21860
20215, 0, 2508, 6531, 5331, 1699, 0.26%, 0, 302, 49, 143.09, 3844790, 21861
20220, 0, 2508, 6531, 5331, 1699, 0.26%, 0, 302, 49, 161.10, 3845614, 21861
20225, 0, 2508, 6532, 5332, 1699, 0.26%, 0, 302, 49, 160.47, 3846398, 21862
20230, 0, 2508, 6535, 5335, 1699, 0.26%, 0, 302, 49, 168.71, 3847250, 21863
20235, 0, 2508, 6536, 5336, 1699, 0.26%, 0, 302, 49, 162.78, 3848091, 21863
20240, 0, 2508, 6536, 5336, 1699, 0.26%, 0, 302, 49, 158.58, 3848895, 21863
20245, 0, 2508, 6538, 5338, 1699, 0.26%, 0, 302, 49, 156.70, 3849710, 21863
20250, 0, 2508, 6540, 5340, 1699, 0.26%, 0, 302, 49, 155.52, 3850489, 21863
20256, 0, 2508, 6541, 5341, 1699, 0.26%, 0, 302, 49, 158.28, 3851324, 21863
20261, 0, 2508, 6541, 5341, 1699, 0.26%, 0, 302, 49, 163.96, 3852161, 21863
20266, 0, 2508, 6541, 5341, 1699, 0.26%, 0, 302, 49, 25.71, 3853031, 21863
20271, 0, 2508, 6541, 5341, 1699, 0.26%, 0, 302, 49, 135.89, 3853733, 21863
20277, 0, 6530, 6541, 5340, 1702, 0.26%, 0, 302, 49, 8.20, 3854376, 21863
20284, 0, 6542, 6544, 5341, 1703, 0.26%, 0, 302, 49, 12.91, 3855308, 21865
20290, 0, 791, 6544, 5340, 1702, 0.26%, 0, 302, 49, 219.14, 3856481, 21865
20295, 0, 6002, 6544, 5339, 1701, 0.26%, 0, 302, 49, 196.90, 3857011, 21865
20300, 0, 5669, 6544, 5338, 1700, 0.26%, 0, 302, 49, 178.93, 3857502, 21865
20305, 0, 2740, 6545, 5338, 1700, 0.26%, 0, 302, 49, 14.34, 3858126, 21866
20311, 0, 6462, 6545, 5337, 1699, 0.26%, 0, 302, 49, 13.90, 3858735, 21866
20317, 0, 6467, 6545, 5336, 1698, 0.26%, 0, 302, 49, 2.44, 3859462, 21866
20323, 0, 1578, 6545, 5335, 1697, 0.26%, 0, 302, 49, 11.14, 3860189, 21866
20328, 0, 513, 6545, 5334, 1696, 0.26%, 0, 302, 49, 205.00, 3860863, 21866
20335, 0, 3390, 6545, 5333, 1695, 0.26%, 0, 302, 49, 3.73, 3861834, 21866
20341, 0, 5969, 6545, 5332, 1695, 0.26%, 0, 302, 49, 9.31, 3862574, 21866
20348, 0, 442, 6545, 5331, 1694, 0.26%, 0, 302, 49, 11.85, 3863555, 21866
20353, 0, 442, 6545, 5331, 1694, 0.26%, 0, 302, 49, 226.04, 3864701, 21866
20360, 0, 5321, 6545, 5329, 1692, 0.26%, 0, 302, 49, 0.36, 3865527, 21866
20366, 0, 4552, 6545, 5328, 1691, 0.26%, 0, 302, 49, 11.89, 3866276, 21866
20372, 0, 6288, 6546, 5328, 1691, 0.26%, 0, 302, 49, 13.49, 3867068, 21867
20378, 0, 5176, 6546, 5327, 1690, 0.26%, 0, 302, 49, 10.54, 3867824, 21867
20384, 0, 986, 6546, 5326, 1689, 0.26%, 0, 302, 49, 7.02, 3868560, 21867
20392, 0, 4436, 6546, 5325, 1688, 0.26%, 0, 302, 49, 14.75, 3869598, 21867
20398, 0, 3935, 6546, 5324, 1687, 0.26%, 0, 302, 49, 9.65, 3870326, 21867
20404, 0, 6116, 6546, 5323, 1686, 0.26%, 0, 302, 49, 13.03, 3871066, 21867
20410, 0, 2020, 6546, 5322, 1685, 0.26%, 0, 302, 49, 9.66, 3871805, 21867
20416, 0, 6131, 6546, 5321, 1684, 0.26%, 0, 302, 49, 6.10, 3872440, 21867
20421, 0, 6131, 6550, 5325, 1684, 0.26%, 0, 302, 49, 214.10, 3873534, 21874
20426, 0, 6131, 6551, 5326, 1684, 0.26%, 0, 302, 49, 221.94, 3874661, 21876
20431, 0, 6131, 6552, 5327, 1684, 0.26%, 0, 302, 49, 221.99, 3875788, 21877
20436, 0, 6131, 6552, 5327, 1684, 0.26%, 0, 302, 49, 224.68, 3876920, 21877
20441, 0, 6131, 6552, 5327, 1684, 0.26%, 0, 302, 49, 222.04, 3878028, 21877
20446, 0, 6131, 6552, 5327, 1684, 0.26%, 0, 302, 49, 226.09, 3879180, 21877
20451, 0, 6131, 6552, 5327, 1684, 0.26%, 0, 302, 49, 221.61, 3880284, 21877
20457, 0, 6549, 6552, 5326, 1688, 0.26%, 0, 302, 49, 8.05, 3880961, 21877
20463, 0, 6546, 6552, 5324, 1686, 0.26%, 0, 302, 49, 5.80, 3881716, 21877
20468, 0, 5342, 6552, 5323, 1685, 0.26%, 0, 302, 49, 216.56, 3882807, 21877
20473, 0, 3699, 6552, 5322, 1684, 0.26%, 0, 302, 49, 199.47, 3883362, 21877
20479, 0, 1567, 6552, 5321, 1683, 0.26%, 0, 302, 49, 231.75, 3884036, 21877
20484, 0, 3762, 6552, 5320, 1682, 0.26%, 0, 302, 49, 211.39, 3884669, 21877
20489, 0, 5868, 6552, 5319, 1681, 0.26%, 0, 302, 49, 168.34, 3885234, 21877
20495, 0, 670, 6552, 5318, 1680, 0.26%, 0, 302, 49, 6.81, 3886247, 21877
20502, 0, 4937, 6552, 5317, 1679, 0.26%, 0, 302, 49, 11.52, 3887096, 21877
20509, 0, 5720, 6553, 5317, 1678, 0.26%, 0, 302, 49, 11.33, 3888088, 21877
20516, 0, 5750, 6553, 5316, 1677, 0.26%, 0, 302, 49, 9.40, 3888819, 21877
20521, 0, 5750, 6555, 5318, 1677, 0.26%, 0, 302, 49, 199.28, 3889901, 21877
20526, 0, 5750, 6556, 5319, 1677, 0.26%, 0, 302, 49, 216.64, 3891032, 21877
20531, 0, 5750, 6556, 5319, 1677, 0.26%, 0, 302, 49, 221.08, 3892152, 21877
20536, 0, 5750, 6557, 5320, 1677, 0.26%, 0, 302, 49, 223.57, 3893275, 21877
20541, 0, 5750, 6559, 5322, 1677, 0.26%, 0, 302, 49, 219.26, 3894370, 21878
20546, 0, 5750, 6559, 5322, 1677, 0.26%, 0, 302, 49, 218.04, 3895482, 21878
20551, 0, 5750, 6562, 5325, 1677, 0.26%, 0, 302, 49, 220.38, 3896591, 21878
20556, 0, 5750, 6563, 5326, 1677, 0.26%, 0, 302, 49, 220.17, 3897718, 21879
20561, 0, 5750, 6563, 5326, 1677, 0.26%, 0, 302, 49, 215.50, 3898814, 21879
20566, 0, 5750, 6564, 5327, 1677, 0.26%, 0, 302, 49, 221.92, 3899941, 21880
20571, 0, 5750, 6564, 5327, 1677, 0.26%, 0, 302, 49, 217.83, 3901042, 21880
20576, 0, 5750, 6565, 5328, 1677, 0.26%, 0, 302, 49, 221.66, 3902165, 21880
20581, 0, 1060, 6565, 5326, 1678, 0.26%, 0, 302, 49, 184.77, 3902651, 21880
20588, 0, 3127, 6565, 5325, 1677, 0.26%, 0, 302, 49, 9.14, 3903465, 21880
20594, 0, 6175, 6565, 5324, 1676, 0.26%, 0, 302, 49, 11.68, 3904196, 21880
20600, 0, 6033, 6565, 5323, 1675, 0.26%, 0, 302, 49, 9.55, 3904923, 21880
20607, 0, 127, 6565, 5322, 1674, 0.26%, 0, 302, 49, 6.51, 3905647, 21880
20614, 0, 5262, 6565, 5321, 1673, 0.26%, 0, 302, 49, 9.43, 3906655, 21880
20620, 0, 5976, 6565, 5320, 1672, 0.26%, 0, 302, 49, 7.55, 3907378, 21880
20627, 0, 1519, 6566, 5320, 1671, 0.26%, 0, 302, 49, 9.74, 3908136, 21880
20634, 0, 4529, 6566, 5319, 1670, 0.26%, 0, 302, 49, 0.37, 3909116, 21880
20639, 0, 6106, 6566, 5318, 1669, 0.26%, 0, 302, 49, 5.55, 3909701, 21880
20646, 0, 1906, 6566, 5317, 1668, 0.26%, 0, 302, 49, 8.08, 3910428, 21880
20651, 0, 3131, 6566, 5316, 1667, 0.26%, 0, 302, 49, 12.67, 3911067, 21880
20659, 0, 6370, 6567, 5316, 1667, 0.26%, 0, 302, 49, 11.73, 3912052, 21882
20665, 0, 4915, 6567, 5315, 1666, 0.26%, 0, 302, 49, 9.44, 3912781, 21882
20670, 0, 5326, 6567, 5314, 1665, 0.26%, 0, 302, 49, 5.43, 3913517, 21882
20676, 0, 105, 6567, 5313, 1664, 0.26%, 0, 302, 49, 14.21, 3914274, 21882
20682, 0, 5723, 6567, 5312, 1663, 0.26%, 0, 302, 49, 12.23, 3915034, 21882
20687, 0, 5436, 6567, 5311, 1662, 0.26%, 0, 302, 49, 220.00, 3915667, 21882
20692, 0, 4717, 6567, 5310, 1661, 0.26%, 0, 302, 49, 0.45, 3916352, 21882
20697, 0, 4717, 6570, 5313, 1661, 0.26%, 0, 302, 49, 206.34, 3917407, 21883
20703, 0, 4717, 6571, 5314, 1661, 0.26%, 0, 302, 49, 211.20, 3918498, 21883
20708, 0, 4717, 6572, 5315, 1661, 0.26%, 0, 302, 49, 213.83, 3919593, 21890
20713, 0, 4717, 6573, 5316, 1661, 0.26%, 0, 302, 49, 211.78, 3920640, 21891
20718, 0, 4717, 6574, 5317, 1661, 0.26%, 0, 303, 49, 21.66, 3921576, 21891
20723, 0, 4717, 6575, 5318, 1661, 0.26%, 0, 303, 49, 211.28, 3922635, 21891
20728, 0, 4717, 6577, 5320, 1661, 0.26%, 0, 303, 49, 216.67, 3923741, 21891
20733, 0, 4717, 6577, 5320, 1661, 0.26%, 0, 303, 49, 219.20, 3924840, 21891
20738, 0, 4717, 6577, 5320, 1661, 0.26%, 0, 303, 49, 224.29, 3925973, 21891
20743, 0, 6544, 6577, 5318, 1662, 0.26%, 0, 303, 49, 179.72, 3926481, 21891
20749, 0, 6364, 6577, 5317, 1661, 0.26%, 0, 303, 49, 226.56, 3927148, 21891
20754, 0, 6216, 6577, 5316, 1660, 0.26%, 0, 303, 49, 221.59, 3928288, 21891
20759, 0, 6220, 6578, 5316, 1659, 0.26%, 0, 303, 49, 186.94, 3928888, 21891
20764, 0, 6220, 6583, 5321, 1659, 0.26%, 0, 303, 49, 194.98, 3929844, 21891
20769, 0, 6220, 6585, 5323, 1659, 0.26%, 0, 303, 49, 205.90, 3930939, 21891
20774, 0, 6220, 6587, 5325, 1659, 0.26%, 0, 303, 49, 205.35, 3931965, 21891
20779, 0, 6220, 6588, 5326, 1659, 0.26%, 0, 303, 49, 207.64, 3933008, 21891
20784, 0, 6220, 6589, 5327, 1659, 0.26%, 0, 303, 49, 215.68, 3934127, 21891
20790, 0, 6220, 6590, 5328, 1659, 0.26%, 0, 303, 49, 214.29, 3935246, 21893
20795, 0, 6220, 6590, 5328, 1659, 0.26%, 0, 303, 49, 215.87, 3936358, 21893
20800, 0, 6220, 6590, 5328, 1659, 0.26%, 0, 303, 49, 218.24, 3937458, 21893
20805, 0, 6220, 6591, 5329, 1659, 0.26%, 0, 303, 49, 215.92, 3938529, 21893
20810, 0, 6220, 6591, 5329, 1659, 0.26%, 0, 303, 49, 214.19, 3939597, 21893
20815, 0, 6220, 6591, 5329, 1659, 0.26%, 0, 303, 49, 217.78, 3940721, 21893
20820, 0, 6220, 6591, 5329, 1659, 0.26%, 0, 303, 49, 221.03, 3941841, 21893
20825, 0, 899, 6591, 5327, 1661, 0.26%, 0, 303, 49, 200.10, 3942353, 21893
20830, 0, 4874, 6592, 5327, 1661, 0.26%, 0, 303, 49, 9.62, 3942890, 21894
20836, 0, 4874, 6592, 5327, 1661, 0.26%, 0, 303, 49, 215.60, 3944015, 21894
20841, 0, 2587, 6592, 5326, 1660, 0.26%, 0, 303, 49, 215.39, 3945104, 21894
20846, 0, 4599, 6592, 5325, 1659, 0.26%, 0, 303, 49, 220.64, 3946257, 21894
20851, 0, 4599, 6592, 5325, 1659, 0.26%, 0, 303, 49, 220.67, 3947362, 21894
20856, 0, 1304, 6592, 5324, 1658, 0.26%, 0, 303, 49, 226.26, 3948538, 21894
20861, 0, 4052, 6592, 5323, 1657, 0.26%, 0, 303, 49, 220.76, 3949640, 21894
20866, 0, 6589, 6592, 5322, 1656, 0.26%, 0, 303, 49, 5.31, 3950195, 21894
20871, 0, 6589, 6594, 5324, 1656, 0.26%, 0, 303, 49, 204.04, 3951255, 21894
20876, 0, 6589, 6594, 5324, 1656, 0.26%, 0, 303, 49, 211.56, 3952363, 21894
20882, 0, 6589, 6595, 5325, 1656, 0.26%, 0, 303, 49, 217.56, 3953502, 21894
20887, 0, 6589, 6595, 5325, 1656, 0.26%, 0, 303, 49, 220.20, 3954614, 21894
20892, 0, 6589, 6596, 5326, 1656, 0.26%, 0, 303, 49, 215.43, 3955697, 21894
20897, 0, 6589, 6596, 5326, 1656, 0.26%, 0, 303, 49, 219.47, 3956805, 21894
20902, 0, 6589, 6596, 5326, 1656, 0.26%, 0, 303, 49, 218.67, 3957901, 21894
20907, 0, 6589, 6596, 5326, 1656, 0.26%, 0, 303, 49, 218.25, 3959013, 21894
20912, 0, 6589, 6597, 5327, 1656, 0.26%, 0, 303, 49, 217.60, 3960136, 21894
20917, 0, 6589, 6599, 5329, 1656, 0.26%, 0, 303, 49, 209.54, 3961178, 21902
20922, 0, 6589, 6599, 5329, 1656, 0.26%, 0, 303, 49, 213.48, 3962266, 21902
20927, 0, 6589, 6599, 5329, 1656, 0.26%, 0, 303, 49, 223.35, 3963410, 21902
20932, 0, 5657, 6600, 5328, 1655, 0.26%, 0, 303, 49, 176.35, 3963903, 21903
20939, 0, 6289, 6600, 5327, 1655, 0.26%, 0, 303, 49, 7.84, 3964655, 21903
20945, 0, 834, 6600, 5326, 1654, 0.26%, 0, 303, 49, 7.78, 3965415, 21903
20950, 0, 3375, 6600, 5325, 1653, 0.26%, 0, 303, 49, 4.23, 3965956, 21903
20956, 0, 2903, 6600, 5324, 1652, 0.26%, 0, 303, 49, 12.84, 3966566, 21903
20962, 0, 4557, 6600, 5323, 1651, 0.26%, 0, 303, 49, 1.06, 3967293, 21903
20967, 0, 6454, 6600, 5322, 1650, 0.26%, 0, 303, 49, 13.20, 3967910, 21903
20973, 0, 6473, 6600, 5321, 1649, 0.26%, 0, 303, 49, 11.60, 3968637, 21903
20980, 0, 6601, 6602, 5322, 1650, 0.26%, 0, 303, 49, 12.89, 3969483, 21905
20987, 0, 1972, 6602, 5320, 1648, 0.26%, 0, 303, 49, 2.53, 3970476, 21905
20993, 0, 4945, 6602, 5319, 1647, 0.26%, 0, 303, 49, 3.19, 3971111, 21905
20998, 0, 6058, 6603, 5319, 1646, 0.26%, 0, 303, 49, 211.48, 3972200, 21905
21003, 0, 5336, 6603, 5318, 1645, 0.26%, 0, 303, 49, 218.58, 3973297, 21905
21008, 0, 6115, 6603, 5316, 1643, 0.26%, 0, 303, 49, 207.53, 3974352, 21905
21015, 0, 5815, 6604, 5316, 1643, 0.26%, 0, 303, 49, 11.50, 3975264, 21906
21020, 0, 4094, 6604, 5315, 1642, 0.26%, 0, 303, 49, 212.00, 3976384, 21906
21025, 0, 3212, 6604, 5314, 1641, 0.26%, 0, 303, 49, 190.34, 3976902, 21906
21031, 0, 5472, 6604, 5313, 1640, 0.26%, 0, 303, 49, 6.62, 3977467, 21906
21036, 0, 2695, 6604, 5312, 1639, 0.26%, 0, 303, 49, 215.76, 3978596, 21906
21041, 0, 2914, 6604, 5311, 1638, 0.26%, 0, 303, 49, 1.77, 3979143, 21906
21047, 0, 4058, 6604, 5310, 1637, 0.26%, 0, 303, 49, 9.34, 3979870, 21906
21053, 0, 4058, 6608, 5314, 1637, 0.26%, 0, 303, 49, 203.33, 3980958, 21906
21058, 0, 4058, 6608, 5314, 1637, 0.26%, 0, 303, 49, 217.41, 3982074, 21906
21063, 0, 4058, 6608, 5314, 1637, 0.26%, 0, 303, 49, 220.92, 3983190, 21906
21068, 0, 4058, 6608, 5314, 1637, 0.26%, 0, 303, 49, 220.62, 3984302, 21906
21073, 0, 4058, 6608, 5314, 1637, 0.26%, 0, 303, 49, 219.84, 3985406, 21906
21078, 0, 4058, 6608, 5314, 1637, 0.26%, 0, 303, 49, 222.27, 3986534, 21906
21083, 0, 4058, 6608, 5314, 1637, 0.26%, 0, 303, 49, 221.26, 3987646, 21906
21088, 0, 4058, 6608, 5314, 1637, 0.26%, 0, 303, 49, 223.31, 3988782, 21906
21093, 0, 4058, 6608, 5314, 1637, 0.26%, 0, 303, 49, 219.18, 3989898, 21906
21098, 0, 4058, 6608, 5314, 1637, 0.26%, 0, 303, 49, 224.45, 3991042, 21906
21103, 0, 4058, 6609, 5315, 1637, 0.26%, 0, 303, 49, 217.69, 3992139, 21907
21108, 0, 4058, 6609, 5315, 1637, 0.26%, 0, 303, 49, 221.16, 3993259, 21907
21113, 0, 3778, 6609, 5314, 1637, 0.26%, 0, 303, 49, 186.87, 3993707, 21907
21118, 0, 4702, 6609, 5313, 1636, 0.26%, 0, 303, 49, 163.21, 3994174, 21907
21123, 0, 4702, 6609, 5313, 1636, 0.26%, 0, 303, 49, 208.03, 3995291, 21907
21131, 0, 1128, 6609, 5311, 1634, 0.26%, 0, 303, 49, 11.53, 3996424, 21907
21139, 0, 5255, 6609, 5310, 1633, 0.26%, 0, 303, 49, 4.96, 3997413, 21907
21145, 0, 657, 6609, 5309, 1632, 0.26%, 0, 303, 49, 1.46, 3998152, 21907
21152, 0, 5373, 6609, 5308, 1631, 0.26%, 0, 303, 49, 10.70, 3999101, 21907
21157, 0, 3827, 6609, 5307, 1630, 0.26%, 0, 303, 49, 211.51, 3999821, 21907
21162, 0, 4950, 6609, 5306, 1629, 0.26%, 0, 303, 49, 16.27, 4000416, 21907
21169, 0, 6609, 6610, 5306, 1629, 0.26%, 0, 303, 49, 12.24, 4001184, 21908
21175, 0, 5243, 6610, 5304, 1627, 0.26%, 0, 303, 49, 6.60, 4001922, 21908
21181, 0, 6375, 6610, 5303, 1626, 0.26%, 0, 303, 49, 4.51, 4002499, 21908
21188, 0, 3448, 6610, 5302, 1625, 0.26%, 0, 303, 49, 2.44, 4003477, 21908
21195, 0, 5351, 6610, 5301, 1624, 0.26%, 0, 303, 49, 7.09, 4004213, 21908
21200, 0, 5351, 6612, 5303, 1624, 0.26%, 0, 303, 49, 204.74, 4005263, 21911
21205, 0, 4837, 6612, 5301, 1624, 0.26%, 0, 303, 49, 192.73, 4005781, 21911
21210, 0, 4837, 6613, 5302, 1624, 0.26%, 0, 303, 49, 205.69, 4006832, 21911
21215, 0, 4837, 6613, 5302, 1624, 0.26%, 0, 303, 49, 213.03, 4007907, 21911
21220, 0, 5170, 6613, 5301, 1623, 0.26%, 0, 303, 49, 223.02, 4009036, 21911
21227, 0, 5646, 6613, 5299, 1621, 0.26%, 0, 303, 49, 14.21, 4010089, 21911
21234, 0, 5270, 6613, 5298, 1620, 0.26%, 0, 303, 49, 1.41, 4010809, 21911
21241, 0, 1765, 6616, 5300, 1621, 0.26%, 0, 303, 49, 5.22, 4011677, 21913
21246, 0, 5899, 6616, 5299, 1620, 0.26%, 0, 303, 49, 3.25, 4012290, 21913
21252, 0, 4514, 6616, 5298, 1619, 0.26%, 0, 303, 49, 14.09, 4013015, 21913
21257, 0, 4514, 6620, 5302, 1619, 0.26%, 0, 303, 49, 160.81, 4013808, 21913
21263, 0, 4514, 6623, 5305, 1619, 0.26%, 0, 303, 49, 158.44, 4014607, 21914
21268, 0, 4514, 6625, 5307, 1619, 0.26%, 0, 303, 49, 159.04, 4015398, 21914
21273, 0, 4514, 6626, 5308, 1619, 0.26%, 0, 303, 49, 174.27, 4016293, 21914
21278, 0, 4514, 6626, 5308, 1619, 0.26%, 0, 303, 49, 180.44, 4017208, 21914
21283, 0, 4514, 6627, 5309, 1619, 0.26%, 0, 303, 49, 167.05, 4018044, 21915
21288, 0, 4514, 6631, 5313, 1619, 0.26%, 0, 303, 49, 165.73, 4018844, 21917
21293, 0, 4514, 6632, 5314, 1619, 0.26%, 0, 303, 49, 168.06, 4019728, 21917
21299, 0, 4514, 6632, 5314, 1619, 0.26%, 0, 303, 49, 179.46, 4020673, 21917
21304, 0, 4514, 6633, 5315, 1619, 0.26%, 0, 303, 49, 196.77, 4021641, 21917
21309, 0, 2322, 6633, 5313, 1625, 0.26%, 0, 303, 49, 150.00, 4022122, 21917
21314, 0, 6622, 6633, 5312, 1624, 0.26%, 0, 303, 49, 8.64, 4022712, 21917
21319, 0, 6622, 6636, 5315, 1624, 0.26%, 0, 303, 49, 118.42, 4023360, 21917
21324, 0, 6622, 6637, 5316, 1624, 0.26%, 0, 303, 49, 140.97, 4024095, 21918
21329, 0, 6622, 6638, 5317, 1624, 0.26%, 0, 303, 49, 138.39, 4024792, 21918
21335, 0, 6622, 6638, 5317, 1624, 0.26%, 0, 304, 49, 171.09, 4025354, 21918
21340, 0, 6622, 6638, 5317, 1624, 0.26%, 0, 304, 49, 153.53, 4026113, 21918
21345, 0, 6622, 6638, 5317, 1624, 0.26%, 0, 304, 49, 143.44, 4026832, 21918
21350, 0, 6622, 6641, 5320, 1624, 0.26%, 0, 304, 49, 136.86, 4027479, 21922
21355, 0, 6622, 6641, 5320, 1624, 0.26%, 0, 304, 49, 152.72, 4028240, 21922
21360, 0, 6622, 6641, 5320, 1624, 0.26%, 0, 304, 49, 145.49, 4028981, 21922
21365, 0, 6622, 6643, 5322, 1624, 0.26%, 0, 304, 49, 147.50, 4029685, 21922
21370, 0, 6622, 6643, 5322, 1624, 0.26%, 0, 304, 49, 147.49, 4030417, 21922
21375, 0, 6622, 6643, 5322, 1624, 0.26%, 0, 304, 49, 191.64, 4031391, 21922
21380, 0, 6190, 6643, 5320, 1622, 0.26%, 0, 304, 49, 64.05, 4031790, 21922
21386, 0, 5276, 6643, 5319, 1621, 0.26%, 0, 304, 49, 192.05, 4032938, 21922
21391, 0, 3738, 6643, 5318, 1620, 0.26%, 0, 304, 49, 187.46, 4033420, 21922
21396, 0, 5870, 6643, 5317, 1619, 0.26%, 0, 304, 49, 4.14, 4033982, 21922
21401, 0, 5870, 6643, 5317, 1619, 0.26%, 0, 304, 49, 210.24, 4035050, 21922
21409, 0, 5349, 6643, 5316, 1618, 0.26%, 0, 304, 49, 13.88, 4036142, 21922
21415, 0, 6615, 6643, 5315, 1617, 0.26%, 0, 304, 49, 9.66, 4036865, 21922
21421, 0, 2033, 6643, 5314, 1616, 0.26%, 0, 304, 49, 10.36, 4037591, 21922
21427, 0, 484, 6643, 5313, 1615, 0.26%, 0, 304, 49, 1.75, 4038220, 21922
21434, 0, 6512, 6643, 5312, 1614, 0.26%, 0, 304, 49, 10.84, 4039232, 21922
21439, 0, 6512, 6646, 5315, 1614, 0.26%, 0, 304, 49, 205.35, 4040335, 21925
21444, 0, 6512, 6650, 5319, 1614, 0.26%, 0, 304, 49, 217.26, 4041447, 21929
21449, 0, 6512, 6651, 5320, 1614, 0.26%, 0, 304, 49, 217.83, 4042558, 21931
21454, 0, 6512, 6651, 5320, 1614, 0.26%, 0, 304, 49, 224.09, 4043694, 21931
21459, 0, 6512, 6654, 5323, 1614, 0.26%, 0, 304, 49, 222.71, 4044811, 21934
21465, 0, 6512, 6655, 5324, 1614, 0.26%, 0, 304, 49, 212.30, 4045898, 21935
21470, 0, 6512, 6657, 5326, 1614, 0.26%, 0, 304, 49, 219.58, 4047028, 21936
21476, 0, 6648, 6657, 5325, 1624, 0.26%, 0, 304, 49, 12.50, 4047821, 21936
21482, 0, 6650, 6657, 5323, 1622, 0.26%, 0, 304, 49, 1.39, 4048561, 21936
21488, 0, 6650, 6660, 5326, 1622, 0.26%, 0, 304, 49, 214.98, 4049687, 21941
21493, 0, 6650, 6663, 5329, 1622, 0.26%, 0, 304, 49, 218.72, 4050788, 21944
21498, 0, 6650, 6663, 5329, 1622, 0.26%, 0, 304, 49, 220.32, 4051916, 21944
21503, 0, 6650, 6665, 5331, 1622, 0.26%, 0, 304, 49, 220.66, 4053014, 21946
21508, 0, 6650, 6666, 5332, 1622, 0.26%, 0, 304, 49, 224.50, 4054153, 21947
21513, 0, 6650, 6667, 5333, 1622, 0.26%, 0, 304, 49, 221.50, 4055264, 21949
21518, 0, 6650, 6668, 5334, 1622, 0.26%, 0, 304, 49, 223.37, 4056399, 21952
21524, 0, 6661, 6668, 5333, 1629, 0.26%, 0, 304, 49, 3.72, 4057112, 21952
21530, 0, 6662, 6668, 5331, 1627, 0.26%, 0, 304, 49, 7.80, 4057876, 21952
21537, 0, 6658, 6668, 5330, 1626, 0.26%, 0, 304, 49, 2.40, 4058606, 21952
21544, 0, 6665, 6669, 5330, 1624, 0.26%, 0, 304, 49, 2.40, 4059587, 21952
21551, 0, 6664, 6669, 5329, 1623, 0.26%, 0, 304, 49, 9.11, 4060311, 21952
21557, 0, 6657, 6669, 5328, 1622, 0.26%, 0, 304, 49, 10.33, 4061029, 21952
21563, 0, 2995, 6669, 5327, 1621, 0.26%, 0, 304, 49, 12.66, 4061754, 21952
21569, 0, 6459, 6669, 5326, 1620, 0.26%, 0, 304, 49, 1.37, 4062497, 21952
21576, 0, 6490, 6669, 5325, 1619, 0.26%, 0, 304, 49, 2.43, 4063224, 21952
21582, 0, 6336, 6669, 5324, 1618, 0.26%, 0, 304, 49, 6.45, 4063944, 21952
21588, 0, 5811, 6669, 5323, 1617, 0.26%, 0, 304, 49, 2.44, 4064683, 21952
21593, 0, 1957, 6669, 5322, 1616, 0.26%, 0, 304, 49, 210.15, 4065784, 21952
21599, 0, 2974, 6669, 5321, 1615, 0.26%, 0, 304, 49, 196.21, 4066264, 21952
21604, 0, 2913, 6669, 5320, 1614, 0.26%, 0, 304, 49, 187.19, 4066733, 21952
21610, 0, 5600, 6669, 5319, 1613, 0.26%, 0, 304, 49, 9.12, 4067422, 21952
21615, 0, 5600, 6670, 5320, 1613, 0.26%, 0, 304, 49, 208.98, 4068484, 21952
21620, 0, 5600, 6670, 5320, 1613, 0.26%, 0, 304, 49, 217.15, 4069590, 21952
21626, 0, 6669, 6670, 5319, 1613, 0.26%, 0, 304, 49, 4.44, 4070351, 21952
21632, 0, 5371, 6670, 5317, 1611, 0.26%, 0, 304, 49, 3.81, 4071112, 21952
21638, 0, 1141, 6671, 5317, 1610, 0.26%, 0, 304, 49, 2.40, 4071729, 21952
21646, 0, 3711, 6671, 5316, 1609, 0.26%, 0, 304, 49, 6.46, 4072751, 21952
21653, 0, 5671, 6672, 5316, 1609, 0.26%, 0, 304, 49, 12.98, 4073753, 21953
21660, 0, 6108, 6672, 5315, 1608, 0.26%, 0, 304, 49, 10.42, 4074503, 21953
21666, 0, 4166, 6672, 5314, 1607, 0.26%, 0, 304, 49, 6.41, 4075236, 21953
21673, 0, 4728, 6672, 5313, 1606, 0.26%, 0, 304, 49, 0.35, 4075994, 21953
21678, 0, 4473, 6672, 5312, 1605, 0.26%, 0, 304, 49, 6.48, 4076581, 21953
21683, 0, 4473, 6672, 5312, 1605, 0.26%, 0, 304, 49, 203.48, 4077670, 21953
21688, 0, 6198, 6672, 5311, 1604, 0.26%, 0, 304, 49, 219.62, 4078797, 21953
21693, 0, 2043, 6673, 5311, 1603, 0.26%, 0, 304, 49, 220.12, 4079895, 21954
21699, 0, 2263, 6673, 5310, 1603, 0.26%, 0, 304, 49, 209.92, 4080398, 21954
21706, 0, 6343, 6673, 5309, 1602, 0.26%, 0, 304, 49, 7.17, 4081391, 21954
21712, 0, 3015, 6673, 5308, 1601, 0.26%, 0, 304, 49, 1.38, 4082128, 21954
21717, 0, 1846, 6673, 5307, 1600, 0.26%, 0, 304, 49, 217.29, 4083250, 21954
21722, 0, 3799, 6673, 5306, 1599, 0.26%, 0, 304, 49, 173.75, 4083710, 21954
21728, 0, 6363, 6673, 5305, 1598, 0.26%, 0, 304, 49, 1.41, 4084245, 21954
21733, 0, 5374, 6673, 5304, 1597, 0.26%, 0, 304, 49, 209.78, 4085341, 21954
21738, 0, 447, 6673, 5303, 1596, 0.26%, 0, 304, 49, 200.59, 4085834, 21954
21743, 0, 6667, 6673, 5302, 1595, 0.26%, 0, 304, 49, 4.14, 4086350, 21954
21751, 0, 4608, 6674, 5302, 1595, 0.26%, 0, 304, 49, 6.45, 4087335, 21955
21757, 0, 128, 6674, 5301, 1594, 0.26%, 0, 304, 49, 8.38, 4088080, 21955
21763, 0, 4831, 6674, 5300, 1593, 0.26%, 0, 304, 49, 6.81, 4088844, 21955
21769, 0, 4831, 6674, 5300, 1593, 0.26%, 0, 304, 49, 206.37, 4089929, 21955
21776, 0, 5885, 6674, 5299, 1592, 0.26%, 0, 304, 49, 0.34, 4091001, 21955
21781, 0, 1170, 6674, 5298, 1591, 0.26%, 0, 304, 49, 218.09, 4092102, 21955
21787, 0, 6158, 6674, 5297, 1590, 0.26%, 0, 304, 49, 10.56, 4092748, 21955
21794, 0, 6521, 6675, 5297, 1590, 0.26%, 0, 304, 49, 6.63, 4093732, 21958
21801, 0, 4914, 6675, 5296, 1589, 0.26%, 0, 304, 49, 11.45, 4094461, 21958
21807, 0, 5948, 6675, 5295, 1588, 0.26%, 0, 304, 49, 10.49, 4095205, 21958
21815, 0, 3744, 6676, 5295, 1588, 0.26%, 0, 304, 49, 7.82, 4096182, 21959
21821, 0, 6676, 6677, 5295, 1588, 0.26%, 0, 304, 49, 13.72, 4096986, 21961
21826, 0, 3088, 6677, 5294, 1587, 0.26%, 0, 304, 49, 217.22, 4098080, 21961
21831, 0, 3088, 6677, 5294, 1587, 0.26%, 0, 304, 49, 210.92, 4099099, 21961
21836, 0, 1499, 6677, 5293, 1586, 0.26%, 0, 304, 49, 209.76, 4099576, 21961
21841, 0, 2093, 6677, 5292, 1585, 0.26%, 0, 304, 49, 3.04, 4100047, 21961
21849, 0, 6303, 6680, 5294, 1587, 0.26%, 0, 304, 49, 1.69, 4101002, 21964
21854, 0, 2160, 6680, 5293, 1586, 0.26%, 0, 304, 49, 215.91, 4102127, 21964
21859, 0, 2667, 6680, 5292, 1585, 0.26%, 0, 304, 49, 188.71, 4102595, 21964
21865, 0, 6522, 6680, 5291, 1584, 0.26%, 0, 304, 49, 4.46, 4103234, 21964
21871, 0, 6121, 6680, 5290, 1583, 0.26%, 0, 304, 49, 7.32, 4103959, 21964
21877, 0, 1506, 6680, 5289, 1582, 0.26%, 0, 304, 49, 5.13, 4104687, 21964
21884, 0, 2887, 6680, 5288, 1581, 0.26%, 0, 304, 49, 2.08, 4105635, 21964
21891, 0, 1902, 6680, 5287, 1580, 0.26%, 0, 304, 49, 1.01, 4106376, 21964
21898, 0, 4769, 6681, 5287, 1580, 0.26%, 0, 304, 49, 3.01, 4107222, 21965
21904, 0, 5501, 6681, 5286, 1579, 0.26%, 0, 304, 49, 14.31, 4107949, 21965
21909, 0, 5806, 6681, 5285, 1578, 0.26%, 0, 304, 49, 213.05, 4109041, 21965
21914, 0, 6245, 6684, 5287, 1577, 0.26%, 0, 304, 49, 216.24, 4110142, 21966
21919, 0, 6245, 6684, 5287, 1577, 0.26%, 0, 304, 49, 213.94, 4111234, 21966
21924, 0, 6245, 6686, 5289, 1577, 0.26%, 0, 304, 49, 217.33, 4112340, 21968
21929, 0, 6245, 6688, 5291, 1577, 0.26%, 0, 304, 49, 219.86, 4113450, 21968
21934, 0, 6245, 6689, 5292, 1577, 0.26%, 0, 304, 49, 220.82, 4114557, 21968
21940, 0, 6245, 6690, 5293, 1577, 0.26%, 0, 304, 49, 220.92, 4115676, 21968
21945, 0, 6245, 6692, 5295, 1577, 0.26%, 0, 304, 49, 217.48, 4116750, 21970
21950, 0, 6245, 6694, 5297, 1577, 0.26%, 0, 304, 49, 215.17, 4117840, 21971
21955, 0, 6245, 6695, 5298, 1577, 0.26%, 0, 304, 49, 219.32, 4118951, 21971
21960, 0, 6245, 6695, 5298, 1577, 0.26%, 0, 304, 49, 216.85, 4120051, 21971
21965, 0, 6245, 6696, 5299, 1577, 0.26%, 0, 304, 49, 223.14, 4121182, 21971
21970, 0, 6245, 6696, 5299, 1577, 0.26%, 0, 304, 49, 224.35, 4122318, 21971
21975, 0, 6681, 6696, 5298, 1581, 0.26%, 0, 304, 49, 12.15, 4122929, 21971
21983, 0, 6682, 6696, 5296, 1579, 0.26%, 0, 304, 49, 14.23, 4124072, 21971
21990, 0, 6690, 6696, 5295, 1578, 0.26%, 0, 304, 49, 11.45, 4124802, 21971
21995, 0, 6321, 6697, 5295, 1577, 0.26%, 0, 304, 50, 213.78, 4125858, 21971
22000, 0, 6426, 6697, 5294, 1576, 0.26%, 0, 304, 50, 184.06, 4126333, 21971
22005, 0, 2768, 6697, 5293, 1575, 0.26%, 0, 304, 50, 178.53, 4126799, 21971
22010, 0, 6217, 6697, 5292, 1574, 0.26%, 0, 304, 50, 6.33, 4127319, 21971
22017, 0, 251, 6697, 5291, 1573, 0.26%, 0, 304, 50, 4.99, 4128048, 21971
22024, 0, 2920, 6698, 5291, 1572, 0.26%, 0, 304, 50, 7.93, 4129081, 21971
22029, 0, 2920, 6700, 5293, 1572, 0.26%, 0, 304, 50, 208.35, 4130158, 21973
22034, 0, 1359, 6700, 5292, 1573, 0.26%, 0, 304, 50, 206.31, 4130668, 21973
22041, 0, 6294, 6700, 5291, 1572, 0.26%, 0, 304, 50, 0.68, 4131506, 21973
22048, 0, 4445, 6700, 5290, 1571, 0.26%, 0, 304, 50, 2.41, 4132266, 21973
22054, 0, 6007, 6700, 5289, 1570, 0.26%, 0, 304, 50, 9.27, 4132989, 21973
22060, 0, 5337, 6700, 5288, 1569, 0.26%, 0, 304, 50, 2.41, 4133727, 21973
22067, 0, 974, 6701, 5288, 1569, 0.26%, 0, 304, 50, 11.27, 4134512, 21974
22074, 0, 3600, 6701, 5287, 1568, 0.26%, 0, 304, 50, 4.42, 4135385, 21974
22080, 0, 1703, 6701, 5286, 1567, 0.26%, 0, 304, 50, 0.34, 4136118, 21974
22086, 0, 6165, 6701, 5285, 1566, 0.26%, 0, 304, 50, 3.08, 4136785, 21974
22093, 0, 3208, 6701, 5284, 1565, 0.26%, 0, 304, 50, 13.18, 4137512, 21974
22099, 0, 3516, 6701, 5283, 1564, 0.26%, 0, 304, 50, 3.65, 4138246, 21974
22104, 0, 1084, 6701, 5282, 1563, 0.26%, 0, 304, 50, 199.81, 4139283, 21974
22110, 0, 4726, 6701, 5281, 1562, 0.26%, 0, 304, 50, 2.05, 4140005, 21974
22117, 0, 5311, 6701, 5280, 1561, 0.26%, 0, 304, 50, 1.84, 4140830, 21974
22124, 0, 6701, 6702, 5280, 1561, 0.26%, 0, 304, 50, 5.15, 4141833, 21976
22132, 0, 4978, 6702, 5278, 1559, 0.26%, 0, 304, 50, 10.91, 4142949, 21976
22137, 0, 4978, 6707, 5283, 1559, 0.26%, 0, 305, 50, 194.88, 4143671, 21976
22143, 0, 4978, 6711, 5287, 1559, 0.26%, 0, 306, 50, 14.29, 4144477, 21978
22149, 0, 4978, 6713, 5289, 1559, 0.26%, 0, 307, 50, 19.10, 4145458, 21978
22154, 0, 4978, 6716, 5292, 1559, 0.26%, 0, 307, 50, 192.11, 4146472, 21978
22159, 0, 4978, 6718, 5294, 1559, 0.26%, 0, 307, 50, 196.48, 4147486, 21978
22164, 0, 4978, 6718, 5294, 1559, 0.26%, 0, 308, 50, 201.85, 4148271, 21978
22169, 0, 4978, 6719, 5295, 1559, 0.26%, 0, 308, 50, 193.75, 4149239, 21978
22174, 0, 4978, 6722, 5298, 1559, 0.26%, 0, 308, 50, 191.63, 4150190, 21978
22180, 0, 4978, 6722, 5298, 1559, 0.26%, 0, 308, 50, 200.32, 4151247, 21978
22185, 0, 4978, 6722, 5298, 1559, 0.26%, 0, 308, 50, 195.35, 4152251, 21978
22190, 0, 4978, 6723, 5299, 1559, 0.26%, 0, 308, 50, 191.32, 4153215, 21978
22195, 0, 4978, 6724, 5300, 1559, 0.26%, 0, 308, 50, 187.55, 4154224, 21980
22200, 0, 4978, 6724, 5300, 1559, 0.26%, 0, 308, 50, 198.51, 4155235, 21980
22205, 0, 4978, 6724, 5300, 1559, 0.26%, 0, 308, 50, 219.96, 4156378, 21980
22211, 0, 3796, 6725, 5300, 1560, 0.26%, 0, 308, 50, 185.84, 4156858, 21981
22216, 0, 6491, 6725, 5299, 1560, 0.26%, 0, 308, 50, 6.44, 4157502, 21981
22221, 0, 6491, 6730, 5304, 1560, 0.26%, 0, 308, 50, 208.01, 4158559, 21987
22226, 0, 6491, 6733, 5307, 1560, 0.26%, 0, 308, 50, 219.32, 4159684, 21992
22231, 0, 6491, 6734, 5308, 1560, 0.26%, 0, 308, 50, 216.91, 4160767, 21993
22236, 0, 6491, 6736, 5310, 1560, 0.26%, 0, 308, 50, 221.39, 4161897, 21995
22241, 0, 6491, 6739, 5313, 1560, 0.26%, 0, 308, 50, 220.37, 4163010, 21999
22247, 0, 6491, 6741, 5315, 1560, 0.26%, 0, 308, 50, 224.25, 4164160, 22000
22252, 0, 6491, 6743, 5317, 1560, 0.26%, 0, 308, 50, 215.60, 4165246, 22003
22257, 0, 6491, 6746, 5320, 1560, 0.26%, 0, 308, 50, 220.58, 4166404, 22005
22262, 0, 6455, 6747, 5319, 1573, 0.26%, 0, 308, 50, 192.58, 4166870, 22006
22268, 0, 6727, 6747, 5318, 1572, 0.26%, 0, 308, 50, 12.54, 4167460, 22006
22274, 0, 6725, 6747, 5317, 1571, 0.26%, 0, 308, 50, 9.07, 4168199, 22006
22279, 0, 1015, 6747, 5316, 1570, 0.26%, 0, 308, 50, 220.36, 4169350, 22006
22286, 0, 6732, 6747, 5315, 1569, 0.26%, 0, 308, 50, 2.75, 4170200, 22006
22293, 0, 6747, 6748, 5315, 1569, 0.26%, 0, 308, 50, 7.72, 4171202, 22007
22301, 0, 6738, 6749, 5314, 1567, 0.26%, 0, 308, 50, 1.02, 4172189, 22008
22308, 0, 6744, 6750, 5314, 1566, 0.26%, 0, 308, 50, 2.40, 4173193, 22008
22316, 0, 6750, 6751, 5314, 1566, 0.26%, 0, 308, 50, 12.28, 4174184, 22009
22321, 0, 5503, 6751, 5313, 1565, 0.26%, 0, 308, 50, 202.65, 4175276, 22009
22329, 0, 6740, 6751, 5312, 1564, 0.26%, 0, 308, 50, 1.72, 4176360, 22009
22335, 0, 6742, 6751, 5311, 1563, 0.26%, 0, 308, 50, 13.54, 4177105, 22009
22342, 0, 6745, 6752, 5311, 1562, 0.26%, 0, 308, 50, 2.33, 4177898, 22009
22347, 0, 6745, 6755, 5314, 1562, 0.26%, 0, 308, 50, 208.21, 4178975, 22012
22352, 0, 6745, 6756, 5315, 1562, 0.26%, 0, 308, 50, 218.03, 4180090, 22013
22357, 0, 6745, 6756, 5315, 1562, 0.26%, 0, 308, 50, 223.95, 4181226, 22013
22362, 0, 6745, 6756, 5315, 1562, 0.26%, 0, 308, 50, 223.02, 4182353, 22013
22367, 0, 6730, 6757, 5315, 1565, 0.26%, 0, 308, 50, 202.83, 4182810, 22015
22373, 0, 6753, 6757, 5314, 1565, 0.26%, 0, 308, 50, 1.01, 4183411, 22015
22379, 0, 3441, 6758, 5313, 1564, 0.26%, 0, 308, 50, 7.25, 4184175, 22017
22386, 0, 5758, 6758, 5312, 1563, 0.26%, 0, 308, 50, 11.45, 4184904, 22017
22391, 0, 5758, 6758, 5312, 1563, 0.26%, 0, 308, 50, 216.66, 4186061, 22017
22398, 0, 5900, 6759, 5311, 1562, 0.26%, 0, 308, 50, 3.72, 4186945, 22018
22404, 0, 4860, 6759, 5310, 1561, 0.26%, 0, 308, 50, 8.37, 4187677, 22018
22411, 0, 6176, 6759, 5309, 1560, 0.26%, 0, 308, 50, 7.59, 4188402, 22018
22417, 0, 3530, 6759, 5308, 1559, 0.26%, 0, 308, 50, 3.75, 4189129, 22018
22422, 0, 2270, 6759, 5307, 1558, 0.26%, 0, 308, 50, 2.04, 4189566, 22018
22428, 0, 2855, 6759, 5306, 1557, 0.26%, 0, 308, 50, 10.36, 4190169, 22018
22433, 0, 2855, 6761, 5308, 1557, 0.26%, 0, 308, 50, 206.31, 4191207, 22019
22438, 0, 6434, 6761, 5307, 1557, 0.26%, 0, 308, 50, 0.33, 4191672, 22019
22444, 0, 4165, 6761, 5306, 1556, 0.26%, 0, 308, 50, 5.34, 4192401, 22019
22451, 0, 5852, 6761, 5305, 1555, 0.26%, 0, 308, 50, 12.68, 4193139, 22019
22456, 0, 6511, 6761, 5304, 1554, 0.26%, 0, 308, 50, 213.46, 4194277, 22019
22461, 0, 5971, 6761, 5303, 1553, 0.26%, 0, 308, 50, 163.62, 4194716, 22019
22467, 0, 6514, 6761, 5302, 1552, 0.26%, 0, 308, 50, 10.15, 4195329, 22019
22472, 0, 2503, 6761, 5301, 1551, 0.26%, 0, 308, 50, 211.73, 4196421, 22019
22477, 0, 6171, 6761, 5300, 1550, 0.26%, 0, 308, 50, 179.31, 4196881, 22019
22483, 0, 3818, 6761, 5299, 1549, 0.26%, 0, 308, 50, 0.33, 4197407, 22019
22489, 0, 6309, 6761, 5298, 1548, 0.26%, 0, 308, 50, 8.32, 4198143, 22019
22497, 0, 5339, 6762, 5298, 1548, 0.26%, 0, 308, 50, 12.40, 4199128, 22020
22503, 0, 5967, 6762, 5297, 1547, 0.26%, 0, 308, 50, 5.58, 4199747, 22020
22510, 0, 6209, 6763, 5297, 1547, 0.26%, 0, 308, 50, 4.98, 4200735, 22022
22515, 0, 6209, 6764, 5298, 1547, 0.26%, 0, 308, 50, 176.50, 4201608, 22022
22523, 0, 179, 6764, 5296, 1545, 0.26%, 0, 308, 50, 9.21, 4202742, 22022
22530, 0, 936, 6764, 5295, 1544, 0.26%, 0, 308, 50, 12.01, 4203522, 22022
22537, 0, 121, 6764, 5294, 1543, 0.26%, 0, 308, 50, 6.62, 4204436, 22022
22544, 0, 6636, 6764, 5293, 1542, 0.26%, 0, 308, 50, 5.38, 4205442, 22022
22550, 0, 6153, 6764, 5292, 1541, 0.26%, 0, 308, 50, 7.46, 4206176, 22022
22555, 0, 6153, 6767, 5295, 1541, 0.26%, 0, 308, 50, 207.58, 4207249, 22026
22560, 0, 6153, 6767, 5295, 1541, 0.26%, 0, 308, 50, 216.72, 4208357, 22026
22565, 0, 4141, 6767, 5293, 1542, 0.26%, 0, 308, 50, 175.76, 4208834, 22026
22571, 0, 2086, 6767, 5292, 1541, 0.26%, 0, 308, 50, 1.34, 4209426, 22026
22577, 0, 6712, 6767, 5291, 1540, 0.26%, 0, 308, 50, 2.38, 4210083, 22026
22582, 0, 6712, 6772, 5296, 1540, 0.26%, 0, 308, 50, 198.95, 4211110, 22026
22588, 0, 6712, 6774, 5298, 1540, 0.26%, 0, 308, 50, 196.56, 4212127, 22026
22593, 0, 6712, 6775, 5299, 1540, 0.26%, 0, 309, 50, 185.34, 4212942, 22026
22598, 0, 6712, 6776, 5300, 1540, 0.26%, 0, 309, 50, 203.94, 4214010, 22026
22603, 0, 6712, 6776, 5300, 1540, 0.26%, 0, 309, 50, 205.63, 4215062, 22026
22608, 0, 6712, 6777, 5301, 1540, 0.26%, 0, 309, 50, 205.73, 4216101, 22027
22613, 0, 6712, 6777, 5301, 1540, 0.26%, 0, 309, 50, 206.07, 4217153, 22027
22618, 0, 6712, 6778, 5302, 1540, 0.26%, 0, 309, 50, 212.61, 4218236, 22028
22623, 0, 6712, 6778, 5302, 1540, 0.26%, 0, 309, 50, 208.26, 4219276, 22028
22628, 0, 6712, 6779, 5303, 1540, 0.26%, 0, 309, 50, 211.39, 4220347, 22032
22633, 0, 6712, 6781, 5305, 1540, 0.26%, 0, 309, 50, 213.19, 4221441, 22032
22638, 0, 6712, 6781, 5305, 1540, 0.26%, 0, 309, 50, 221.12, 4222552, 22032
22646, 0, 6778, 6781, 5304, 1540, 0.26%, 0, 309, 50, 4.14, 4223592, 22032
22654, 0, 6780, 6782, 5303, 1539, 0.26%, 0, 309, 50, 9.25, 4224615, 22033
22659, 0, 6780, 6782, 5303, 1539, 0.26%, 0, 309, 50, 213.52, 4225746, 22033
22664, 0, 1977, 6782, 5302, 1538, 0.26%, 0, 309, 50, 218.95, 4226859, 22033
22669, 0, 2420, 6782, 5301, 1537, 0.26%, 0, 309, 50, 12.31, 4227362, 22033
22675, 0, 2429, 6783, 5301, 1537, 0.26%, 0, 309, 50, 0.33, 4227971, 22034
22680, 0, 2172, 6783, 5300, 1536, 0.26%, 0, 309, 50, 207.67, 4229081, 22034
22686, 0, 5739, 6783, 5299, 1535, 0.26%, 0, 309, 50, 188.40, 4229532, 22034
22691, 0, 5739, 6784, 5300, 1535, 0.26%, 0, 309, 50, 212.88, 4230668, 22035
22696, 0, 5825, 6784, 5298, 1534, 0.26%, 0, 309, 50, 177.95, 4231107, 22035
22701, 0, 6028, 6784, 5297, 1533, 0.26%, 0, 309, 50, 197.90, 4231553, 22035
22706, 0, 310, 6784, 5296, 1532, 0.26%, 0, 309, 50, 224.10, 4232739, 22035
22711, 0, 3365, 6784, 5295, 1531, 0.26%, 0, 309, 50, 176.24, 4233228, 22035
22716, 0, 5636, 6784, 5294, 1530, 0.26%, 0, 309, 50, 11.50, 4233761, 22035
22722, 0, 6487, 6784, 5293, 1529, 0.26%, 0, 309, 50, 210.59, 4234863, 22035
22727, 0, 6692, 6784, 5292, 1528, 0.26%, 0, 309, 50, 165.02, 4235328, 22035
22733, 0, 3614, 6784, 5291, 1527, 0.26%, 0, 309, 50, 11.12, 4235941, 22035
22738, 0, 6385, 6784, 5290, 1526, 0.26%, 0, 309, 50, 210.41, 4237043, 22035
22743, 0, 3678, 6784, 5289, 1525, 0.26%, 0, 309, 50, 167.55, 4237471, 22035
22749, 0, 6668, 6784, 5288, 1524, 0.26%, 0, 309, 50, 8.05, 4238120, 22035
22754, 0, 6668, 6790, 5294, 1524, 0.26%, 0, 309, 50, 206.16, 4239223, 22039
22760, 0, 6124, 6790, 5293, 1526, 0.26%, 0, 309, 50, 11.81, 4239850, 22039
22765, 0, 6124, 6792, 5295, 1526, 0.26%, 0, 309, 50, 214.31, 4240984, 22047
22770, 0, 1531, 6793, 5294, 1527, 0.26%, 0, 309, 50, 183.17, 4241427, 22048
22777, 0, 6790, 6793, 5293, 1526, 0.26%, 0, 309, 50, 10.45, 4242383, 22048
22784, 0, 6481, 6793, 5292, 1525, 0.26%, 0, 309, 50, 12.13, 4243111, 22048
22789, 0, 3763, 6793, 5291, 1524, 0.26%, 0, 309, 50, 211.48, 4244194, 22048
22794, 0, 918, 6793, 5290, 1523, 0.26%, 0, 309, 50, 170.41, 4244599, 22048
22800, 0, 4835, 6793, 5289, 1522, 0.26%, 0, 309, 50, 6.57, 4245271, 22048
22806, 0, 1127, 6793, 5288, 1521, 0.26%, 0, 309, 50, 8.21, 4245999, 22048
22813, 0, 1226, 6793, 5287, 1520, 0.26%, 0, 309, 50, 4.66, 4246929, 22048
22819, 0, 2847, 6793, 5286, 1519, 0.26%, 0, 309, 50, 14.52, 4247612, 22048
22825, 0, 6387, 6793, 5285, 1518, 0.26%, 0, 309, 50, 210.88, 4248720, 22048
22830, 0, 5459, 6793, 5284, 1517, 0.26%, 0, 309, 50, 183.41, 4249201, 22048
22837, 0, 6793, 6794, 5284, 1517, 0.26%, 0, 309, 50, 6.22, 4250077, 22049
22842, 0, 1473, 6794, 5282, 1515, 0.26%, 0, 309, 50, 215.22, 4251205, 22049
22847, 0, 6082, 6794, 5281, 1514, 0.26%, 0, 309, 50, 183.41, 4251675, 22049
22855, 0, 5928, 6795, 5281, 1514, 0.26%, 0, 309, 50, 7.51, 4252780, 22050
22860, 0, 6061, 6795, 5280, 1513, 0.26%, 0, 309, 50, 208.06, 4253872, 22050
22865, 0, 5879, 6795, 5279, 1512, 0.26%, 0, 309, 50, 190.50, 4254311, 22050
22870, 0, 5939, 6795, 5278, 1511, 0.26%, 0, 309, 50, 212.19, 4255432, 22050
22876, 0, 5821, 6795, 5277, 1510, 0.26%, 0, 309, 50, 203.44, 4255906, 22050
22881, 0, 3055, 6795, 5276, 1509, 0.26%, 0, 309, 50, 208.43, 4256979, 22050
22886, 0, 6148, 6795, 5275, 1508, 0.26%, 0, 309, 50, 191.14, 4257425, 22050
22891, 0, 6384, 6795, 5274, 1507, 0.26%, 0, 309, 50, 167.99, 4257880, 22050
22896, 0, 5299, 6795, 5273, 1506, 0.26%, 0, 309, 50, 7.20, 4258490, 22050
22902, 0, 5299, 6795, 5273, 1506, 0.26%, 0, 309, 50, 202.80, 4259596, 22050
22907, 0, 4974, 6796, 5273, 1505, 0.26%, 0, 309, 50, 183.23, 4260052, 22050
22912, 0, 4974, 6796, 5273, 1505, 0.26%, 0, 309, 50, 209.23, 4261175, 22050
22917, 0, 6065, 6796, 5272, 1504, 0.26%, 0, 309, 50, 216.84, 4262298, 22050
22924, 0, 6006, 6796, 5270, 1502, 0.26%, 0, 309, 50, 3.01, 4263207, 22050
22931, 0, 4587, 6798, 5271, 1502, 0.26%, 0, 309, 50, 3.30, 4264044, 22052
22939, 0, 910, 6798, 5270, 1501, 0.26%, 0, 309, 50, 7.52, 4265024, 22052
22945, 0, 1599, 6798, 5269, 1500, 0.26%, 0, 309, 50, 0.34, 4265844, 22052
22953, 0, 6798, 6799, 5269, 1500, 0.26%, 0, 309, 50, 0.34, 4266807, 22053
22960, 0, 5924, 6799, 5267, 1498, 0.26%, 0, 309, 50, 10.05, 4267796, 22053
22966, 0, 5949, 6799, 5266, 1497, 0.26%, 0, 309, 50, 12.23, 4268535, 22053
22971, 0, 5949, 6799, 5266, 1497, 0.26%, 0, 309, 50, 213.18, 4269660, 22053
22977, 0, 6548, 6800, 5266, 1496, 0.26%, 0, 309, 50, 217.57, 4270771, 22054
22982, 0, 6087, 6801, 5266, 1497, 0.26%, 0, 309, 50, 191.47, 4271211, 22055
22987, 0, 6408, 6801, 5265, 1496, 0.26%, 0, 309, 50, 216.49, 4272361, 22055
22992, 0, 3792, 6801, 5264, 1495, 0.26%, 0, 309, 50, 191.64, 4272834, 22055
22997, 0, 6517, 6801, 5263, 1494, 0.26%, 0, 309, 50, 182.69, 4273313, 22055
23003, 0, 5437, 6801, 5262, 1493, 0.26%, 0, 309, 50, 8.06, 4273824, 22055
23009, 0, 5690, 6801, 5261, 1492, 0.26%, 0, 309, 50, 8.67, 4274553, 22055
23014, 0, 376, 6801, 5260, 1491, 0.26%, 0, 309, 50, 218.10, 4275705, 22055
23019, 0, 6752, 6801, 5259, 1490, 0.26%, 0, 309, 50, 165.00, 4276184, 22055
23026, 0, 3877, 6802, 5259, 1489, 0.26%, 0, 309, 50, 7.17, 4276915, 22055
23031, 0, 2402, 6802, 5258, 1488, 0.26%, 0, 309, 50, 210.82, 4278032, 22055
23036, 0, 6320, 6802, 5257, 1487, 0.26%, 0, 309, 50, 165.80, 4278438, 22055
23041, 0, 6525, 6802, 5256, 1486, 0.26%, 0, 309, 50, 3.32, 4278997, 22055
23048, 0, 1222, 6802, 5255, 1485, 0.26%, 0, 309, 50, 6.22, 4279722, 22055
23053, 0, 1222, 6802, 5255, 1485, 0.26%, 0, 309, 50, 173.53, 4280622, 22055
23060, 0, 2517, 6802, 5254, 1484, 0.26%, 0, 309, 50, 10.16, 4281639, 22055
23066, 0, 2897, 6802, 5253, 1483, 0.26%, 0, 309, 50, 4.32, 4282253, 22055
23073, 0, 4199, 6802, 5252, 1482, 0.26%, 0, 309, 50, 8.10, 4282980, 22055
23079, 0, 1517, 6802, 5251, 1481, 0.26%, 0, 309, 50, 8.14, 4283709, 22055
23086, 0, 1842, 6802, 5250, 1480, 0.26%, 0, 309, 50, 3.37, 4284689, 22055
23093, 0, 278, 6802, 5249, 1479, 0.26%, 0, 309, 50, 0.33, 4285354, 22055
23099, 0, 3023, 6802, 5248, 1478, 0.26%, 0, 309, 50, 8.87, 4286144, 22055
23104, 0, 3023, 6802, 5248, 1478, 0.26%, 0, 309, 50, 207.89, 4287245, 22055
23110, 0, 6047, 6804, 5249, 1477, 0.26%, 0, 309, 50, 218.78, 4288397, 22057
23116, 0, 2162, 6804, 5248, 1478, 0.26%, 0, 309, 50, 1.00, 4289270, 22057
23122, 0, 6347, 6804, 5247, 1477, 0.26%, 0, 309, 50, 9.59, 4289909, 22057
23129, 0, 6756, 6805, 5247, 1477, 0.26%, 0, 309, 50, 13.34, 4290674, 22058
23136, 0, 5393, 6806, 5247, 1477, 0.26%, 0, 309, 50, 10.25, 4291433, 22059
23141, 0, 5440, 6806, 5246, 1476, 0.26%, 0, 309, 50, 208.89, 4292546, 22059
23146, 0, 5317, 6806, 5245, 1475, 0.26%, 0, 309, 50, 197.12, 4293017, 22059
23151, 0, 2476, 6806, 5244, 1474, 0.26%, 0, 309, 50, 10.68, 4293510, 22059
23157, 0, 4909, 6806, 5243, 1473, 0.26%, 0, 309, 50, 11.86, 4294116, 22059
23164, 0, 4118, 6806, 5242, 1472, 0.26%, 0, 309, 50, 10.16, 4294846, 22059
23170, 0, 5333, 6806, 5241, 1471, 0.26%, 0, 309, 50, 12.00, 4295579, 22059
23176, 0, 260, 6806, 5240, 1470, 0.26%, 0, 309, 50, 7.20, 4296305, 22059
23181, 0, 5468, 6806, 5239, 1469, 0.26%, 0, 309, 50, 191.22, 4296716, 22059
23187, 0, 5468, 6808, 5241, 1469, 0.26%, 0, 309, 50, 213.70, 4297823, 22059
23192, 0, 5468, 6809, 5242, 1469, 0.26%, 0, 309, 50, 217.14, 4298958, 22059
23197, 0, 5468, 6809, 5242, 1469, 0.26%, 0, 309, 50, 221.49, 4300078, 22059
23202, 0, 5468, 6809, 5242, 1469, 0.26%, 0, 309, 50, 221.23, 4301198, 22059
23207, 0, 5468, 6812, 5245, 1469, 0.26%, 0, 309, 50, 221.40, 4302323, 22061
23212, 0, 5468, 6812, 5245, 1469, 0.26%, 0, 309, 50, 222.43, 4303451, 22061
23217, 0, 5468, 6813, 5246, 1469, 0.26%, 0, 309, 50, 218.73, 4304554, 22061
23222, 0, 5468, 6813, 5246, 1469, 0.26%, 0, 309, 50, 220.46, 4305698, 22061
23227, 0, 5468, 6813, 5246, 1469, 0.26%, 0, 309, 50, 222.23, 4306822, 22061
23232, 0, 5468, 6813, 5246, 1469, 0.26%, 0, 309, 50, 218.87, 4307938, 22061
23237, 0, 5468, 6813, 5246, 1469, 0.26%, 0, 309, 50, 223.77, 4309078, 22061
23245, 0, 6809, 6813, 5245, 1469, 0.26%, 0, 309, 50, 8.01, 4310025, 22061
23250, 0, 2140, 6813, 5243, 1467, 0.26%, 0, 309, 50, 200.05, 4311127, 22061
23255, 0, 4193, 6813, 5242, 1466, 0.26%, 0, 309, 50, 178.15, 4311604, 22061
23260, 0, 1430, 6813, 5241, 1465, 0.26%, 0, 309, 50, 9.98, 4312124, 22061
23267, 0, 5438, 6813, 5240, 1464, 0.26%, 0, 309, 50, 3.03, 4312958, 22061
23274, 0, 5887, 6815, 5241, 1464, 0.26%, 0, 309, 50, 6.26, 4313808, 22062
23280, 0, 3019, 6815, 5240, 1463, 0.26%, 0, 309, 50, 13.85, 4314536, 22062
23288, 0, 6284, 6816, 5240, 1462, 0.26%, 0, 309, 50, 7.61, 4315503, 22062
23295, 0, 6816, 6818, 5241, 1463, 0.26%, 0, 309, 50, 12.29, 4316346, 22064
23301, 0, 4155, 6818, 5239, 1461, 0.26%, 0, 309, 50, 8.56, 4317147, 22064
23308, 0, 5946, 6818, 5238, 1460, 0.26%, 0, 309, 50, 6.30, 4317881, 22064
23313, 0, 3847, 6818, 5237, 1459, 0.26%, 0, 309, 50, 213.86, 4318972, 22064
23318, 0, 3497, 6818, 5236, 1458, 0.26%, 0, 309, 50, 172.60, 4319422, 22064
23324, 0, 5272, 6818, 5235, 1457, 0.26%, 0, 309, 50, 10.69, 4320182, 22064
23331, 0, 6729, 6818, 5234, 1456, 0.26%, 0, 309, 50, 12.09, 4320911, 22064
23337, 0, 693, 6818, 5233, 1455, 0.26%, 0, 309, 50, 7.34, 4321652, 22064
23344, 0, 4111, 6818, 5232, 1454, 0.26%, 0, 309, 50, 13.80, 4322471, 22064
23350, 0, 6466, 6818, 5231, 1453, 0.26%, 0, 309, 50, 9.92, 4323205, 22064
23357, 0, 5832, 6818, 5230, 1452, 0.26%, 0, 309, 50, 6.23, 4323933, 22064
23364, 0, 5795, 6819, 5230, 1452, 0.26%, 0, 309, 50, 11.11, 4324914, 22064
23369, 0, 5795, 6819, 5230, 1452, 0.26%, 0, 309, 50, 201.36, 4326006, 22064
23375, 0, 5907, 6819, 5229, 1451, 0.26%, 0, 309, 50, 2.03, 4326558, 22064
23382, 0, 6452, 6820, 5229, 1451, 0.26%, 0, 309, 50, 12.21, 4327540, 22065
23389, 0, 3506, 6820, 5228, 1450, 0.26%, 0, 309, 50, 8.08, 4328272, 22065
23395, 0, 6419, 6820, 5227, 1449, 0.26%, 0, 309, 50, 5.35, 4329002, 22065
23402, 0, 4367, 6820, 5226, 1448, 0.26%, 0, 309, 50, 8.51, 4329748, 22065
23407, 0, 4367, 6822, 5228, 1448, 0.26%, 0, 309, 50, 209.88, 4330829, 22065
23412, 0, 4367, 6823, 5229, 1448, 0.26%, 0, 309, 50, 212.50, 4331916, 22065
23417, 0, 4367, 6824, 5230, 1448, 0.26%, 0, 309, 50, 218.05, 4333011, 22065
23422, 0, 4367, 6825, 5231, 1448, 0.26%, 0, 309, 50, 215.78, 4334134, 22067
23427, 0, 4367, 6825, 5231, 1448, 0.26%, 0, 309, 50, 217.24, 4335242, 22067
23432, 0, 4367, 6825, 5231, 1448, 0.26%, 0, 309, 50, 215.28, 4336330, 22067
23437, 0, 4367, 6825, 5231, 1448, 0.26%, 0, 309, 50, 221.47, 4337458, 22067
23443, 0, 4367, 6826, 5232, 1448, 0.26%, 0, 309, 50, 219.53, 4338593, 22067
23448, 0, 4367, 6826, 5232, 1448, 0.26%, 0, 310, 50, 4.67, 4339526, 22067
23453, 0, 4367, 6826, 5232, 1448, 0.26%, 0, 310, 50, 220.60, 4340630, 22067
23458, 0, 4367, 6826, 5232, 1448, 0.26%, 0, 310, 50, 213.09, 4341710, 22067
23463, 0, 4367, 6827, 5233, 1448, 0.26%, 0, 310, 50, 219.97, 4342819, 22067
23468, 0, 2621, 6827, 5232, 1447, 0.26%, 0, 310, 50, 161.30, 4343285, 22067
23474, 0, 6297, 6827, 5231, 1446, 0.26%, 0, 310, 50, 1.35, 4343949, 22067
23479, 0, 6297, 6828, 5232, 1446, 0.26%, 0, 310, 50, 217.70, 4345091, 22068
23484, 0, 6656, 6828, 5230, 1445, 0.26%, 0, 310, 50, 194.39, 4345527, 22068
23489, 0, 5186, 6828, 5229, 1444, 0.26%, 0, 310, 50, 182.27, 4345977, 22068
23496, 0, 6680, 6828, 5228, 1443, 0.26%, 0, 310, 50, 8.11, 4346667, 22068
23501, 0, 6445, 6828, 5227, 1442, 0.26%, 0, 310, 50, 4.23, 4347251, 22068
23509, 0, 6828, 6829, 5227, 1442, 0.26%, 0, 310, 50, 3.59, 4348204, 22069
23514, 0, 609, 6829, 5226, 1441, 0.26%, 0, 310, 50, 221.09, 4349374, 22069
23519, 0, 2265, 6829, 5225, 1440, 0.26%, 0, 310, 50, 194.88, 4349780, 22069
23527, 0, 2013, 6829, 5224, 1439, 0.26%, 0, 310, 50, 0.33, 4350801, 22069
23532, 0, 2013, 6831, 5226, 1439, 0.26%, 0, 310, 50, 203.14, 4351840, 22070
23537, 0, 2013, 6832, 5227, 1439, 0.26%, 0, 310, 50, 214.60, 4352967, 22070
23542, 0, 2013, 6833, 5228, 1439, 0.26%, 0, 310, 50, 211.70, 4354062, 22070
23547, 0, 2013, 6835, 5230, 1439, 0.26%, 0, 310, 50, 213.17, 4355172, 22070
23552, 0, 2013, 6836, 5231, 1439, 0.26%, 0, 310, 50, 212.83, 4356263, 22070
23557, 0, 2013, 6837, 5232, 1439, 0.26%, 0, 310, 50, 214.62, 4357346, 22075
23563, 0, 2013, 6837, 5232, 1439, 0.26%, 0, 310, 50, 214.16, 4358454, 22075
23568, 0, 2013, 6838, 5233, 1439, 0.26%, 0, 310, 50, 213.70, 4359557, 22075
23573, 0, 2013, 6838, 5233, 1439, 0.26%, 0, 310, 50, 214.60, 4360656, 22075
23580, 0, 6836, 6838, 5232, 1440, 0.26%, 0, 310, 50, 6.05, 4361662, 22075
23587, 0, 2438, 6838, 5230, 1438, 0.26%, 0, 310, 50, 0.33, 4362424, 22075
23592, 0, 3563, 6839, 5230, 1437, 0.26%, 0, 310, 50, 210.15, 4363490, 22076
23597, 0, 1850, 6839, 5229, 1437, 0.26%, 0, 310, 50, 202.64, 4363949, 22076
23602, 0, 1850, 6839, 5229, 1437, 0.26%, 0, 310, 50, 216.33, 4365066, 22076
23607, 0, 3369, 6839, 5228, 1436, 0.26%, 0, 310, 50, 194.75, 4365537, 22076
23612, 0, 6172, 6839, 5227, 1435, 0.26%, 0, 310, 50, 198.03, 4365971, 22076
23617, 0, 6775, 6839, 5226, 1434, 0.26%, 0, 310, 50, 210.57, 4367064, 22076
23622, 0, 6775, 6839, 5226, 1434, 0.26%, 0, 310, 50, 217.11, 4368160, 22076
23627, 0, 3243, 6839, 5225, 1433, 0.26%, 0, 310, 50, 220.58, 4369302, 22076
23634, 0, 644, 6840, 5225, 1433, 0.26%, 0, 310, 50, 0.33, 4370125, 22077
23642, 0, 6787, 6840, 5224, 1432, 0.26%, 0, 310, 50, 5.08, 4371137, 22077
23647, 0, 6787, 6847, 5231, 1432, 0.26%, 0, 310, 50, 203.56, 4372177, 22088
23652, 0, 6787, 6851, 5235, 1432, 0.26%, 0, 310, 50, 215.37, 4373313, 22094
23657, 0, 6787, 6853, 5237, 1432, 0.26%, 0, 310, 50, 218.16, 4374419, 22094
23662, 0, 6787, 6853, 5237, 1432, 0.26%, 0, 310, 50, 220.94, 4375531, 22094
23667, 0, 6787, 6855, 5239, 1432, 0.26%, 0, 310, 50, 224.14, 4376677, 22096
23672, 0, 6787, 6861, 5245, 1432, 0.26%, 0, 310, 50, 220.50, 4377807, 22104
23677, 0, 6787, 6861, 5245, 1432, 0.26%, 0, 310, 50, 221.25, 4378923, 22104
23684, 0, 6857, 6861, 5244, 1449, 0.26%, 0, 310, 50, 13.00, 4379764, 22104
23691, 0, 6841, 6861, 5242, 1447, 0.26%, 0, 310, 50, 12.78, 4380504, 22104
23696, 0, 6841, 6863, 5244, 1447, 0.26%, 0, 310, 50, 212.35, 4381630, 22107
23701, 0, 890, 6863, 5242, 1447, 0.26%, 0, 310, 50, 200.97, 4382081, 22107
23707, 0, 6849, 6863, 5241, 1446, 0.26%, 0, 310, 50, 8.88, 4382822, 22107
23712, 0, 6849, 6868, 5246, 1446, 0.26%, 0, 310, 50, 207.03, 4383876, 22113
23717, 0, 6849, 6872, 5250, 1446, 0.26%, 0, 310, 50, 218.91, 4384992, 22117
23722, 0, 6849, 6873, 5251, 1446, 0.26%, 0, 310, 50, 218.50, 4386083, 22120
23727, 0, 6849, 6874, 5252, 1446, 0.26%, 0, 310, 50, 221.94, 4387198, 22122
23732, 0, 6849, 6874, 5252, 1446, 0.26%, 0, 310, 50, 222.04, 4388322, 22122
23737, 0, 6849, 6875, 5253, 1446, 0.26%, 0, 310, 50, 224.07, 4389449, 22123
23743, 0, 6849, 6876, 5254, 1446, 0.26%, 0, 310, 50, 222.31, 4390572, 22123
23749, 0, 6876, 6877, 5254, 1454, 0.26%, 0, 310, 50, 3.59, 4391427, 22124
23756, 0, 6873, 6877, 5252, 1452, 0.26%, 0, 310, 50, 8.04, 4392179, 22124
23762, 0, 6868, 6877, 5251, 1451, 0.26%, 0, 310, 50, 7.16, 4392905, 22124
23767, 0, 3680, 6877, 5250, 1450, 0.26%, 0, 310, 50, 214.48, 4394007, 22124
23775, 0, 6872, 6877, 5248, 1448, 0.26%, 0, 310, 50, 4.91, 4395083, 22124
23781, 0, 6872, 6881, 5252, 1448, 0.26%, 0, 310, 50, 202.11, 4396162, 22127
23786, 0, 6872, 6883, 5254, 1448, 0.26%, 0, 310, 50, 217.77, 4397284, 22131
23791, 0, 6872, 6883, 5254, 1448, 0.26%, 0, 310, 50, 219.53, 4398432, 22131
23796, 0, 6872, 6884, 5255, 1448, 0.26%, 0, 310, 50, 222.82, 4399559, 22133
23801, 0, 6872, 6884, 5255, 1448, 0.26%, 0, 310, 50, 224.13, 4400695, 22133
23806, 0, 6872, 6884, 5255, 1448, 0.26%, 0, 310, 50, 225.73, 4401843, 22133
23811, 0, 6872, 6885, 5256, 1448, 0.26%, 0, 310, 50, 225.08, 4402982, 22135
23817, 0, 6882, 6885, 5255, 1452, 0.26%, 0, 310, 50, 8.60, 4403615, 22135
23823, 0, 6881, 6885, 5253, 1450, 0.26%, 0, 310, 50, 10.75, 4404257, 22135
23829, 0, 6878, 6885, 5252, 1449, 0.26%, 0, 310, 50, 4.88, 4404983, 22135
23835, 0, 3536, 6885, 5251, 1448, 0.26%, 0, 310, 50, 213.75, 4406106, 22135
23840, 0, 3536, 6886, 5252, 1448, 0.26%, 0, 310, 50, 217.22, 4407201, 22135
23845, 0, 3536, 6886, 5252, 1448, 0.26%, 0, 310, 50, 220.46, 4408340, 22135
23850, 0, 6867, 6886, 5251, 1447, 0.26%, 0, 310, 50, 190.86, 4408794, 22135
23856, 0, 6884, 6886, 5250, 1446, 0.26%, 0, 310, 50, 11.91, 4409356, 22135
23862, 0, 6879, 6886, 5249, 1445, 0.26%, 0, 310, 50, 6.06, 4410082, 22135
23867, 0, 6879, 6890, 5253, 1445, 0.26%, 0, 310, 50, 212.04, 4411198, 22138
23872, 0, 6879, 6890, 5253, 1445, 0.26%, 0, 310, 50, 209.85, 4412174, 22138
23877, 0, 6879, 6891, 5254, 1445, 0.26%, 0, 310, 50, 220.00, 4413301, 22139
23882, 0, 6879, 6892, 5255, 1445, 0.26%, 0, 310, 50, 216.36, 4414392, 22140
23887, 0, 6879, 6895, 5258, 1445, 0.26%, 0, 310, 50, 220.45, 4415513, 22143
23893, 0, 6879, 6895, 5258, 1445, 0.26%, 0, 310, 50, 224.43, 4416657, 22143
23898, 0, 6879, 6896, 5259, 1445, 0.26%, 0, 310, 50, 225.00, 4417796, 22143
23905, 0, 6874, 6896, 5258, 1450, 0.26%, 0, 310, 50, 7.25, 4418641, 22143
23912, 0, 6869, 6897, 5258, 1449, 0.26%, 0, 310, 50, 3.56, 4419624, 22144
23917, 0, 3280, 6897, 5257, 1448, 0.26%, 0, 310, 50, 211.28, 4420750, 22144
23922, 0, 6851, 6897, 5256, 1447, 0.26%, 0, 310, 50, 191.39, 4421162, 22144
23928, 0, 5847, 6899, 5257, 1446, 0.26%, 0, 310, 50, 212.86, 4422298, 22144
23933, 0, 2492, 6899, 5256, 1445, 0.26%, 0, 310, 50, 185.72, 4422765, 22144
23938, 0, 6471, 6899, 5255, 1444, 0.26%, 0, 310, 50, 3.28, 4423259, 22144
23946, 0, 3690, 6900, 5255, 1443, 0.26%, 0, 310, 50, 10.10, 4424258, 22144
23952, 0, 3508, 6900, 5254, 1442, 0.26%, 0, 310, 50, 10.13, 4424981, 22144
23959, 0, 6025, 6900, 5253, 1441, 0.26%, 0, 310, 50, 0.33, 4425703, 22144
23965, 0, 6748, 6900, 5252, 1440, 0.26%, 0, 310, 50, 10.30, 4426433, 22144
23970, 0, 5244, 6900, 5251, 1439, 0.26%, 0, 310, 50, 212.87, 4427518, 22144
23975, 0, 2603, 6900, 5250, 1438, 0.26%, 0, 310, 50, 181.36, 4427947, 22144
23980, 0, 1471, 6900, 5249, 1437, 0.26%, 0, 310, 50, 174.19, 4428411, 22144
23987, 0, 1767, 6900, 5248, 1436, 0.26%, 0, 310, 50, 0.32, 4429161, 22144
23993, 0, 4952, 6900, 5247, 1435, 0.26%, 0, 310, 50, 0.31, 4429814, 22144
24000, 0, 1955, 6900, 5246, 1434, 0.26%, 0, 310, 50, 11.63, 4430541, 22144
24006, 0, 5380, 6900, 5245, 1433, 0.26%, 0, 310, 50, 10.99, 4431176, 22144
24012, 0, 6161, 6900, 5244, 1432, 0.26%, 0, 310, 50, 9.01, 4431775, 22144
24017, 0, 1101, 6900, 5243, 1431, 0.26%, 0, 310, 50, 219.53, 4432914, 22144
24023, 0, 6050, 6900, 5242, 1430, 0.26%, 0, 310, 50, 5.80, 4433463, 22144
24028, 0, 6485, 6900, 5241, 1429, 0.26%, 0, 310, 50, 211.63, 4434583, 22144
24033, 0, 6755, 6900, 5239, 1427, 0.26%, 0, 310, 50, 215.59, 4435707, 22144
24039, 0, 6472, 6900, 5238, 1426, 0.26%, 0, 310, 50, 0.95, 4436354, 22144
24044, 0, 4800, 6900, 5237, 1425, 0.26%, 0, 310, 50, 191.15, 4437375, 22144
24049, 0, 4800, 6900, 5237, 1425, 0.26%, 0, 310, 50, 213.64, 4438472, 22144
24056, 0, 1812, 6900, 5236, 1424, 0.26%, 0, 310, 50, 11.50, 4439253, 22144
24062, 0, 4171, 6901, 5236, 1423, 0.26%, 0, 310, 50, 5.33, 4439928, 22144
24067, 0, 4171, 6902, 5237, 1423, 0.26%, 0, 310, 50, 210.52, 4441054, 22144
24073, 0, 4171, 6902, 5237, 1423, 0.26%, 0, 310, 50, 216.92, 4442198, 22144
24078, 0, 5533, 6904, 5238, 1422, 0.26%, 0, 310, 50, 203.56, 4443229, 22146
24083, 0, 5533, 6909, 5243, 1422, 0.26%, 0, 310, 50, 203.90, 4444248, 22147
24088, 0, 5533, 6911, 5245, 1422, 0.26%, 0, 310, 50, 212.21, 4445322, 22148
24093, 0, 5533, 6911, 5245, 1422, 0.26%, 0, 310, 50, 207.24, 4446387, 22148
24098, 0, 5533, 6913, 5247, 1422, 0.26%, 0, 310, 50, 210.85, 4447481, 22148
24103, 0, 5533, 6915, 5249, 1422, 0.26%, 0, 310, 50, 207.85, 4448527, 22149
24108, 0, 5533, 6917, 5251, 1422, 0.26%, 0, 310, 50, 205.83, 4449557, 22151
24113, 0, 5533, 6917, 5251, 1422, 0.26%, 0, 310, 50, 202.44, 4450585, 22151
24118, 0, 5533, 6919, 5253, 1422, 0.26%, 0, 310, 50, 208.16, 4451643, 22155
24124, 0, 5533, 6920, 5254, 1422, 0.26%, 0, 310, 50, 202.26, 4452683, 22156
24129, 0, 5533, 6920, 5254, 1422, 0.26%, 0, 310, 50, 207.15, 4453739, 22156
24134, 0, 5533, 6921, 5255, 1422, 0.26%, 0, 310, 50, 206.11, 4454766, 22160
24139, 0, 5533, 6921, 5255, 1422, 0.26%, 0, 310, 50, 218.77, 4455907, 22160
24144, 0, 6920, 6921, 5254, 1424, 0.26%, 0, 310, 50, 10.26, 4456401, 22160
24151, 0, 6917, 6921, 5252, 1422, 0.26%, 0, 310, 50, 6.16, 4457171, 22160
24156, 0, 6917, 6921, 5252, 1422, 0.26%, 0, 310, 50, 215.67, 4458301, 22160
24161, 0, 1138, 6921, 5251, 1421, 0.26%, 0, 310, 50, 223.80, 4459441, 22160
24168, 0, 5685, 6921, 5250, 1420, 0.26%, 0, 310, 50, 13.31, 4460357, 22160
24174, 0, 6733, 6921, 5249, 1419, 0.26%, 0, 310, 50, 8.05, 4461082, 22160
24181, 0, 5546, 6921, 5248, 1418, 0.26%, 0, 310, 50, 0.33, 4461827, 22160
24186, 0, 5546, 6921, 5248, 1418, 0.26%, 0, 311, 50, 16.80, 4462722, 22160
24191, 0, 5546, 6921, 5248, 1418, 0.26%, 0, 311, 50, 219.29, 4463840, 22160
24198, 0, 3, 6921, 5247, 1417, 0.26%, 0, 311, 50, 11.43, 4464736, 22160
24206, 0, 651, 6922, 5247, 1417, 0.26%, 0, 311, 50, 3.92, 4465682, 22161
24213, 0, 229, 6922, 5246, 1416, 0.26%, 0, 311, 50, 1.32, 4466627, 22161
24220, 0, 3788, 6922, 5245, 1415, 0.26%, 0, 311, 50, 13.60, 4467627, 22161
24227, 0, 830, 6922, 5244, 1414, 0.26%, 0, 311, 50, 8.10, 4468369, 22161
24233, 0, 2665, 6922, 5243, 1413, 0.26%, 0, 311, 50, 12.33, 4469160, 22161
24239, 0, 5680, 6922, 5242, 1412, 0.26%, 0, 311, 50, 12.80, 4469763, 22161
24246, 0, 3689, 6922, 5241, 1411, 0.26%, 0, 311, 50, 5.94, 4470486, 22161
24252, 0, 6818, 6922, 5240, 1410, 0.26%, 0, 311, 50, 5.99, 4471214, 22161
24257, 0, 183, 6922, 5239, 1409, 0.26%, 0, 311, 50, 222.51, 4472372, 22161
24262, 0, 4610, 6922, 5238, 1408, 0.26%, 0, 311, 50, 182.90, 4472808, 22161
24269, 0, 1179, 6922, 5237, 1407, 0.26%, 0, 311, 50, 6.00, 4473463, 22161
24276, 0, 4539, 6922, 5236, 1406, 0.26%, 0, 311, 50, 13.12, 4474425, 22161
24282, 0, 4629, 6923, 5236, 1406, 0.26%, 0, 311, 50, 10.73, 4475042, 22162
24289, 0, 6054, 6923, 5235, 1405, 0.26%, 0, 311, 50, 13.51, 4475775, 22162
24294, 0, 6054, 6925, 5237, 1405, 0.26%, 0, 311, 50, 203.08, 4476865, 22164
24299, 0, 6436, 6925, 5235, 1405, 0.26%, 0, 311, 50, 144.28, 4477293, 22164
24306, 0, 6925, 6926, 5235, 1405, 0.26%, 0, 311, 50, 13.31, 4478044, 22165
24311, 0, 6685, 6931, 5239, 1404, 0.26%, 0, 311, 50, 196.33, 4479083, 22167
24316, 0, 6685, 6932, 5240, 1404, 0.26%, 0, 311, 50, 209.76, 4480131, 22167
24321, 0, 6685, 6933, 5241, 1404, 0.26%, 0, 311, 50, 214.20, 4481250, 22167
24326, 0, 6685, 6936, 5244, 1404, 0.26%, 0, 311, 50, 216.09, 4482359, 22168
24331, 0, 6685, 6938, 5246, 1404, 0.26%, 0, 311, 50, 213.50, 4483457, 22168
24336, 0, 6685, 6939, 5247, 1404, 0.26%, 0, 311, 50, 217.67, 4484588, 22168
24342, 0, 6685, 6939, 5247, 1404, 0.26%, 0, 311, 50, 216.31, 4485712, 22168
24347, 0, 6685, 6939, 5247, 1404, 0.26%, 0, 311, 50, 215.25, 4486788, 22168
24352, 0, 6685, 6939, 5247, 1404, 0.26%, 0, 311, 50, 217.73, 4487916, 22168
24357, 0, 6685, 6939, 5247, 1404, 0.26%, 0, 311, 50, 215.49, 4489036, 22168
24362, 0, 6685, 6940, 5248, 1404, 0.26%, 0, 311, 50, 214.94, 4490115, 22168
24367, 0, 6685, 6940, 5248, 1404, 0.26%, 0, 311, 50, 220.01, 4491222, 22168
24372, 0, 1329, 6940, 5246, 1407, 0.26%, 0, 311, 50, 169.15, 4491624, 22168
24377, 0, 1329, 6940, 5246, 1407, 0.26%, 0, 311, 50, 204.64, 4492717, 22168
24382, 0, 6929, 6941, 5246, 1406, 0.26%, 0, 311, 51, 182.50, 4493135, 22168
24387, 0, 6929, 6942, 5247, 1406, 0.26%, 0, 311, 51, 212.20, 4494228, 22171
24392, 0, 6929, 6943, 5248, 1406, 0.26%, 0, 311, 51, 218.09, 4495331, 22171
24397, 0, 6929, 6943, 5248, 1406, 0.26%, 0, 311, 51, 221.70, 4496451, 22171
24402, 0, 6929, 6943, 5248, 1406, 0.26%, 0, 311, 51, 222.18, 4497587, 22171
24407, 0, 6929, 6943, 5248, 1406, 0.26%, 0, 311, 51, 223.34, 4498703, 22171
24412, 0, 6929, 6943, 5248, 1406, 0.26%, 0, 311, 51, 220.62, 4499815, 22171
24418, 0, 6935, 6943, 5247, 1406, 0.26%, 0, 311, 51, 12.52, 4500418, 22171
24425, 0, 5008, 6943, 5246, 1405, 0.26%, 0, 311, 51, 9.60, 4501156, 22171
24430, 0, 5008, 6944, 5247, 1405, 0.26%, 0, 311, 51, 198.40, 4502236, 22171
24435, 0, 5008, 6944, 5247, 1405, 0.26%, 0, 311, 51, 218.64, 4503394, 22171
24440, 0, 5008, 6944, 5247, 1405, 0.26%, 0, 311, 51, 221.38, 4504515, 22171
24445, 0, 5407, 6945, 5247, 1404, 0.26%, 0, 311, 51, 221.15, 4505619, 22172
24450, 0, 658, 6945, 5246, 1404, 0.26%, 0, 311, 51, 192.01, 4506063, 22172
24456, 0, 6441, 6945, 5245, 1403, 0.26%, 0, 311, 51, 11.24, 4506657, 22172
24462, 0, 5473, 6945, 5244, 1402, 0.26%, 0, 311, 51, 7.88, 4507384, 22172
24469, 0, 3485, 6945, 5243, 1401, 0.26%, 0, 311, 51, 0.33, 4508126, 22172
24476, 0, 898, 6945, 5242, 1400, 0.26%, 0, 311, 51, 0.33, 4508870, 22172
24482, 0, 239, 6945, 5241, 1399, 0.26%, 0, 311, 51, 2.88, 4509689, 22172
24489, 0, 2071, 6945, 5240, 1398, 0.26%, 0, 311, 51, 4.16, 4510471, 22172
24494, 0, 2071, 6945, 5240, 1398, 0.26%, 0, 311, 51, 212.02, 4511586, 22172
24500, 0, 308, 6945, 5239, 1397, 0.26%, 0, 311, 51, 13.26, 4512284, 22172
24507, 0, 2436, 6945, 5238, 1396, 0.26%, 0, 311, 51, 7.70, 4513080, 22172
24512, 0, 5189, 6945, 5237, 1395, 0.26%, 0, 311, 51, 206.69, 4514168, 22172
24517, 0, 2211, 6945, 5236, 1394, 0.26%, 0, 311, 51, 189.78, 4514606, 22172
24522, 0, 5111, 6945, 5235, 1393, 0.26%, 0, 311, 51, 1.62, 4515061, 22172
24527, 0, 5111, 6951, 5241, 1393, 0.26%, 0, 311, 51, 171.55, 4515907, 22177
24532, 0, 5111, 6957, 5247, 1393, 0.26%, 0, 311, 51, 168.34, 4516729, 22178
24538, 0, 5111, 6960, 5250, 1393, 0.26%, 0, 311, 51, 182.32, 4517683, 22179
24543, 0, 5111, 6963, 5253, 1393, 0.26%, 0, 311, 51, 184.22, 4518601, 22180
24548, 0, 5111, 6966, 5256, 1393, 0.26%, 0, 311, 51, 175.88, 4519417, 22180
24553, 0, 5111, 6969, 5259, 1393, 0.26%, 0, 311, 51, 181.22, 4520290, 22188
24558, 0, 5111, 6970, 5260, 1393, 0.26%, 0, 311, 51, 178.91, 4521206, 22188
24563, 0, 5111, 6972, 5262, 1393, 0.26%, 0, 311, 51, 174.94, 4522096, 22188
24568, 0, 5111, 6973, 5263, 1393, 0.26%, 0, 311, 51, 181.75, 4523009, 22188
24575, 0, 6957, 6973, 5262, 1397, 0.26%, 0, 311, 51, 11.59, 4523749, 22188
24582, 0, 6968, 6973, 5260, 1395, 0.26%, 0, 311, 51, 12.41, 4524790, 22188
24587, 0, 6968, 6983, 5270, 1395, 0.26%, 0, 311, 51, 178.06, 4525697, 22193
24593, 0, 6968, 6987, 5274, 1395, 0.26%, 0, 311, 51, 191.10, 4526706, 22195
24598, 0, 6968, 6989, 5276, 1395, 0.26%, 0, 311, 51, 197.42, 4527716, 22196
24603, 0, 6968, 6992, 5279, 1395, 0.26%, 0, 311, 51, 196.94, 4528739, 22196
24608, 0, 6968, 6993, 5280, 1395, 0.26%, 0, 311, 51, 197.56, 4529730, 22196
24613, 0, 6968, 6993, 5280, 1395, 0.26%, 0, 311, 51, 201.33, 4530757, 22196
24618, 0, 6968, 6996, 5283, 1395, 0.26%, 0, 311, 51, 203.01, 4531794, 22196
24623, 0, 6968, 6996, 5283, 1395, 0.26%, 0, 311, 51, 205.44, 4532822, 22196
24628, 0, 6968, 6998, 5285, 1395, 0.26%, 0, 311, 51, 202.73, 4533852, 22196
24633, 0, 6968, 6998, 5285, 1395, 0.26%, 0, 311, 51, 203.07, 4534872, 22196
24638, 0, 6968, 7000, 5287, 1395, 0.26%, 0, 311, 51, 198.30, 4535875, 22198
24643, 0, 6968, 7000, 5287, 1395, 0.26%, 0, 311, 51, 202.61, 4536902, 22198
24648, 0, 6968, 7000, 5287, 1395, 0.26%, 0, 311, 51, 219.98, 4538028, 22198
24653, 0, 6030, 7000, 5285, 1401, 0.26%, 0, 311, 51, 182.29, 4538478, 22198
24660, 0, 6981, 7000, 5284, 1400, 0.26%, 0, 311, 51, 2.25, 4539157, 22198
24665, 0, 6981, 7002, 5286, 1400, 0.26%, 0, 311, 51, 193.56, 4540170, 22198
24670, 0, 6981, 7004, 5288, 1400, 0.26%, 0, 311, 51, 201.08, 4541159, 22199
24675, 0, 6981, 7005, 5289, 1400, 0.26%, 0, 311, 51, 206.41, 4542199, 22199
24680, 0, 6981, 7006, 5290, 1400, 0.26%, 0, 311, 51, 202.92, 4543226, 22201
24685, 0, 6981, 7007, 5291, 1400, 0.26%, 0, 311, 51, 205.90, 4544273, 22201
24690, 0, 6981, 7008, 5292, 1400, 0.26%, 0, 311, 51, 208.67, 4545360, 22201
24695, 0, 6981, 7009, 5293, 1400, 0.26%, 0, 311, 51, 207.34, 4546395, 22201
24700, 0, 6981, 7010, 5294, 1400, 0.26%, 0, 311, 51, 208.67, 4547454, 22201
24705, 0, 6981, 7011, 5295, 1400, 0.26%, 0, 311, 51, 206.22, 4548485, 22201
24710, 0, 6981, 7012, 5296, 1400, 0.26%, 0, 311, 51, 207.33, 4549576, 22201
24716, 0, 6981, 7013, 5297, 1400, 0.26%, 0, 311, 51, 211.05, 4550671, 22201
24721, 0, 6981, 7013, 5297, 1400, 0.26%, 0, 311, 51, 215.09, 4551784, 22201
24728, 0, 7001, 7013, 5296, 1400, 0.26%, 0, 311, 51, 13.66, 4552670, 22201
24735, 0, 6948, 7013, 5294, 1398, 0.26%, 0, 311, 51, 4.06, 4553417, 22201
24740, 0, 1585, 7013, 5293, 1397, 0.26%, 0, 311, 51, 210.89, 4554507, 22201
24745, 0, 3009, 7015, 5294, 1396, 0.26%, 0, 311, 51, 193.33, 4555512, 22201
24750, 0, 3009, 7017, 5296, 1396, 0.26%, 0, 311, 51, 174.42, 4556378, 22201
24755, 0, 3009, 7017, 5296, 1396, 0.26%, 0, 311, 51, 172.10, 4557275, 22201
24760, 0, 3009, 7017, 5296, 1396, 0.26%, 0, 311, 51, 155.75, 4558061, 22201
24765, 0, 3009, 7018, 5297, 1396, 0.26%, 0, 311, 51, 159.57, 4558875, 22201
24770, 0, 3009, 7019, 5298, 1396, 0.26%, 0, 311, 51, 174.17, 4559788, 22203
24775, 0, 3009, 7019, 5298, 1396, 0.26%, 0, 311, 51, 177.50, 4560679, 22203
24781, 0, 3009, 7019, 5298, 1396, 0.26%, 0, 311, 51, 171.83, 4561567, 22203
24786, 0, 3009, 7020, 5299, 1396, 0.26%, 0, 311, 51, 176.20, 4562477, 22203
24791, 0, 3009, 7020, 5299, 1396, 0.26%, 0, 311, 51, 173.08, 4563326, 22203
24796, 0, 7018, 7020, 5298, 1397, 0.26%, 0, 311, 51, 0.33, 4563856, 22203
24802, 0, 4701, 7021, 5298, 1396, 0.26%, 0, 311, 51, 207.33, 4564947, 22203
24807, 0, 4701, 7022, 5299, 1396, 0.26%, 0, 312, 51, 218.81, 4565851, 22203
24812, 0, 4701, 7023, 5300, 1396, 0.26%, 0, 312, 51, 214.12, 4566970, 22203
24817, 0, 4701, 7025, 5302, 1396, 0.26%, 0, 312, 51, 218.72, 4568092, 22203
24822, 0, 4701, 7025, 5302, 1396, 0.26%, 0, 312, 51, 218.80, 4569196, 22203
24827, 0, 4701, 7025, 5302, 1396, 0.26%, 0, 312, 51, 220.73, 4570308, 22203
24832, 0, 4701, 7026, 5303, 1396, 0.26%, 0, 312, 51, 220.93, 4571423, 22203
24837, 0, 4701, 7026, 5303, 1396, 0.26%, 0, 312, 51, 216.85, 4572515, 22203
24842, 0, 4701, 7027, 5304, 1396, 0.26%, 0, 312, 51, 216.43, 4573606, 22204
24847, 0, 4701, 7027, 5304, 1396, 0.26%, 0, 312, 51, 212.34, 4574691, 22204
24852, 0, 4701, 7027, 5304, 1396, 0.26%, 0, 312, 51, 215.29, 4575783, 22204
24857, 0, 4701, 7028, 5305, 1396, 0.26%, 0, 312, 51, 223.56, 4576928, 22204
24863, 0, 7026, 7028, 5304, 1395, 0.26%, 0, 312, 51, 4.06, 4577357, 22204
24870, 0, 6986, 7028, 5302, 1393, 0.26%, 0, 312, 51, 11.56, 4578322, 22204
24875, 0, 6986, 7031, 5305, 1393, 0.26%, 0, 312, 51, 202.64, 4579366, 22209
24880, 0, 6986, 7033, 5307, 1393, 0.26%, 0, 312, 51, 209.77, 4580464, 22210
24885, 0, 6986, 7035, 5309, 1393, 0.26%, 0, 312, 51, 215.46, 4581582, 22210
24890, 0, 6986, 7035, 5309, 1393, 0.26%, 0, 312, 51, 215.76, 4582682, 22210
24896, 0, 6986, 7035, 5309, 1393, 0.26%, 0, 312, 51, 217.91, 4583806, 22210
24901, 0, 6986, 7035, 5309, 1393, 0.26%, 0, 312, 51, 214.66, 4584878, 22210
24906, 0, 6986, 7035, 5309, 1393, 0.26%, 0, 312, 51, 217.41, 4585970, 22210
24911, 0, 6986, 7035, 5309, 1393, 0.26%, 0, 312, 51, 212.28, 4587030, 22210
24916, 0, 6986, 7036, 5310, 1393, 0.26%, 0, 312, 51, 216.43, 4588129, 22210
24921, 0, 6986, 7036, 5310, 1393, 0.26%, 0, 312, 51, 216.34, 4589213, 22210
24926, 0, 6986, 7039, 5313, 1393, 0.26%, 0, 312, 51, 215.51, 4590298, 22212
24931, 0, 6986, 7039, 5313, 1393, 0.26%, 0, 312, 51, 218.10, 4591440, 22212
24936, 0, 3584, 7039, 5311, 1393, 0.26%, 0, 312, 51, 136.99, 4591851, 22212
24942, 0, 7032, 7039, 5310, 1392, 0.26%, 0, 312, 51, 4.17, 4592583, 22212
24947, 0, 7032, 7045, 5316, 1392, 0.26%, 0, 312, 51, 207.17, 4593648, 22223
24953, 0, 7032, 7046, 5317, 1392, 0.26%, 0, 312, 51, 215.24, 4594751, 22223
24958, 0, 7032, 7047, 5318, 1392, 0.26%, 0, 312, 51, 220.19, 4595862, 22224
24963, 0, 7032, 7049, 5320, 1392, 0.26%, 0, 312, 51, 219.92, 4596972, 22226
24968, 0, 7032, 7054, 5325, 1392, 0.27%, 0, 312, 51, 220.35, 4598075, 22232
24973, 0, 7032, 7054, 5325, 1392, 0.27%, 0, 312, 51, 222.00, 4599179, 22232
24978, 0, 7032, 7054, 5325, 1392, 0.27%, 0, 312, 51, 225.04, 4600323, 22232
24985, 0, 7049, 7055, 5325, 1405, 0.27%, 0, 312, 51, 7.14, 4601183, 22233
24991, 0, 7050, 7055, 5323, 1403, 0.27%, 0, 312, 51, 9.99, 4601928, 22233
24996, 0, 5816, 7055, 5322, 1402, 0.27%, 0, 312, 51, 214.12, 4603054, 22233
25002, 0, 626, 7055, 5321, 1401, 0.27%, 0, 312, 51, 229.01, 4604255, 22233
25007, 0, 7039, 7055, 5320, 1400, 0.27%, 0, 312, 51, 195.03, 4604696, 22233
25012, 0, 6610, 7055, 5319, 1399, 0.27%, 0, 312, 51, 212.31, 4605788, 22233
25020, 0, 7053, 7055, 5317, 1397, 0.27%, 0, 312, 51, 1.29, 4606896, 22233
25025, 0, 6550, 7055, 5316, 1396, 0.27%, 0, 312, 51, 213.52, 4608005, 22233
25030, 0, 7046, 7055, 5315, 1395, 0.27%, 0, 312, 51, 192.39, 4608444, 22233
25037, 0, 7055, 7057, 5316, 1396, 0.27%, 0, 312, 51, 2.25, 4609394, 22239
25043, 0, 6424, 7057, 5314, 1394, 0.27%, 0, 312, 51, 211.73, 4610507, 22239
25048, 0, 7042, 7057, 5313, 1393, 0.27%, 0, 312, 51, 197.05, 4610936, 22239
25053, 0, 5622, 7057, 5312, 1392, 0.27%, 0, 312, 51, 212.63, 4612008, 22239
25058, 0, 6400, 7057, 5311, 1391, 0.27%, 0, 312, 51, 185.09, 4612476, 22239
25063, 0, 5073, 7057, 5310, 1390, 0.27%, 0, 312, 51, 7.22, 4613035, 22239
25069, 0, 5073, 7060, 5313, 1390, 0.27%, 0, 312, 51, 185.17, 4613981, 22240
25074, 0, 5073, 7061, 5314, 1390, 0.27%, 0, 312, 51, 201.19, 4615015, 22240
25079, 0, 5073, 7063, 5316, 1390, 0.27%, 0, 312, 51, 207.10, 4616057, 22241
25084, 0, 5073, 7064, 5317, 1390, 0.27%, 0, 312, 51, 209.07, 4617077, 22242
25089, 0, 5073, 7066, 5319, 1390, 0.27%, 0, 312, 51, 196.55, 4618080, 22242
25094, 0, 5073, 7068, 5321, 1390, 0.27%, 0, 313, 51, 20.83, 4618922, 22243
25099, 0, 5073, 7069, 5322, 1390, 0.27%, 0, 313, 51, 214.21, 4619977, 22243
25104, 0, 5073, 7069, 5322, 1390, 0.27%, 0, 313, 51, 218.13, 4621069, 22243
25110, 0, 3663, 7069, 5321, 1392, 0.27%, 0, 313, 51, 9.83, 4621614, 22243
25116, 0, 104, 7069, 5320, 1391, 0.27%, 0, 313, 51, 8.58, 4622339, 22243
25123, 0, 5901, 7069, 5319, 1390, 0.27%, 0, 313, 51, 2.59, 4623137, 22243
25129, 0, 6194, 7069, 5318, 1389, 0.27%, 0, 313, 51, 2.21, 4623864, 22243
25136, 0, 4517, 7069, 5317, 1388, 0.27%, 0, 313, 51, 7.76, 4624591, 22243
25141, 0, 4517, 7070, 5318, 1388, 0.27%, 0, 313, 51, 141.68, 4625338, 22243
25146, 0, 4517, 7072, 5320, 1388, 0.27%, 0, 313, 51, 159.93, 4626145, 22243
25151, 0, 4517, 7073, 5321, 1388, 0.27%, 0, 313, 51, 147.74, 4626866, 22243
25156, 0, 4517, 7073, 5321, 1388, 0.27%, 0, 313, 51, 163.66, 4627701, 22243
25161, 0, 4517, 7073, 5321, 1388, 0.27%, 0, 313, 51, 155.84, 4628499, 22243
25167, 0, 4517, 7075, 5323, 1388, 0.27%, 0, 313, 51, 162.12, 4629374, 22244
25172, 0, 4517, 7075, 5323, 1388, 0.27%, 0, 313, 51, 157.04, 4630167, 22244
25177, 0, 4517, 7076, 5324, 1388, 0.27%, 0, 313, 51, 165.38, 4631011, 22244
25182, 0, 4517, 7076, 5324, 1388, 0.27%, 0, 313, 51, 172.11, 4631798, 22244
25187, 0, 4517, 7076, 5324, 1388, 0.27%, 0, 313, 51, 169.83, 4632682, 22244
25194, 0, 7073, 7076, 5323, 1389, 0.27%, 0, 313, 51, 10.29, 4633597, 22244
25202, 0, 6643, 7076, 5321, 1387, 0.27%, 0, 313, 51, 11.02, 4634623, 22244
25207, 0, 5361, 7076, 5320, 1386, 0.27%, 0, 313, 51, 212.55, 4635753, 22244
25212, 0, 5986, 7076, 5319, 1385, 0.27%, 0, 313, 51, 179.48, 4636170, 22244
25218, 0, 3359, 7076, 5318, 1384, 0.27%, 0, 313, 51, 2.26, 4636810, 22244
25225, 0, 5261, 7076, 5317, 1383, 0.27%, 0, 313, 51, 1.29, 4637545, 22244
25231, 0, 5876, 7076, 5316, 1382, 0.27%, 0, 313, 51, 12.51, 4638237, 22244
25237, 0, 6014, 7076, 5315, 1381, 0.27%, 0, 313, 51, 6.08, 4638963, 22244
25245, 0, 5348, 7077, 5315, 1380, 0.27%, 0, 313, 51, 7.90, 4639960, 22244
25252, 0, 4062, 7077, 5314, 1379, 0.27%, 0, 313, 51, 8.35, 4640688, 22244
25258, 0, 6443, 7077, 5313, 1378, 0.27%, 0, 313, 51, 9.61, 4641418, 22244
25263, 0, 5664, 7077, 5312, 1377, 0.27%, 0, 313, 51, 210.61, 4642526, 22244
25269, 0, 5483, 7077, 5311, 1376, 0.27%, 0, 313, 51, 161.12, 4642986, 22244
25275, 0, 2885, 7077, 5310, 1375, 0.27%, 0, 313, 51, 3.20, 4643608, 22244
25281, 0, 6136, 7077, 5309, 1374, 0.27%, 0, 313, 51, 8.24, 4644349, 22244
25288, 0, 6304, 7077, 5308, 1373, 0.27%, 0, 313, 51, 9.89, 4645088, 22244
25296, 0, 4756, 7079, 5309, 1373, 0.27%, 0, 313, 51, 2.27, 4646111, 22245
25302, 0, 4979, 7079, 5308, 1372, 0.27%, 0, 313, 51, 2.25, 4646839, 22245
25307, 0, 4979, 7079, 5308, 1372, 0.27%, 0, 313, 51, 204.75, 4647885, 22245
25312, 0, 5853, 7079, 5307, 1371, 0.27%, 0, 313, 51, 218.25, 4648998, 22245
25317, 0, 3097, 7079, 5305, 1369, 0.27%, 0, 313, 51, 221.97, 4650159, 22245
25323, 0, 4623, 7079, 5304, 1368, 0.27%, 0, 313, 51, 12.70, 4650662, 22245
25331, 0, 7079, 7080, 5304, 1368, 0.27%, 0, 313, 51, 8.36, 4651659, 22246
25336, 0, 6177, 7081, 5303, 1366, 0.27%, 0, 313, 51, 177.97, 4652050, 22247
25343, 0, 6272, 7081, 5302, 1366, 0.27%, 0, 313, 51, 11.68, 4652992, 22247
25348, 0, 5227, 7081, 5301, 1365, 0.27%, 0, 313, 51, 214.89, 4654122, 22247
25354, 0, 2434, 7081, 5300, 1364, 0.27%, 0, 313, 51, 8.30, 4654697, 22247
25360, 0, 4275, 7081, 5299, 1363, 0.27%, 0, 313, 51, 2.26, 4655281, 22247
25365, 0, 4275, 7082, 5300, 1363, 0.27%, 0, 313, 51, 208.10, 4656380, 22247
25370, 0, 4275, 7082, 5300, 1363, 0.27%, 0, 313, 51, 217.06, 4657483, 22247
25375, 0, 2844, 7082, 5299, 1362, 0.27%, 0, 313, 51, 222.52, 4658612, 22247
25380, 0, 3121, 7082, 5298, 1361, 0.27%, 0, 313, 51, 160.35, 4659015, 22247
25387, 0, 2894, 7082, 5297, 1360, 0.27%, 0, 313, 51, 9.25, 4659679, 22247
25394, 0, 3671, 7082, 5296, 1359, 0.27%, 0, 313, 51, 9.10, 4660406, 22247
25399, 0, 6339, 7083, 5296, 1358, 0.27%, 0, 313, 51, 198.10, 4661432, 22248
25405, 0, 3517, 7085, 5297, 1360, 0.27%, 0, 313, 51, 8.21, 4662094, 22250
25413, 0, 7085, 7087, 5298, 1361, 0.27%, 0, 313, 51, 4.17, 4663111, 22252
25419, 0, 3146, 7087, 5296, 1359, 0.27%, 0, 313, 51, 6.06, 4663705, 22252
25425, 0, 3299, 7087, 5295, 1358, 0.27%, 0, 313, 51, 3.24, 4664433, 22252
25432, 0, 3561, 7087, 5294, 1357, 0.27%, 0, 313, 51, 9.97, 4665164, 22252
25439, 0, 5828, 7087, 5293, 1356, 0.27%, 0, 313, 51, 10.38, 4665903, 22252
25444, 0, 5828, 7089, 5295, 1356, 0.27%, 0, 313, 51, 200.98, 4666997, 22254
25449, 0, 114, 7089, 5294, 1357, 0.27%, 0, 313, 51, 208.20, 4667479, 22254
25456, 0, 797, 7089, 5293, 1356, 0.27%, 0, 313, 51, 5.04, 4668403, 22254
25463, 0, 5724, 7089, 5292, 1355, 0.27%, 0, 313, 51, 7.84, 4669253, 22254
25470, 0, 7040, 7089, 5291, 1354, 0.27%, 0, 313, 51, 3.56, 4669979, 22254
25475, 0, 6754, 7090, 5291, 1353, 0.27%, 0, 313, 51, 211.99, 4671098, 22255
25480, 0, 2419, 7090, 5290, 1353, 0.27%, 0, 313, 51, 187.01, 4671546, 22255
25485, 0, 5575, 7090, 5289, 1352, 0.27%, 0, 313, 51, 0.33, 4672043, 22255
25490, 0, 5575, 7090, 5289, 1352, 0.27%, 0, 314, 51, 194.11, 4672854, 22255
25495, 0, 5575, 7090, 5289, 1352, 0.27%, 0, 314, 51, 216.41, 4673962, 22255
25503, 0, 4448, 7090, 5287, 1350, 0.27%, 0, 314, 51, 7.20, 4674939, 22255
25508, 0, 5217, 7090, 5286, 1349, 0.27%, 0, 314, 51, 212.37, 4676056, 22255
25514, 0, 3900, 7090, 5285, 1348, 0.27%, 0, 314, 51, 10.37, 4676761, 22255
25521, 0, 6700, 7090, 5284, 1347, 0.27%, 0, 314, 51, 10.34, 4677519, 22255
25528, 0, 5588, 7090, 5283, 1346, 0.27%, 0, 314, 51, 12.90, 4678268, 22255
25533, 0, 5588, 7092, 5285, 1346, 0.27%, 0, 314, 51, 190.68, 4679272, 22256
25538, 0, 5588, 7098, 5291, 1346, 0.27%, 0, 314, 51, 204.71, 4680318, 22258
25543, 0, 5588, 7098, 5291, 1346, 0.27%, 0, 314, 51, 212.91, 4681398, 22258
25548, 0, 5588, 7100, 5293, 1346, 0.27%, 0, 314, 51, 213.94, 4682472, 22258
25553, 0, 5588, 7101, 5294, 1346, 0.27%, 0, 314, 51, 211.08, 4683539, 22258
25558, 0, 5588, 7101, 5294, 1346, 0.27%, 0, 315, 51, 201.69, 4684404, 22258
25563, 0, 5588, 7101, 5294, 1346, 0.27%, 0, 315, 51, 213.47, 4685524, 22258
25568, 0, 5588, 7101, 5294, 1346, 0.27%, 0, 315, 51, 211.37, 4686628, 22258
25573, 0, 5588, 7102, 5295, 1346, 0.27%, 0, 315, 51, 208.55, 4687679, 22258
25578, 0, 5588, 7102, 5295, 1346, 0.27%, 0, 315, 51, 208.43, 4688731, 22258
25583, 0, 5588, 7103, 5296, 1346, 0.27%, 0, 315, 51, 205.75, 4689774, 22258
25588, 0, 5588, 7103, 5296, 1346, 0.27%, 0, 315, 51, 218.16, 4690887, 22258
25596, 0, 7096, 7103, 5295, 1348, 0.27%, 0, 315, 51, 10.07, 4691797, 22258
25602, 0, 7092, 7103, 5293, 1346, 0.27%, 0, 315, 51, 12.82, 4692551, 22258
25607, 0, 7092, 7105, 5295, 1346, 0.27%, 0, 315, 51, 204.55, 4693647, 22258
25612, 0, 7092, 7107, 5297, 1346, 0.27%, 0, 315, 51, 214.19, 4694745, 22258
25617, 0, 7092, 7108, 5298, 1346, 0.27%, 0, 315, 51, 216.30, 4695832, 22258
25622, 0, 7092, 7108, 5298, 1346, 0.27%, 0, 315, 51, 214.99, 4696904, 22258
25628, 0, 7092, 7109, 5299, 1346, 0.27%, 0, 315, 51, 216.42, 4697995, 22258
25633, 0, 7092, 7109, 5299, 1346, 0.27%, 0, 315, 51, 214.17, 4699083, 22258
25638, 0, 7092, 7110, 5300, 1346, 0.27%, 0, 315, 51, 208.61, 4700146, 22258
25643, 0, 7092, 7111, 5301, 1346, 0.27%, 0, 315, 51, 215.59, 4701277, 22260
25648, 0, 7092, 7111, 5301, 1346, 0.27%, 0, 315, 51, 216.76, 4702365, 22260
25653, 0, 7092, 7111, 5301, 1346, 0.27%, 0, 315, 51, 219.86, 4703473, 22260
25658, 0, 7092, 7111, 5301, 1346, 0.27%, 0, 315, 51, 221.06, 4704601, 22260
25663, 0, 7092, 7111, 5301, 1346, 0.27%, 0, 315, 51, 224.67, 4705744, 22260
25668, 0, 5231, 7111, 5299, 1348, 0.27%, 0, 315, 51, 160.64, 4706150, 22260
25673, 0, 5099, 7111, 5298, 1347, 0.27%, 0, 315, 51, 2.27, 4706638, 22260
25679, 0, 5099, 7113, 5300, 1347, 0.27%, 0, 315, 51, 197.48, 4707688, 22260
25684, 0, 5099, 7114, 5301, 1347, 0.27%, 0, 315, 51, 210.46, 4708768, 22260
25689, 0, 5099, 7115, 5302, 1347, 0.27%, 0, 315, 51, 213.90, 4709883, 22260
25694, 0, 5099, 7115, 5302, 1347, 0.27%, 0, 315, 51, 215.40, 4710967, 22260
25699, 0, 5099, 7115, 5302, 1347, 0.27%, 0, 315, 51, 217.22, 4712071, 22260
25704, 0, 5099, 7116, 5303, 1347, 0.27%, 0, 315, 51, 213.60, 4713158, 22260
25709, 0, 5099, 7116, 5303, 1347, 0.27%, 0, 315, 51, 214.19, 4714246, 22260
25714, 0, 5099, 7119, 5306, 1347, 0.27%, 0, 315, 51, 190.97, 4715191, 22260
25719, 0, 5099, 7119, 5306, 1347, 0.27%, 0, 315, 51, 204.88, 4716239, 22260
25724, 0, 5099, 7120, 5307, 1347, 0.27%, 0, 315, 51, 210.86, 4717302, 22260
25729, 0, 5099, 7120, 5307, 1347, 0.27%, 0, 315, 51, 217.65, 4718398, 22260
25734, 0, 5099, 7120, 5307, 1347, 0.27%, 0, 315, 51, 223.33, 4719534, 22260
25740, 0, 7113, 7120, 5306, 1348, 0.27%, 0, 315, 51, 5.27, 4720121, 22260
25747, 0, 4355, 7120, 5304, 1346, 0.27%, 0, 315, 51, 2.28, 4720866, 22260
25752, 0, 4355, 7121, 5305, 1346, 0.27%, 0, 315, 51, 200.22, 4721896, 22260
25757, 0, 4355, 7123, 5307, 1346, 0.27%, 0, 315, 51, 208.45, 4722966, 22263
25762, 0, 4355, 7125, 5309, 1346, 0.27%, 0, 315, 51, 210.39, 4724016, 22263
25767, 0, 4355, 7127, 5311, 1346, 0.27%, 0, 315, 51, 213.03, 4725106, 22263
25772, 0, 4355, 7127, 5311, 1346, 0.27%, 0, 315, 51, 210.89, 4726154, 22263
25777, 0, 4355, 7129, 5313, 1346, 0.27%, 0, 315, 51, 211.95, 4727220, 22263
25782, 0, 4355, 7130, 5314, 1346, 0.27%, 0, 315, 51, 207.63, 4728251, 22263
25787, 0, 4355, 7132, 5316, 1346, 0.27%, 0, 315, 51, 208.60, 4729305, 22263
25792, 0, 4355, 7135, 5319, 1346, 0.27%, 0, 315, 51, 207.90, 4730370, 22266
25798, 0, 4355, 7135, 5319, 1346, 0.27%, 0, 315, 51, 213.02, 4731482, 22266
25803, 0, 4355, 7136, 5320, 1346, 0.27%, 0, 315, 51, 210.29, 4732537, 22266
25808, 0, 4355, 7137, 5321, 1346, 0.27%, 0, 315, 51, 219.12, 4733642, 22266
25814, 0, 7136, 7137, 5320, 1353, 0.27%, 0, 315, 51, 5.14, 4734395, 22266
25821, 0, 4913, 7137, 5318, 1351, 0.27%, 0, 315, 51, 8.32, 4735139, 22266
25827, 0, 7121, 7137, 5317, 1350, 0.27%, 0, 315, 51, 12.61, 4735867, 22266
25832, 0, 7121, 7139, 5319, 1350, 0.27%, 0, 315, 51, 185.33, 4736810, 22267
25838, 0, 7121, 7140, 5320, 1350, 0.27%, 0, 315, 51, 197.32, 4737846, 22267
25843, 0, 7121, 7142, 5322, 1350, 0.27%, 0, 315, 51, 198.24, 4738865, 22267
25848, 0, 7121, 7142, 5322, 1350, 0.27%, 0, 315, 51, 199.21, 4739879, 22267
25853, 0, 7121, 7143, 5323, 1350, 0.27%, 0, 315, 51, 197.92, 4740912, 22267
25858, 0, 7121, 7143, 5323, 1350, 0.27%, 0, 315, 51, 202.57, 4741927, 22267
25863, 0, 7121, 7144, 5324, 1350, 0.27%, 0, 316, 51, 198.34, 4742705, 22268
25868, 0, 7121, 7145, 5325, 1350, 0.27%, 0, 316, 51, 199.12, 4743714, 22268
25873, 0, 7121, 7146, 5326, 1350, 0.27%, 0, 316, 51, 197.74, 4744747, 22268
25878, 0, 7121, 7147, 5327, 1350, 0.27%, 0, 316, 51, 199.85, 4745780, 22268
25884, 0, 7121, 7147, 5327, 1350, 0.27%, 0, 316, 51, 202.06, 4746800, 22268
25889, 0, 7121, 7147, 5327, 1350, 0.27%, 0, 316, 51, 207.15, 4747840, 22268
25894, 0, 7121, 7147, 5327, 1350, 0.27%, 0, 316, 51, 219.88, 4748970, 22268
25899, 0, 7123, 7147, 5326, 1351, 0.27%, 0, 316, 51, 194.65, 4749427, 22268
25904, 0, 7123, 7149, 5328, 1351, 0.27%, 0, 316, 51, 211.64, 4750511, 22268
25909, 0, 7123, 7149, 5328, 1351, 0.27%, 0, 316, 51, 217.28, 4751651, 22268
25914, 0, 7123, 7149, 5328, 1351, 0.27%, 0, 316, 51, 218.12, 4752767, 22268
25919, 0, 4773, 7149, 5327, 1350, 0.27%, 0, 316, 51, 220.19, 4753887, 22268
25924, 0, 6423, 7149, 5326, 1349, 0.27%, 0, 316, 51, 220.89, 4755027, 22268
25932, 0, 7122, 7149, 5324, 1347, 0.27%, 0, 316, 51, 0.32, 4755955, 22268
25937, 0, 7122, 7154, 5329, 1347, 0.27%, 0, 316, 51, 207.59, 4757010, 22272
25942, 0, 7122, 7160, 5335, 1347, 0.27%, 0, 316, 51, 216.39, 4758112, 22280
25947, 0, 7122, 7163, 5338, 1347, 0.27%, 0, 316, 51, 220.68, 4759213, 22283
25952, 0, 7122, 7165, 5340, 1347, 0.27%, 0, 316, 51, 220.84, 4760323, 22285
25957, 0, 7122, 7167, 5342, 1347, 0.27%, 0, 316, 51, 223.83, 4761469, 22287
25962, 0, 7122, 7170, 5345, 1347, 0.27%, 0, 316, 51, 223.59, 4762606, 22292
25967, 0, 7122, 7170, 5345, 1347, 0.27%, 0, 316, 51, 223.38, 4763738, 22292
25974, 0, 7162, 7171, 5345, 1361, 0.27%, 0, 316, 51, 5.88, 4764594, 22292
25981, 0, 7150, 7171, 5343, 1359, 0.27%, 0, 316, 51, 4.73, 4765361, 22292
25986, 0, 7150, 7173, 5345, 1359, 0.27%, 0, 316, 51, 213.11, 4766449, 22295
25991, 0, 3971, 7173, 5343, 1357, 0.27%, 0, 316, 51, 169.15, 4766897, 22295
25996, 0, 3971, 7173, 5343, 1357, 0.27%, 0, 316, 51, 205.60, 4767985, 22295
26004, 0, 7168, 7173, 5342, 1356, 0.27%, 0, 316, 51, 13.58, 4769049, 22295
26010, 0, 7134, 7173, 5341, 1355, 0.27%, 0, 316, 51, 0.97, 4769775, 22295
26015, 0, 7134, 7180, 5348, 1355, 0.27%, 0, 316, 51, 194.27, 4770778, 22321
26021, 0, 7134, 7183, 5351, 1355, 0.27%, 0, 316, 51, 211.37, 4771892, 22328
26026, 0, 7134, 7183, 5351, 1355, 0.27%, 0, 317, 51, 220.13, 4772777, 22328
26031, 0, 7134, 7186, 5354, 1355, 0.27%, 0, 317, 51, 211.99, 4773854, 22340
26036, 0, 7134, 7187, 5355, 1355, 0.27%, 0, 317, 51, 211.40, 4774909, 22341
26041, 0, 7134, 7190, 5358, 1355, 0.27%, 0, 317, 51, 215.25, 4775998, 22342
26046, 0, 7134, 7191, 5359, 1355, 0.27%, 0, 317, 51, 220.73, 4777109, 22342
26051, 0, 7134, 7191, 5359, 1355, 0.27%, 0, 318, 51, 200.99, 4778000, 22342
26056, 0, 7134, 7191, 5359, 1355, 0.27%, 0, 318, 51, 208.06, 4779046, 22342
26061, 0, 7134, 7191, 5359, 1355, 0.27%, 0, 318, 51, 215.94, 4780142, 22342
26066, 0, 7134, 7193, 5361, 1355, 0.27%, 0, 318, 51, 217.64, 4781248, 22342
26071, 0, 7134, 7193, 5361, 1355, 0.27%, 0, 318, 51, 221.36, 4782398, 22342
26076, 0, 5378, 7193, 5359, 1353, 0.27%, 0, 318, 51, 155.94, 4782797, 22342
26081, 0, 7188, 7193, 5358, 1352, 0.27%, 0, 318, 51, 12.58, 4783249, 22342
26087, 0, 7188, 7196, 5361, 1352, 0.27%, 0, 319, 51, 200.66, 4784063, 22343
26092, 0, 7188, 7200, 5365, 1352, 0.27%, 0, 320, 51, 209.32, 4784887, 22349
26097, 0, 7188, 7202, 5367, 1352, 0.27%, 0, 321, 51, 187.00, 4785697, 22369
26102, 0, 7188, 7203, 5368, 1352, 0.27%, 0, 321, 51, 203.54, 4786765, 22369
26107, 0, 7188, 7205, 5370, 1352, 0.27%, 0, 322, 51, 218.91, 4787604, 22369
26112, 0, 7188, 7210, 5375, 1352, 0.27%, 0, 322, 51, 202.65, 4788595, 22369
26117, 0, 7188, 7210, 5375, 1352, 0.27%, 0, 322, 51, 210.44, 4789655, 22369
26122, 0, 7188, 7211, 5376, 1352, 0.27%, 0, 322, 51, 210.99, 4790722, 22369
26127, 0, 7188, 7212, 5377, 1352, 0.27%, 0, 322, 51, 215.56, 4791813, 22369
26132, 0, 7188, 7216, 5381, 1352, 0.27%, 0, 322, 51, 210.53, 4792853, 22369
26137, 0, 7188, 7217, 5382, 1352, 0.27%, 0, 323, 51, 213.16, 4793669, 22375
26142, 0, 7188, 7217, 5382, 1352, 0.27%, 0, 323, 51, 212.35, 4794725, 22375
26147, 0, 7188, 7218, 5383, 1352, 0.27%, 0, 323, 51, 216.48, 4795803, 22375
26155, 0, 7211, 7218, 5382, 1353, 0.27%, 0, 323, 51, 1.55, 4796851, 22375
26163, 0, 7200, 7219, 5381, 1352, 0.27%, 0, 323, 51, 3.44, 4797870, 22376
26168, 0, 7200, 7224, 5386, 1352, 0.27%, 0, 323, 51, 189.96, 4798863, 22377
26174, 0, 7200, 7226, 5388, 1352, 0.27%, 0, 324, 51, 216.06, 4799704, 22378
26179, 0, 7200, 7228, 5390, 1352, 0.27%, 0, 324, 51, 208.51, 4800746, 22378
26184, 0, 7200, 7229, 5391, 1352, 0.27%, 0, 324, 51, 202.86, 4801777, 22379
26189, 0, 7200, 7230, 5392, 1352, 0.27%, 0, 324, 51, 204.50, 4802828, 22379
26194, 0, 7200, 7232, 5394, 1352, 0.27%, 0, 324, 51, 205.11, 4803870, 22379
26199, 0, 7200, 7234, 5396, 1352, 0.27%, 0, 324, 51, 208.48, 4804956, 22379
26204, 0, 7200, 7235, 5397, 1352, 0.27%, 0, 324, 51, 203.23, 4806010, 22409
26211, 0, 7234, 7235, 5396, 1349, 0.27%, 0, 324, 51, 1.89, 4806941, 22409
26218, 0, 7201, 7235, 5394, 1347, 0.27%, 0, 324, 51, 3.15, 4807698, 22409
26223, 0, 7201, 7241, 5400, 1347, 0.27%, 0, 324, 51, 196.55, 4808730, 22409
26228, 0, 7201, 7244, 5403, 1347, 0.27%, 0, 324, 51, 200.89, 4809756, 22409
26233, 0, 7201, 7245, 5404, 1347, 0.27%, 0, 324, 51, 214.49, 4810855, 22409
26239, 0, 7201, 7247, 5406, 1347, 0.27%, 0, 324, 51, 211.49, 4811937, 22410
26244, 0, 7201, 7249, 5408, 1347, 0.27%, 0, 324, 51, 215.38, 4813031, 22410
26249, 0, 7201, 7249, 5408, 1347, 0.27%, 0, 324, 51, 215.09, 4814123, 22410
26254, 0, 7201, 7252, 5411, 1347, 0.27%, 0, 324, 51, 215.89, 4815212, 22411
26259, 0, 7201, 7252, 5411, 1347, 0.27%, 0, 324, 51, 223.83, 4816344, 22411
26264, 0, 7201, 7252, 5411, 1347, 0.27%, 0, 324, 51, 224.41, 4817485, 22411
26269, 0, 7216, 7253, 5411, 1349, 0.27%, 0, 324, 51, 155.07, 4817901, 22411
26274, 0, 7216, 7255, 5413, 1349, 0.27%, 0, 324, 51, 193.83, 4818923, 22411
26279, 0, 7216, 7258, 5416, 1349, 0.27%, 0, 324, 51, 195.45, 4819910, 22411
26284, 0, 7216, 7259, 5417, 1349, 0.27%, 0, 324, 51, 214.39, 4821018, 22411
26289, 0, 7216, 7262, 5420, 1349, 0.27%, 0, 324, 51, 200.92, 4821995, 22411
26294, 0, 7216, 7263, 5421, 1349, 0.27%, 0, 324, 51, 215.54, 4823090, 22411
26300, 0, 7216, 7267, 5425, 1349, 0.27%, 0, 324, 51, 205.64, 4824150, 22413
26305, 0, 7216, 7269, 5427, 1349, 0.27%, 0, 324, 51, 209.15, 4825192, 22413
26310, 0, 7216, 7269, 5427, 1349, 0.27%, 0, 324, 51, 217.05, 4826288, 22413
26315, 0, 7256, 7269, 5426, 1351, 0.27%, 0, 324, 51, 1.89, 4826802, 22413
26323, 0, 7236, 7270, 5425, 1349, 0.27%, 0, 324, 51, 7.29, 4827833, 22413
26328, 0, 7236, 7276, 5431, 1349, 0.27%, 0, 324, 51, 200.02, 4828853, 22414
26333, 0, 7236, 7278, 5433, 1349, 0.27%, 0, 324, 51, 205.85, 4829904, 22414
26338, 0, 7236, 7280, 5435, 1349, 0.27%, 0, 324, 51, 205.05, 4830938, 22415
26343, 0, 7236, 7280, 5435, 1349, 0.27%, 0, 324, 51, 215.38, 4832066, 22415
26348, 0, 7236, 7281, 5436, 1349, 0.27%, 0, 324, 51, 208.55, 4833117, 22416
26353, 0, 7236, 7283, 5438, 1349, 0.27%, 0, 324, 51, 212.01, 4834175, 22416
26359, 0, 7236, 7286, 5441, 1349, 0.27%, 0, 324, 51, 210.18, 4835248, 22416
26364, 0, 7236, 7287, 5442, 1349, 0.27%, 0, 324, 51, 217.09, 4836341, 22416
26369, 0, 7236, 7287, 5442, 1349, 0.27%, 0, 324, 51, 221.22, 4837487, 22416
26374, 0, 5974, 7287, 5440, 1350, 0.27%, 0, 324, 51, 160.00, 4837886, 22416
26380, 0, 7278, 7287, 5439, 1349, 0.27%, 0, 324, 51, 12.51, 4838601, 22416
26385, 0, 7278, 7287, 5439, 1349, 0.27%, 0, 324, 51, 203.33, 4839624, 22416
26390, 0, 7278, 7287, 5439, 1349, 0.27%, 0, 324, 51, 218.91, 4840745, 22416
26395, 0, 611, 7287, 5438, 1348, 0.27%, 0, 324, 51, 229.65, 4841895, 22416
26400, 0, 6573, 7287, 5437, 1347, 0.27%, 0, 324, 51, 189.36, 4842345, 22416
26406, 0, 6573, 7289, 5439, 1347, 0.27%, 0, 325, 51, 212.04, 4843186, 22416
26411, 0, 6573, 7292, 5442, 1347, 0.27%, 0, 325, 51, 205.54, 4844223, 22416
26416, 0, 6573, 7294, 5444, 1347, 0.27%, 0, 325, 51, 209.02, 4845313, 22416
26421, 0, 6573, 7295, 5445, 1347, 0.27%, 0, 325, 51, 206.91, 4846336, 22416
26426, 0, 6573, 7296, 5446, 1347, 0.27%, 0, 326, 51, 213.71, 4847196, 22416
26431, 0, 6573, 7297, 5447, 1347, 0.27%, 0, 326, 51, 206.86, 4848263, 22416
26437, 0, 6573, 7297, 5447, 1347, 0.27%, 0, 327, 51, 20.85, 4849244, 22416
26442, 0, 6573, 7297, 5447, 1347, 0.27%, 0, 327, 51, 210.78, 4850300, 22416
26447, 0, 6573, 7297, 5447, 1347, 0.27%, 0, 327, 51, 211.13, 4851360, 22416
26452, 0, 6573, 7297, 5447, 1347, 0.27%, 0, 328, 51, 212.44, 4852213, 22416
26457, 0, 6573, 7298, 5448, 1347, 0.27%, 0, 328, 51, 209.26, 4853264, 22416
26462, 0, 6573, 7298, 5448, 1347, 0.27%, 0, 328, 51, 206.17, 4854296, 22416
26467, 0, 6573, 7298, 5448, 1347, 0.27%, 0, 328, 51, 219.47, 4855411, 22416
26472, 0, 7186, 7298, 5447, 1347, 0.27%, 0, 328, 51, 186.06, 4855836, 22416
26478, 0, 7149, 7298, 5446, 1346, 0.27%, 0, 328, 51, 11.47, 4856497, 22416
26486, 0, 7110, 7300, 5447, 1346, 0.27%, 0, 328, 51, 7.71, 4857518, 22417
26491, 0, 7110, 7305, 5452, 1346, 0.27%, 0, 328, 51, 205.17, 4858583, 22424
26497, 0, 7110, 7307, 5454, 1346, 0.27%, 0, 328, 51, 217.50, 4859729, 22427
26502, 0, 7110, 7307, 5454, 1346, 0.27%, 0, 328, 51, 221.26, 4860841, 22427
26507, 0, 7110, 7310, 5457, 1346, 0.27%, 0, 328, 51, 223.75, 4861970, 22432
26512, 0, 7110, 7311, 5458, 1346, 0.27%, 0, 328, 51, 223.39, 4863105, 22433
26517, 0, 7110, 7311, 5458, 1346, 0.27%, 0, 328, 51, 224.13, 4864233, 22433
26522, 0, 7110, 7311, 5458, 1346, 0.27%, 0, 328, 51, 222.37, 4865345, 22433
26528, 0, 7300, 7311, 5457, 1355, 0.27%, 0, 328, 51, 0.96, 4866094, 22433
26533, 0, 3114, 7311, 5456, 1354, 0.27%, 0, 328, 51, 202.34, 4867195, 22433
26538, 0, 7309, 7311, 5455, 1353, 0.27%, 0, 328, 51, 170.60, 4867572, 22433
26544, 0, 7249, 7311, 5454, 1352, 0.27%, 0, 328, 51, 164.18, 4867996, 22433
26549, 0, 7249, 7311, 5454, 1352, 0.27%, 0, 328, 51, 207.87, 4869132, 22433
26554, 0, 377, 7311, 5453, 1351, 0.27%, 0, 328, 51, 219.98, 4870251, 22433
26561, 0, 7275, 7311, 5452, 1350, 0.27%, 0, 328, 51, 2.55, 4871149, 22433
26566, 0, 7275, 7316, 5457, 1350, 0.27%, 0, 328, 51, 201.39, 4872184, 22433
26571, 0, 7275, 7318, 5459, 1350, 0.27%, 0, 328, 51, 208.62, 4873246, 22433
26576, 0, 7275, 7319, 5460, 1350, 0.27%, 0, 328, 51, 213.00, 4874317, 22433
26581, 0, 7275, 7320, 5461, 1350, 0.27%, 0, 328, 51, 213.27, 4875396, 22433
26586, 0, 7275, 7320, 5461, 1350, 0.27%, 0, 328, 51, 213.58, 4876488, 22433
26591, 0, 7275, 7321, 5462, 1350, 0.27%, 0, 329, 51, 30.58, 4877432, 22433
26596, 0, 7275, 7321, 5462, 1350, 0.27%, 0, 329, 51, 216.82, 4878536, 22433
26602, 0, 7275, 7323, 5464, 1350, 0.27%, 0, 329, 51, 209.60, 4879578, 22433
26607, 0, 7275, 7323, 5464, 1350, 0.27%, 0, 329, 51, 213.10, 4880662, 22433
26612, 0, 7275, 7324, 5465, 1350, 0.27%, 0, 329, 51, 214.04, 4881741, 22434
26617, 0, 7275, 7326, 5467, 1350, 0.27%, 0, 329, 51, 217.87, 4882847, 22434
26622, 0, 7275, 7326, 5467, 1350, 0.27%, 0, 329, 51, 221.56, 4883966, 22434
26628, 0, 7318, 7326, 5466, 1351, 0.27%, 0, 329, 51, 1.60, 4884678, 22434
26633, 0, 5034, 7326, 5465, 1350, 0.27%, 0, 329, 51, 212.99, 4885792, 22434
26638, 0, 7170, 7326, 5464, 1349, 0.27%, 0, 329, 51, 196.81, 4886216, 22434
26644, 0, 7301, 7326, 5463, 1348, 0.27%, 0, 329, 51, 2.19, 4886727, 22434
26650, 0, 7246, 7326, 5462, 1347, 0.27%, 0, 329, 51, 10.49, 4887470, 22434
26657, 0, 7167, 7326, 5461, 1346, 0.27%, 0, 329, 51, 9.68, 4888205, 22434
26665, 0, 7306, 7327, 5461, 1345, 0.27%, 0, 329, 51, 11.44, 4889190, 22434
26671, 0, 6308, 7327, 5460, 1344, 0.27%, 0, 329, 51, 0.32, 4889929, 22434
26677, 0, 1826, 7327, 5459, 1343, 0.27%, 0, 329, 51, 9.88, 4890533, 22434
26683, 0, 5920, 7328, 5459, 1342, 0.27%, 0, 329, 51, 1.61, 4891202, 22434
26689, 0, 5920, 7328, 5459, 1342, 0.27%, 0, 329, 51, 201.91, 4892286, 22434
26694, 0, 5920, 7328, 5459, 1342, 0.27%, 0, 329, 51, 216.89, 4893399, 22434
26701, 0, 7328, 7329, 5459, 1342, 0.27%, 0, 329, 51, 2.84, 4894237, 22440
26706, 0, 6109, 7329, 5457, 1340, 0.27%, 0, 329, 51, 10.93, 4894804, 22440
26713, 0, 6180, 7329, 5456, 1339, 0.27%, 0, 329, 51, 7.07, 4895545, 22440
26718, 0, 1206, 7329, 5455, 1338, 0.27%, 0, 329, 51, 205.76, 4896646, 22440
26723, 0, 4526, 7332, 5457, 1337, 0.27%, 0, 329, 51, 197.10, 4897065, 22446
26728, 0, 4526, 7337, 5462, 1337, 0.27%, 0, 329, 51, 214.95, 4898174, 22451
26733, 0, 4526, 7339, 5464, 1337, 0.27%, 0, 329, 51, 222.09, 4899296, 22454
26739, 0, 4526, 7340, 5465, 1337, 0.27%, 0, 329, 51, 224.32, 4900439, 22455
26744, 0, 4526, 7342, 5467, 1337, 0.27%, 0, 329, 51, 222.75, 4901561, 22457
26749, 0, 4526, 7342, 5467, 1337, 0.27%, 0, 329, 51, 224.19, 4902693, 22457
26754, 0, 4526, 7344, 5469, 1337, 0.27%, 0, 329, 51, 223.05, 4903819, 22459
26759, 0, 4526, 7346, 5471, 1337, 0.27%, 0, 329, 51, 219.92, 4904937, 22461
26764, 0, 4526, 7347, 5472, 1337, 0.27%, 0, 329, 51, 222.40, 4906064, 22464
26769, 0, 4526, 7348, 5473, 1337, 0.27%, 0, 329, 51, 222.25, 4907187, 22465
26774, 0, 4526, 7348, 5473, 1337, 0.27%, 0, 329, 51, 225.05, 4908327, 22465
26779, 0, 4526, 7349, 5474, 1337, 0.27%, 0, 329, 51, 219.03, 4909442, 22467
26785, 0, 7337, 7349, 5473, 1354, 0.27%, 0, 329, 51, 4.03, 4910053, 22467
26793, 0, 7341, 7350, 5472, 1353, 0.27%, 0, 329, 51, 10.28, 4911072, 22468
26799, 0, 7346, 7350, 5471, 1352, 0.27%, 0, 329, 51, 6.51, 4911660, 22468
26805, 0, 7347, 7351, 5471, 1352, 0.27%, 0, 329, 51, 2.84, 4912280, 22469
26811, 0, 7330, 7351, 5470, 1351, 0.27%, 0, 329, 51, 4.02, 4912868, 22469
26818, 0, 7351, 7352, 5470, 1351, 0.27%, 0, 329, 51, 6.75, 4913663, 22471
26823, 0, 2892, 7357, 5474, 1350, 0.27%, 0, 329, 51, 208.01, 4914731, 22476
26828, 0, 2892, 7357, 5474, 1350, 0.27%, 0, 329, 51, 217.03, 4915839, 22476
26833, 0, 2892, 7357, 5474, 1350, 0.27%, 0, 329, 51, 221.84, 4916959, 22476
26838, 0, 2892, 7359, 5476, 1350, 0.27%, 0, 329, 51, 223.43, 4918089, 22480
26843, 0, 2892, 7360, 5477, 1350, 0.27%, 0, 329, 51, 222.53, 4919200, 22481
26848, 0, 2892, 7360, 5477, 1350, 0.27%, 0, 329, 51, 225.40, 4920348, 22481
26853, 0, 2892, 7360, 5477, 1350, 0.27%, 0, 329, 51, 219.18, 4921452, 22481
26860, 0, 7359, 7360, 5476, 1357, 0.27%, 0, 329, 51, 12.71, 4922233, 22481
26867, 0, 7358, 7361, 5475, 1356, 0.27%, 0, 329, 51, 2.21, 4923008, 22482
26873, 0, 7340, 7361, 5474, 1355, 0.27%, 0, 329, 51, 5.58, 4923734, 22482
26879, 0, 7342, 7361, 5473, 1354, 0.27%, 0, 329, 51, 6.69, 4924328, 22482
26885, 0, 7343, 7361, 5472, 1353, 0.27%, 0, 329, 51, 4.94, 4924916, 22482
26891, 0, 2977, 7361, 5471, 1352, 0.27%, 0, 329, 51, 2.21, 4925505, 22482
26899, 0, 6096, 7361, 5470, 1351, 0.27%, 0, 329, 51, 13.93, 4926442, 22482
26904, 0, 4405, 7361, 5469, 1350, 0.27%, 0, 329, 51, 216.62, 4927587, 22482
26910, 0, 3803, 7361, 5468, 1349, 0.27%, 0, 329, 51, 218.76, 4928696, 22482
26915, 0, 3372, 7361, 5467, 1348, 0.27%, 0, 329, 51, 183.55, 4929109, 22482
26920, 0, 1097, 7361, 5466, 1347, 0.27%, 0, 329, 51, 179.10, 4929502, 22482
26927, 0, 6036, 7361, 5465, 1346, 0.27%, 0, 329, 51, 3.12, 4930507, 22482
26934, 0, 1104, 7361, 5464, 1345, 0.27%, 0, 329, 51, 7.01, 4931231, 22482
26939, 0, 1104, 7361, 5464, 1345, 0.27%, 0, 329, 51, 177.49, 4932158, 22482
26947, 0, 4142, 7361, 5463, 1344, 0.27%, 0, 329, 51, 13.04, 4933151, 22482
26953, 0, 1516, 7361, 5462, 1343, 0.27%, 0, 329, 51, 4.96, 4933877, 22482
26961, 0, 6178, 7361, 5461, 1342, 0.27%, 0, 329, 51, 12.48, 4934857, 22482
26968, 0, 118, 7361, 5460, 1341, 0.27%, 0, 329, 51, 5.84, 4935586, 22482
26975, 0, 6395, 7361, 5459, 1340, 0.27%, 0, 329, 51, 4.91, 4936580, 22482
26982, 0, 5859, 7361, 5458, 1339, 0.27%, 0, 329, 51, 7.55, 4937309, 22482
26988, 0, 3891, 7361, 5457, 1338, 0.27%, 0, 329, 51, 5.88, 4938033, 22482
26995, 0, 3568, 7361, 5456, 1337, 0.27%, 0, 329, 51, 9.16, 4938763, 22482
27000, 0, 3568, 7363, 5458, 1337, 0.27%, 0, 329, 51, 206.55, 4939845, 22485
27005, 0, 7362, 7363, 5457, 1337, 0.27%, 0, 329, 51, 2.14, 4940263, 22485
27012, 0, 378, 7363, 5455, 1335, 0.27%, 0, 329, 51, 11.42, 4941004, 22485
27019, 0, 4957, 7363, 5454, 1334, 0.27%, 0, 329, 51, 4.86, 4941808, 22485
27026, 0, 7364, 7365, 5455, 1335, 0.27%, 0, 329, 51, 13.10, 4942641, 22488
27033, 0, 7363, 7365, 5453, 1333, 0.27%, 0, 329, 51, 9.67, 4943382, 22488
27040, 0, 3292, 7365, 5452, 1332, 0.27%, 0, 329, 51, 6.78, 4944118, 22488
27046, 0, 691, 7366, 5452, 1332, 0.27%, 0, 329, 51, 8.62, 4944882, 22489
27054, 0, 5303, 7366, 5451, 1331, 0.27%, 0, 329, 51, 10.51, 4945825, 22489
27061, 0, 3061, 7366, 5450, 1330, 0.27%, 0, 329, 51, 5.67, 4946550, 22489
27066, 0, 3683, 7367, 5450, 1329, 0.27%, 0, 329, 51, 215.74, 4947681, 22490
27071, 0, 2882, 7367, 5449, 1329, 0.27%, 0, 329, 51, 0.95, 4948150, 22490
27078, 0, 267, 7367, 5448, 1328, 0.27%, 0, 329, 51, 10.14, 4948893, 22490
27083, 0, 267, 7367, 5448, 1328, 0.27%, 0, 329, 51, 215.21, 4950035, 22490
27088, 0, 5963, 7368, 5448, 1327, 0.27%, 0, 329, 51, 220.07, 4951160, 22491
27093, 0, 4554, 7368, 5446, 1326, 0.27%, 0, 329, 51, 167.35, 4951543, 22491
27098, 0, 7332, 7368, 5445, 1325, 0.27%, 0, 329, 51, 12.03, 4951995, 22491
27104, 0, 3742, 7368, 5444, 1324, 0.27%, 0, 329, 51, 1.22, 4952589, 22491
27111, 0, 3655, 7368, 5443, 1323, 0.27%, 0, 329, 51, 10.12, 4953319, 22491
27118, 0, 6010, 7368, 5442, 1322, 0.27%, 0, 329, 51, 11.50, 4954044, 22491
27123, 0, 6010, 7368, 5442, 1322, 0.27%, 0, 329, 51, 198.68, 4955115, 22491
27128, 0, 68, 7368, 5441, 1321, 0.27%, 0, 329, 51, 209.22, 4956224, 22491
27135, 0, 6349, 7368, 5440, 1320, 0.27%, 0, 329, 51, 9.78, 4957020, 22491
27140, 0, 3672, 7369, 5440, 1319, 0.27%, 0, 329, 51, 207.74, 4958134, 22492
27146, 0, 7368, 7369, 5439, 1319, 0.27%, 0, 329, 51, 5.80, 4958727, 22492
27153, 0, 6545, 7369, 5437, 1317, 0.27%, 0, 329, 51, 0.94, 4959529, 22492
27159, 0, 6988, 7369, 5436, 1316, 0.27%, 0, 329, 51, 1.58, 4960114, 22492
27164, 0, 6988, 7376, 5443, 1316, 0.27%, 0, 330, 51, 127.32, 4960690, 22492
27169, 0, 6988, 7378, 5445, 1316, 0.27%, 0, 331, 51, 190.80, 4961365, 22492
27174, 0, 6988, 7378, 5445, 1316, 0.27%, 0, 331, 51, 173.31, 4962199, 22492
27179, 0, 6988, 7380, 5447, 1316, 0.27%, 0, 331, 51, 168.95, 4963047, 22493
27185, 0, 6988, 7380, 5447, 1316, 0.27%, 0, 332, 51, 159.16, 4963729, 22493
27190, 0, 6988, 7380, 5447, 1316, 0.27%, 0, 333, 51, 171.94, 4964420, 22493
27195, 0, 6988, 7381, 5448, 1316, 0.27%, 0, 333, 51, 172.66, 4965282, 22493
27200, 0, 6988, 7381, 5448, 1316, 0.27%, 0, 333, 51, 176.97, 4966167, 22493
27205, 0, 6988, 7382, 5449, 1316, 0.27%, 0, 333, 51, 170.08, 4967002, 22493
27210, 0, 6988, 7382, 5449, 1316, 0.27%, 0, 334, 51, 195.98, 4967738, 22493
27215, 0, 6988, 7384, 5451, 1316, 0.27%, 0, 335, 51, 163.35, 4968431, 22493
27220, 0, 6988, 7385, 5452, 1316, 0.27%, 0, 335, 51, 170.26, 4969320, 22493
27225, 0, 6988, 7387, 5454, 1316, 0.27%, 0, 335, 51, 169.19, 4970162, 22494
27230, 0, 6988, 7387, 5454, 1316, 0.27%, 0, 335, 51, 180.72, 4971068, 22494
27235, 0, 6988, 7387, 5454, 1316, 0.27%, 0, 335, 51, 182.34, 4971989, 22494
27243, 0, 7379, 7387, 5453, 1318, 0.27%, 0, 335, 51, 4.25, 4972964, 22494
27250, 0, 4356, 7387, 5451, 1316, 0.27%, 0, 335, 51, 4.02, 4973722, 22494
27255, 0, 4356, 7389, 5453, 1316, 0.27%, 0, 335, 51, 203.83, 4974755, 22494
27260, 0, 4356, 7390, 5454, 1316, 0.27%, 0, 335, 51, 216.09, 4975854, 22495
27265, 0, 4356, 7391, 5455, 1316, 0.27%, 0, 335, 51, 217.95, 4976953, 22495
27270, 0, 4356, 7391, 5455, 1316, 0.27%, 0, 335, 51, 219.62, 4978065, 22495
27275, 0, 4356, 7391, 5455, 1316, 0.27%, 0, 335, 51, 222.85, 4979193, 22495
27280, 0, 4356, 7391, 5455, 1316, 0.27%, 0, 335, 51, 222.90, 4980325, 22495
27285, 0, 4356, 7391, 5455, 1316, 0.27%, 0, 335, 51, 221.12, 4981445, 22495
27290, 0, 4356, 7391, 5455, 1316, 0.27%, 0, 335, 51, 222.83, 4982573, 22495
27296, 0, 4356, 7391, 5455, 1316, 0.27%, 0, 335, 51, 223.90, 4983713, 22495
27301, 0, 4356, 7391, 5455, 1316, 0.27%, 0, 335, 51, 219.26, 4984821, 22495
27306, 0, 4356, 7391, 5455, 1316, 0.27%, 0, 335, 51, 223.56, 4985967, 22495
27311, 0, 4356, 7391, 5455, 1316, 0.27%, 0, 335, 51, 225.15, 4987103, 22495
27316, 0, 6252, 7391, 5454, 1316, 0.27%, 0, 335, 51, 169.20, 4987487, 22495
27321, 0, 6252, 7391, 5454, 1316, 0.27%, 0, 335, 51, 204.59, 4988531, 22495
27326, 0, 5206, 7391, 5453, 1315, 0.27%, 0, 335, 51, 216.48, 4989634, 22495
27333, 0, 7344, 7391, 5452, 1314, 0.27%, 0, 335, 51, 3.09, 4990419, 22495
27339, 0, 7048, 7391, 5451, 1313, 0.27%, 0, 335, 51, 11.43, 4991018, 22495
27344, 0, 3786, 7392, 5451, 1312, 0.27%, 0, 335, 51, 212.84, 4992101, 22496
27350, 0, 5129, 7392, 5450, 1312, 0.27%, 0, 335, 51, 8.13, 4992734, 22496
27355, 0, 5129, 7393, 5451, 1312, 0.27%, 0, 335, 51, 193.10, 4993747, 22496
27360, 0, 3552, 7393, 5450, 1311, 0.27%, 0, 335, 51, 216.22, 4994892, 22496
27366, 0, 5364, 7393, 5449, 1310, 0.27%, 0, 335, 51, 11.27, 4995435, 22496
27371, 0, 5364, 7394, 5450, 1310, 0.27%, 0, 335, 51, 214.90, 4996568, 22497
27376, 0, 6674, 7394, 5449, 1310, 0.27%, 0, 335, 51, 180.00, 4996979, 22497
27382, 0, 1959, 7394, 5448, 1309, 0.27%, 0, 335, 51, 2.20, 4997669, 22497
27388, 0, 6286, 7394, 5447, 1308, 0.27%, 0, 335, 51, 12.16, 4998293, 22497
27396, 0, 6519, 7394, 5446, 1307, 0.27%, 0, 335, 51, 6.98, 4999269, 22497
27403, 0, 2624, 7394, 5445, 1306, 0.27%, 0, 335, 51, 4.97, 4999998, 22497
27409, 0, 2634, 7394, 5444, 1305, 0.27%, 0, 335, 51, 4.63, 5000739, 22497
27416, 0, 6056, 7394, 5443, 1304, 0.27%, 0, 335, 51, 12.90, 5001481, 22497
27422, 0, 3257, 7394, 5442, 1303, 0.27%, 0, 335, 51, 8.14, 5002210, 22497
27429, 0, 3999, 7394, 5441, 1302, 0.27%, 0, 335, 51, 10.56, 5002949, 22497
27436, 0, 1361, 7394, 5440, 1301, 0.27%, 0, 335, 51, 9.40, 5003675, 22497
27441, 0, 1361, 7394, 5440, 1301, 0.27%, 0, 335, 51, 200.71, 5004751, 22497
27446, 0, 4661, 7394, 5439, 1300, 0.27%, 0, 335, 51, 180.51, 5005144, 22497
27452, 0, 6140, 7394, 5438, 1299, 0.27%, 0, 335, 51, 9.77, 5005772, 22497
27460, 0, 4814, 7395, 5438, 1298, 0.27%, 0, 335, 51, 10.23, 5006756, 22497
27465, 0, 4814, 7395, 5438, 1298, 0.27%, 0, 335, 51, 214.77, 5007845, 22497
27470, 0, 2963, 7395, 5437, 1297, 0.27%, 0, 335, 51, 218.40, 5008962, 22497
27476, 0, 7310, 7395, 5436, 1296, 0.27%, 0, 335, 51, 2.81, 5009517, 22497
27482, 0, 424, 7395, 5435, 1295, 0.27%, 0, 335, 51, 0.31, 5010259, 22497
27489, 0, 6515, 7395, 5434, 1294, 0.27%, 0, 335, 51, 9.49, 5011025, 22497
27496, 0, 5982, 7395, 5433, 1293, 0.27%, 0, 335, 51, 4.93, 5011748, 22497
27501, 0, 5678, 7395, 5432, 1292, 0.27%, 0, 335, 51, 210.23, 5012846, 22497
27506, 0, 5014, 7395, 5431, 1291, 0.27%, 0, 335, 51, 195.00, 5013229, 22497
27511, 0, 5014, 7395, 5431, 1291, 0.27%, 0, 335, 51, 213.84, 5014330, 22497
27516, 0, 5273, 7395, 5430, 1290, 0.27%, 0, 335, 51, 217.59, 5015425, 22497
27522, 0, 7130, 7395, 5429, 1289, 0.27%, 0, 335, 51, 12.45, 5016072, 22497
27527, 0, 7130, 7395, 5429, 1289, 0.27%, 0, 335, 51, 200.10, 5017150, 22497
27532, 0, 4813, 7395, 5428, 1288, 0.27%, 0, 335, 51, 217.20, 5018265, 22497
27540, 0, 5308, 7395, 5427, 1287, 0.27%, 0, 335, 51, 7.50, 5019309, 22497
27545, 0, 6145, 7396, 5427, 1286, 0.27%, 0, 335, 51, 207.42, 5020370, 22498
27551, 0, 7395, 7396, 5426, 1286, 0.27%, 0, 335, 51, 11.37, 5021015, 22498
27558, 0, 6274, 7396, 5424, 1284, 0.27%, 0, 335, 51, 9.24, 5021754, 22498
27564, 0, 6896, 7396, 5423, 1283, 0.27%, 0, 335, 51, 5.72, 5022480, 22498
27570, 0, 6613, 7396, 5422, 1282, 0.27%, 0, 335, 51, 212.77, 5023601, 22498
27575, 0, 2377, 7396, 5421, 1281, 0.27%, 0, 335, 51, 184.77, 5024015, 22498
27580, 0, 3381, 7396, 5420, 1280, 0.27%, 0, 335, 51, 4.02, 5024566, 22498
27586, 0, 1444, 7396, 5419, 1279, 0.27%, 0, 335, 51, 13.10, 5025162, 22498
27591, 0, 1444, 7396, 5419, 1279, 0.27%, 0, 335, 51, 167.32, 5026029, 22498
27600, 0, 6863, 7396, 5418, 1278, 0.27%, 0, 335, 51, 12.70, 5027145, 22498
27607, 0, 919, 7397, 5418, 1278, 0.27%, 0, 335, 51, 4.96, 5027909, 22499
27613, 0, 2035, 7397, 5417, 1277, 0.27%, 0, 335, 51, 7.31, 5028720, 22499
27619, 0, 6273, 7397, 5416, 1276, 0.27%, 0, 335, 51, 1.58, 5029345, 22499
27625, 0, 6323, 7398, 5416, 1275, 0.27%, 0, 335, 51, 201.31, 5030423, 22500
27631, 0, 3328, 7399, 5416, 1276, 0.27%, 0, 335, 51, 8.18, 5031102, 22501
27637, 0, 6889, 7399, 5415, 1275, 0.27%, 0, 335, 51, 9.71, 5031824, 22501
27644, 0, 6782, 7400, 5415, 1275, 0.27%, 0, 335, 51, 1.25, 5032590, 22502
27651, 0, 7400, 7401, 5415, 1275, 0.27%, 0, 335, 51, 13.65, 5033387, 22503
27658, 0, 1196, 7401, 5413, 1273, 0.27%, 0, 335, 51, 12.54, 5034124, 22503
27665, 0, 5689, 7401, 5412, 1272, 0.27%, 0, 335, 51, 0.63, 5035086, 22503
27673, 0, 7401, 7404, 5414, 1274, 0.27%, 0, 335, 51, 5.76, 5036046, 22506
27678, 0, 7013, 7407, 5416, 1273, 0.27%, 0, 335, 51, 163.07, 5036875, 22506
27683, 0, 7013, 7408, 5417, 1273, 0.27%, 0, 335, 51, 179.22, 5037812, 22506
27688, 0, 7013, 7408, 5417, 1273, 0.27%, 0, 335, 51, 183.64, 5038752, 22506
27693, 0, 7013, 7408, 5417, 1273, 0.27%, 0, 335, 51, 179.98, 5039655, 22506
27698, 0, 7013, 7408, 5417, 1273, 0.27%, 0, 335, 51, 186.88, 5040591, 22506
27703, 0, 7013, 7410, 5419, 1273, 0.27%, 0, 335, 51, 185.26, 5041532, 22508
27709, 0, 7013, 7411, 5420, 1273, 0.27%, 0, 335, 51, 188.62, 5042481, 22508
27714, 0, 7013, 7412, 5421, 1273, 0.27%, 0, 335, 51, 183.89, 5043394, 22509
27719, 0, 7013, 7412, 5421, 1273, 0.27%, 0, 335, 51, 185.90, 5044363, 22509
27724, 0, 7013, 7414, 5423, 1273, 0.27%, 0, 335, 51, 181.98, 5045253, 22510
27729, 0, 7013, 7414, 5423, 1273, 0.27%, 0, 335, 51, 192.75, 5046228, 22510
27734, 0, 7013, 7415, 5424, 1273, 0.27%, 0, 335, 51, 188.64, 5047162, 22510
27739, 0, 7013, 7415, 5424, 1273, 0.27%, 0, 335, 51, 189.65, 5048101, 22510
27746, 0, 7403, 7415, 5423, 1275, 0.27%, 0, 335, 51, 2.94, 5048872, 22510
27752, 0, 7408, 7415, 5422, 1274, 0.27%, 0, 335, 51, 11.05, 5049622, 22510
27760, 0, 7412, 7415, 5420, 1272, 0.27%, 0, 335, 51, 4.01, 5050617, 22510
27765, 0, 7412, 7423, 5428, 1272, 0.27%, 0, 335, 51, 132.04, 5051335, 22510
27770, 0, 7412, 7425, 5430, 1272, 0.27%, 0, 336, 51, 139.68, 5051954, 22510
27775, 0, 7412, 7427, 5432, 1272, 0.27%, 0, 336, 51, 142.47, 5052687, 22510
27781, 0, 7412, 7428, 5433, 1272, 0.27%, 0, 336, 51, 147.57, 5053416, 22510
27786, 0, 7412, 7429, 5434, 1272, 0.27%, 0, 337, 51, 165.08, 5054096, 22510
27791, 0, 7412, 7434, 5439, 1272, 0.27%, 0, 337, 51, 150.30, 5054843, 22512
27796, 0, 7412, 7435, 5440, 1272, 0.27%, 0, 337, 51, 155.37, 5055623, 22512
27801, 0, 7412, 7438, 5443, 1272, 0.27%, 0, 337, 51, 153.17, 5056376, 22514
27806, 0, 7412, 7440, 5445, 1272, 0.27%, 0, 337, 51, 145.75, 5057091, 22514
27811, 0, 7412, 7440, 5445, 1272, 0.27%, 0, 337, 51, 166.72, 5057969, 22514
27816, 0, 7412, 7440, 5445, 1272, 0.27%, 0, 337, 51, 153.54, 5058744, 22514
27821, 0, 7412, 7442, 5447, 1272, 0.27%, 0, 337, 51, 158.10, 5059553, 22514
27827, 0, 7412, 7443, 5448, 1272, 0.27%, 0, 337, 51, 160.93, 5060388, 22514
27832, 0, 7412, 7443, 5448, 1272, 0.27%, 0, 337, 51, 155.10, 5061158, 22514
27837, 0, 7412, 7444, 5449, 1272, 0.27%, 0, 337, 51, 151.46, 5061903, 22514
27842, 0, 7412, 7445, 5450, 1272, 0.27%, 0, 337, 51, 146.39, 5062647, 22514
27849, 0, 7433, 7446, 5450, 1275, 0.27%, 0, 337, 51, 3.86, 5063562, 22514
27856, 0, 7430, 7446, 5448, 1273, 0.27%, 0, 337, 51, 13.34, 5064321, 22514
27861, 0, 7430, 7448, 5450, 1273, 0.27%, 0, 337, 51, 183.89, 5065356, 22521
27867, 0, 7430, 7449, 5451, 1273, 0.27%, 0, 337, 51, 200.86, 5066440, 22521
27872, 0, 7430, 7449, 5451, 1273, 0.27%, 0, 337, 51, 212.91, 5067550, 22521
27877, 0, 7430, 7450, 5452, 1273, 0.27%, 0, 337, 51, 219.11, 5068665, 22521
27882, 0, 7430, 7452, 5454, 1273, 0.27%, 0, 337, 51, 215.20, 5069739, 22521
27887, 0, 7430, 7453, 5455, 1273, 0.27%, 0, 337, 51, 209.15, 5070826, 22521
27892, 0, 7430, 7454, 5456, 1273, 0.27%, 0, 337, 51, 217.13, 5071925, 22523
27897, 0, 7430, 7454, 5456, 1273, 0.27%, 0, 337, 51, 217.47, 5073025, 22523
27902, 0, 7430, 7456, 5458, 1273, 0.27%, 0, 337, 51, 218.69, 5074139, 22525
27908, 0, 2171, 7456, 5456, 1273, 0.27%, 0, 337, 51, 92.56, 5074500, 22525
27913, 0, 7414, 7456, 5455, 1272, 0.27%, 0, 337, 51, 3.09, 5075089, 22525
27919, 0, 7414, 7458, 5457, 1272, 0.27%, 0, 337, 51, 216.71, 5076188, 22525
27924, 0, 4198, 7458, 5456, 1271, 0.27%, 0, 337, 51, 218.08, 5077311, 22525
27929, 0, 7453, 7458, 5455, 1270, 0.27%, 0, 337, 51, 208.67, 5077688, 22525
27934, 0, 7386, 7458, 5454, 1269, 0.27%, 0, 337, 51, 12.35, 5078083, 22525
27939, 0, 7386, 7459, 5455, 1269, 0.27%, 0, 338, 51, 126.71, 5078670, 22525
27944, 0, 7458, 7459, 5454, 1269, 0.27%, 0, 338, 51, 3.09, 5079084, 22525
27949, 0, 7404, 7459, 5453, 1268, 0.27%, 0, 338, 51, 189.12, 5080148, 22525
27955, 0, 6941, 7460, 5453, 1268, 0.27%, 0, 338, 51, 6.66, 5080813, 22526
27962, 0, 2626, 7460, 5452, 1267, 0.27%, 0, 338, 51, 11.31, 5081553, 22526
27967, 0, 4961, 7460, 5451, 1266, 0.27%, 0, 338, 51, 202.35, 5082662, 22526
27972, 0, 7460, 7461, 5451, 1265, 0.27%, 0, 338, 51, 5.76, 5083075, 22527
27980, 0, 6842, 7461, 5449, 1263, 0.27%, 0, 338, 51, 0.94, 5084074, 22527
27985, 0, 5686, 7462, 5449, 1262, 0.27%, 0, 338, 51, 210.95, 5085182, 22528
27991, 0, 2294, 7462, 5448, 1262, 0.27%, 0, 338, 51, 3.40, 5085779, 22528
27996, 0, 2294, 7463, 5449, 1262, 0.27%, 0, 339, 51, 213.53, 5086628, 22528
28001, 0, 2294, 7467, 5453, 1262, 0.27%, 0, 339, 51, 208.19, 5087688, 22529
28007, 0, 2294, 7467, 5453, 1262, 0.27%, 0, 339, 51, 213.16, 5088792, 22529
28012, 0, 2294, 7468, 5454, 1262, 0.27%, 0, 339, 51, 213.64, 5089895, 22529
28017, 0, 2294, 7468, 5454, 1262, 0.27%, 0, 339, 51, 213.01, 5090991, 22529
28022, 0, 2294, 7468, 5454, 1262, 0.27%, 0, 339, 51, 212.78, 5092087, 22529
28027, 0, 2294, 7468, 5454, 1262, 0.27%, 0, 339, 51, 215.51, 5093199, 22529
28032, 0, 2294, 7468, 5454, 1262, 0.27%, 0, 339, 51, 214.01, 5094303, 22529
28038, 0, 2294, 7468, 5454, 1262, 0.27%, 0, 339, 51, 214.94, 5095407, 22529
28043, 0, 2294, 7468, 5454, 1262, 0.27%, 0, 339, 51, 221.03, 5096526, 22529
28048, 0, 5387, 7469, 5453, 1261, 0.27%, 0, 339, 51, 201.07, 5096900, 22530
28054, 0, 7468, 7469, 5452, 1260, 0.27%, 0, 339, 51, 6.26, 5097459, 22530
28060, 0, 7467, 7469, 5450, 1258, 0.27%, 0, 339, 51, 1.24, 5098215, 22530
28065, 0, 7467, 7469, 5450, 1258, 0.27%, 0, 339, 51, 211.59, 5099330, 22530
28072, 0, 5162, 7469, 5449, 1257, 0.27%, 0, 339, 51, 9.24, 5100008, 22530
28078, 0, 3346, 7469, 5448, 1256, 0.27%, 0, 339, 51, 10.37, 5100745, 22530
28085, 0, 1345, 7469, 5447, 1255, 0.27%, 0, 339, 51, 6.91, 5101474, 22530
28091, 0, 6870, 7469, 5446, 1254, 0.27%, 0, 339, 51, 3.10, 5102155, 22530
28098, 0, 410, 7469, 5445, 1253, 0.27%, 0, 339, 51, 9.57, 5102883, 22530
28105, 0, 7319, 7469, 5444, 1252, 0.27%, 0, 339, 51, 10.39, 5103705, 22530
28110, 0, 7319, 7473, 5448, 1252, 0.27%, 0, 339, 51, 196.01, 5104709, 22532
28116, 0, 7319, 7476, 5451, 1252, 0.27%, 0, 340, 51, 11.71, 5105687, 22532
28121, 0, 7319, 7478, 5453, 1252, 0.27%, 0, 340, 51, 215.39, 5106765, 22532
28126, 0, 7319, 7479, 5454, 1252, 0.27%, 0, 340, 51, 216.96, 5107864, 22532
28131, 0, 7319, 7482, 5457, 1252, 0.27%, 0, 340, 51, 212.85, 5108897, 22534
28136, 0, 7319, 7484, 5459, 1252, 0.27%, 0, 340, 51, 209.46, 5109939, 22534
28141, 0, 7319, 7485, 5460, 1252, 0.27%, 0, 340, 51, 215.03, 5111026, 22534
28146, 0, 7319, 7485, 5460, 1252, 0.27%, 0, 340, 51, 215.21, 5112138, 22534
28152, 0, 7319, 7485, 5460, 1252, 0.27%, 0, 341, 51, 24.72, 5113135, 22534
28157, 0, 7319, 7487, 5462, 1252, 0.27%, 0, 341, 51, 215.07, 5114253, 22537
28162, 0, 7319, 7487, 5462, 1252, 0.27%, 0, 342, 51, 219.83, 5115130, 22537
28167, 0, 7319, 7489, 5464, 1252, 0.27%, 0, 342, 51, 213.98, 5116199, 22538
28176, 0, 7481, 7489, 5463, 1257, 0.27%, 0, 342, 51, 0.29, 5117271, 22538
28181, 0, 6448, 7491, 5463, 1255, 0.27%, 0, 342, 51, 194.36, 5118333, 22540
28186, 0, 6448, 7492, 5464, 1255, 0.27%, 0, 342, 51, 213.10, 5119424, 22542
28191, 0, 6448, 7493, 5465, 1255, 0.27%, 0, 342, 51, 217.92, 5120543, 22543
28196, 0, 6448, 7493, 5465, 1255, 0.27%, 0, 342, 51, 221.15, 5121663, 22543
28203, 0, 7492, 7493, 5464, 1258, 0.27%, 0, 342, 51, 11.04, 5122536, 22543
28210, 0, 7482, 7493, 5462, 1256, 0.27%, 0, 342, 51, 1.23, 5123279, 22543
28215, 0, 7482, 7496, 5465, 1256, 0.27%, 0, 342, 51, 205.03, 5124344, 22543
28220, 0, 7482, 7497, 5466, 1256, 0.27%, 0, 342, 51, 212.65, 5125455, 22543
28225, 0, 7482, 7498, 5467, 1256, 0.27%, 0, 342, 51, 215.65, 5126554, 22543
28230, 0, 7482, 7498, 5467, 1256, 0.27%, 0, 342, 51, 213.83, 5127626, 22543
28235, 0, 7482, 7498, 5467, 1256, 0.27%, 0, 342, 51, 218.36, 5128730, 22543
28240, 0, 7482, 7498, 5467, 1256, 0.27%, 0, 342, 51, 222.53, 5129850, 22543
28245, 0, 7482, 7499, 5468, 1256, 0.27%, 0, 342, 51, 219.39, 5130945, 22543
28250, 0, 7482, 7499, 5468, 1256, 0.27%, 0, 342, 51, 221.29, 5132070, 22543
28255, 0, 7482, 7499, 5468, 1256, 0.27%, 0, 342, 51, 223.36, 5133191, 22543
28261, 0, 6406, 7499, 5466, 1256, 0.27%, 0, 342, 51, 198.55, 5133568, 22543
28266, 0, 7498, 7500, 5466, 1255, 0.27%, 0, 342, 51, 4.56, 5134031, 22543
28271, 0, 7498, 7501, 5467, 1255, 0.27%, 0, 344, 51, 30.40, 5134712, 22543
28276, 0, 7498, 7501, 5467, 1255, 0.27%, 0, 344, 51, 219.57, 5135808, 22543
28281, 0, 7498, 7503, 5469, 1255, 0.27%, 0, 344, 51, 216.52, 5136886, 22544
28287, 0, 7498, 7503, 5469, 1255, 0.27%, 0, 344, 51, 215.94, 5137970, 22544
28292, 0, 7498, 7504, 5470, 1255, 0.27%, 0, 344, 51, 211.59, 5139025, 22544
28297, 0, 7498, 7504, 5470, 1255, 0.27%, 0, 344, 51, 215.96, 5140129, 22544
28302, 0, 7498, 7505, 5471, 1255, 0.27%, 0, 344, 51, 213.32, 5141200, 22544
28307, 0, 7498, 7505, 5471, 1255, 0.27%, 0, 345, 51, 214.86, 5142081, 22544
28312, 0, 7498, 7505, 5471, 1255, 0.27%, 0, 345, 51, 218.50, 5143189, 22544
28319, 0, 7500, 7505, 5470, 1256, 0.27%, 0, 345, 51, 9.45, 5143968, 22544
28327, 0, 7505, 7506, 5469, 1255, 0.27%, 0, 345, 51, 0.93, 5144977, 22544
28333, 0, 2704, 7506, 5467, 1253, 0.27%, 0, 345, 51, 10.36, 5145726, 22544
28339, 0, 3942, 7506, 5466, 1252, 0.27%, 0, 345, 51, 11.07, 5146331, 22544
28345, 0, 3942, 7506, 5466, 1252, 0.27%, 0, 345, 51, 210.20, 5147434, 22544
28350, 0, 3929, 7506, 5465, 1251, 0.27%, 0, 345, 51, 212.67, 5148565, 22544
28356, 0, 7501, 7506, 5464, 1250, 0.27%, 0, 345, 51, 0.92, 5149220, 22544
28361, 0, 7501, 7506, 5464, 1250, 0.27%, 0, 345, 51, 192.69, 5150305, 22544
28366, 0, 7501, 7506, 5464, 1250, 0.27%, 0, 345, 51, 214.60, 5151414, 22544
28373, 0, 7491, 7506, 5463, 1249, 0.27%, 0, 345, 51, 6.28, 5152120, 22544
28379, 0, 7486, 7506, 5462, 1248, 0.27%, 0, 345, 51, 9.29, 5152854, 22544
28384, 0, 7486, 7510, 5466, 1248, 0.27%, 0, 345, 51, 201.41, 5153927, 22545
28389, 0, 7486, 7510, 5466, 1248, 0.27%, 0, 345, 51, 214.84, 5155027, 22545
28394, 0, 7486, 7511, 5467, 1248, 0.27%, 0, 345, 51, 219.55, 5156146, 22545
28399, 0, 7486, 7513, 5469, 1248, 0.27%, 0, 345, 51, 216.93, 5157232, 22545
28405, 0, 7486, 7514, 5470, 1248, 0.27%, 0, 345, 51, 220.00, 5158379, 22545
28410, 0, 7486, 7514, 5470, 1248, 0.27%, 0, 345, 51, 216.75, 5159487, 22545
28415, 0, 7486, 7514, 5470, 1248, 0.27%, 0, 346, 51, 221.27, 5160400, 22545
28420, 0, 7486, 7514, 5470, 1248, 0.27%, 0, 346, 51, 221.80, 5161520, 22545
28425, 0, 7486, 7514, 5470, 1248, 0.27%, 0, 346, 51, 222.19, 5162648, 22545
28430, 0, 7486, 7515, 5471, 1248, 0.27%, 0, 346, 51, 216.25, 5163747, 22546
28435, 0, 7486, 7515, 5471, 1248, 0.27%, 0, 346, 51, 220.35, 5164867, 22546
28440, 0, 7486, 7515, 5471, 1248, 0.27%, 0, 346, 51, 221.48, 5165986, 22546
28445, 0, 6295, 7515, 5469, 1247, 0.27%, 0, 346, 51, 186.27, 5166384, 22546
28453, 0, 7508, 7515, 5468, 1246, 0.27%, 0, 346, 51, 2.15, 5167355, 22546
28460, 0, 7034, 7515, 5467, 1245, 0.27%, 0, 346, 51, 7.93, 5168098, 22546
28465, 0, 7034, 7518, 5470, 1245, 0.27%, 0, 346, 51, 195.84, 5169079, 22548
28470, 0, 7034, 7519, 5471, 1245, 0.27%, 0, 346, 51, 203.23, 5170141, 22549
28475, 0, 7034, 7520, 5472, 1245, 0.27%, 0, 346, 51, 211.25, 5171228, 22550
28480, 0, 7034, 7521, 5473, 1245, 0.27%, 0, 346, 51, 222.45, 5172363, 22550
28485, 0, 7034, 7523, 5475, 1245, 0.27%, 0, 346, 51, 219.76, 5173469, 22551
28490, 0, 7034, 7524, 5476, 1245, 0.27%, 0, 346, 51, 220.56, 5174580, 22553
28495, 0, 7034, 7524, 5476, 1245, 0.27%, 0, 346, 51, 223.18, 5175716, 22553
28500, 0, 7034, 7524, 5476, 1245, 0.27%, 0, 346, 51, 218.68, 5176800, 22553
28505, 0, 7034, 7524, 5476, 1245, 0.27%, 0, 346, 51, 221.08, 5177924, 22553
28510, 0, 7034, 7525, 5477, 1245, 0.27%, 0, 346, 51, 222.01, 5179043, 22554
28515, 0, 7034, 7526, 5478, 1245, 0.27%, 0, 346, 51, 223.24, 5180178, 22554
28520, 0, 7034, 7526, 5478, 1245, 0.27%, 0, 346, 51, 224.11, 5181309, 22554
28525, 0, 6891, 7526, 5476, 1249, 0.27%, 0, 346, 51, 182.17, 5181722, 22554
28533, 0, 7524, 7527, 5476, 1248, 0.27%, 0, 346, 51, 10.82, 5182604, 22554
28541, 0, 7518, 7528, 5476, 1248, 0.27%, 0, 346, 51, 5.76, 5183603, 22555
28546, 0, 7518, 7532, 5480, 1248, 0.27%, 0, 346, 51, 191.69, 5184292, 22555
28551, 0, 7518, 7535, 5483, 1248, 0.27%, 0, 346, 51, 184.23, 5185202, 22555
28556, 0, 7518, 7537, 5485, 1248, 0.27%, 0, 346, 51, 189.48, 5186146, 22561
28561, 0, 7518, 7543, 5491, 1248, 0.27%, 0, 346, 51, 174.51, 5187034, 22561
28566, 0, 7518, 7543, 5491, 1248, 0.27%, 0, 346, 51, 186.54, 5187979, 22561
28571, 0, 7518, 7544, 5492, 1248, 0.27%, 0, 346, 51, 180.57, 5188877, 22566
28576, 0, 7518, 7546, 5494, 1248, 0.27%, 0, 347, 51, 174.54, 5189601, 22568
28581, 0, 7518, 7548, 5496, 1248, 0.27%, 0, 347, 51, 182.40, 5190557, 22568
28587, 0, 7518, 7550, 5498, 1248, 0.27%, 0, 347, 51, 183.64, 5191483, 22568
28592, 0, 7518, 7552, 5500, 1248, 0.27%, 0, 347, 51, 177.24, 5192362, 22587
28597, 0, 7518, 7554, 5502, 1248, 0.27%, 0, 348, 51, 34.15, 5193232, 22587
28603, 0, 7518, 7554, 5502, 1248, 0.27%, 0, 348, 51, 183.09, 5194192, 22587
28608, 0, 7518, 7555, 5503, 1248, 0.27%, 0, 348, 51, 189.87, 5195138, 22587
28613, 0, 7518, 7555, 5503, 1248, 0.27%, 0, 348, 51, 207.12, 5196209, 22587
28621, 0, 7551, 7555, 5502, 1250, 0.27%, 0, 348, 51, 5.07, 5197220, 22587
28627, 0, 7543, 7555, 5500, 1248, 0.27%, 0, 348, 51, 6.02, 5198051, 22587
28632, 0, 7543, 7558, 5503, 1248, 0.27%, 0, 348, 51, 137.91, 5198789, 22587
28637, 0, 7543, 7560, 5505, 1248, 0.27%, 0, 348, 51, 164.71, 5199487, 22587
28643, 0, 7543, 7561, 5506, 1248, 0.27%, 0, 349, 51, 161.36, 5200173, 22587
28648, 0, 7543, 7563, 5508, 1248, 0.27%, 0, 349, 51, 149.63, 5200908, 22587
28653, 0, 7543, 7564, 5509, 1248, 0.27%, 0, 349, 51, 151.97, 5201677, 22587
28658, 0, 7543, 7565, 5510, 1248, 0.27%, 0, 349, 51, 159.90, 5202488, 22588
28663, 0, 7543, 7566, 5511, 1248, 0.27%, 0, 349, 51, 162.80, 5203320, 22588
28668, 0, 7543, 7568, 5513, 1248, 0.27%, 0, 349, 51, 152.09, 5204072, 22589
28673, 0, 7543, 7571, 5516, 1248, 0.27%, 0, 349, 51, 158.14, 5204912, 22589
28678, 0, 7543, 7574, 5519, 1248, 0.27%, 0, 349, 51, 161.08, 5205716, 22589
28684, 0, 7543, 7574, 5519, 1248, 0.27%, 0, 349, 51, 199.63, 5206754, 22589
28689, 0, 7564, 7574, 5518, 1248, 0.27%, 0, 349, 51, 6.52, 5207149, 22589
28694, 0, 2852, 7574, 5516, 1246, 0.27%, 0, 349, 51, 190.79, 5208227, 22589
28699, 0, 7535, 7574, 5515, 1245, 0.27%, 0, 349, 51, 153.47, 5208649, 22589
28704, 0, 7535, 7574, 5515, 1245, 0.27%, 0, 349, 51, 205.74, 5209759, 22589
28709, 0, 7471, 7580, 5520, 1244, 0.27%, 0, 349, 51, 198.62, 5210787, 22590
28714, 0, 7471, 7582, 5522, 1244, 0.27%, 0, 350, 51, 205.03, 5211576, 22590
28719, 0, 7471, 7585, 5525, 1244, 0.27%, 0, 350, 51, 205.21, 5212609, 22590
28724, 0, 7471, 7588, 5528, 1244, 0.27%, 0, 350, 51, 197.21, 5213610, 22593
28729, 0, 7471, 7590, 5530, 1244, 0.27%, 0, 350, 51, 200.96, 5214616, 22596
28734, 0, 7471, 7591, 5531, 1244, 0.27%, 0, 350, 51, 207.05, 5215663, 22597
28739, 0, 7471, 7591, 5531, 1244, 0.27%, 0, 350, 51, 207.76, 5216711, 22597
28744, 0, 7471, 7592, 5532, 1244, 0.27%, 0, 351, 51, 205.12, 5217503, 22597
28750, 0, 7471, 7593, 5533, 1244, 0.27%, 0, 352, 51, 201.16, 5218347, 22597
28755, 0, 7471, 7593, 5533, 1244, 0.27%, 0, 352, 51, 218.68, 5219476, 22597
28761, 0, 7588, 7593, 5532, 1248, 0.27%, 0, 352, 51, 10.72, 5220114, 22597
28767, 0, 7586, 7593, 5530, 1246, 0.27%, 0, 352, 51, 2.18, 5220727, 22597
28772, 0, 7586, 7595, 5532, 1246, 0.27%, 0, 352, 51, 187.71, 5221773, 22603
28777, 0, 7586, 7597, 5534, 1246, 0.27%, 0, 352, 51, 212.31, 5222864, 22603
28782, 0, 7586, 7598, 5535, 1246, 0.27%, 0, 353, 51, 224.52, 5223740, 22603
28787, 0, 7586, 7598, 5535, 1246, 0.27%, 0, 353, 51, 223.27, 5224896, 22603
28793, 0, 7586, 7598, 5535, 1246, 0.27%, 0, 353, 51, 217.58, 5226020, 22603
28798, 0, 7586, 7598, 5535, 1246, 0.27%, 0, 353, 51, 217.99, 5227116, 22603
28803, 0, 7586, 7599, 5536, 1246, 0.27%, 0, 353, 51, 220.41, 5228223, 22603
28808, 0, 7586, 7599, 5536, 1246, 0.27%, 0, 353, 51, 223.20, 5229351, 22603
28813, 0, 7586, 7600, 5537, 1246, 0.27%, 0, 353, 51, 223.45, 5230479, 22603
28818, 0, 2907, 7600, 5535, 1245, 0.27%, 0, 353, 51, 143.13, 5230876, 22603
28824, 0, 7594, 7600, 5534, 1244, 0.27%, 0, 353, 51, 6.49, 5231567, 22603
28829, 0, 7594, 7602, 5536, 1244, 0.27%, 0, 353, 51, 203.97, 5232675, 22605
28835, 0, 7594, 7602, 5536, 1244, 0.27%, 0, 353, 51, 215.28, 5233771, 22605
28840, 0, 7594, 7603, 5537, 1244, 0.27%, 0, 353, 51, 219.50, 5234882, 22605
28845, 0, 7594, 7603, 5537, 1244, 0.27%, 0, 353, 51, 222.12, 5236010, 22605
28850, 0, 7594, 7605, 5539, 1244, 0.27%, 0, 353, 51, 221.29, 5237136, 22606
28855, 0, 7594, 7605, 5539, 1244, 0.27%, 0, 353, 51, 220.76, 5238240, 22606
28860, 0, 7594, 7605, 5539, 1244, 0.27%, 0, 353, 51, 219.43, 5239336, 22606
28865, 0, 7594, 7605, 5539, 1244, 0.27%, 0, 353, 51, 222.11, 5240462, 22606
28873, 0, 4825, 7605, 5538, 1244, 0.27%, 0, 353, 51, 3.87, 5241507, 22606
28878, 0, 4825, 7607, 5540, 1244, 0.27%, 0, 353, 51, 206.28, 5242586, 22606
28883, 0, 4825, 7609, 5542, 1244, 0.27%, 0, 353, 51, 208.15, 5243700, 22607
28889, 0, 4825, 7611, 5544, 1244, 0.27%, 0, 353, 51, 214.65, 5244758, 22607
28894, 0, 4825, 7611, 5544, 1244, 0.27%, 0, 353, 51, 216.59, 5245858, 22607
28899, 0, 4825, 7611, 5544, 1244, 0.27%, 0, 353, 51, 222.92, 5246990, 22607
28904, 0, 4825, 7611, 5544, 1244, 0.27%, 0, 353, 51, 219.54, 5248098, 22607
28909, 0, 4825, 7611, 5544, 1244, 0.27%, 0, 353, 51, 222.25, 5249226, 22607
28914, 0, 4825, 7611, 5544, 1244, 0.27%, 0, 353, 51, 224.18, 5250380, 22607
28919, 0, 2962, 7611, 5542, 1242, 0.27%, 0, 353, 51, 140.78, 5250710, 22607
28924, 0, 2256, 7611, 5541, 1241, 0.27%, 0, 353, 51, 202.30, 5251836, 22607
28929, 0, 7523, 7611, 5540, 1240, 0.27%, 0, 353, 51, 197.70, 5252236, 22607
28934, 0, 7523, 7612, 5541, 1240, 0.27%, 0, 353, 51, 214.25, 5253326, 22607
28939, 0, 7523, 7612, 5541, 1240, 0.27%, 0, 353, 51, 221.61, 5254491, 22607
28945, 0, 7549, 7612, 5540, 1239, 0.27%, 0, 353, 51, 0.30, 5254961, 22607
28950, 0, 7549, 7614, 5542, 1239, 0.27%, 0, 354, 51, 182.61, 5255681, 22607
28955, 0, 7549, 7614, 5542, 1239, 0.27%, 0, 354, 51, 191.98, 5256641, 22607
28960, 0, 7549, 7615, 5543, 1239, 0.27%, 0, 354, 51, 197.49, 5257683, 22607
28965, 0, 7549, 7615, 5543, 1239, 0.27%, 0, 354, 51, 202.63, 5258734, 22607
28971, 0, 7549, 7615, 5543, 1239, 0.27%, 0, 355, 51, 210.50, 5259571, 22607
28976, 0, 7549, 7618, 5546, 1239, 0.27%, 0, 355, 51, 192.75, 5260570, 22607
28981, 0, 7549, 7619, 5547, 1239, 0.27%, 0, 355, 51, 186.88, 5261543, 22607
28986, 0, 7549, 7619, 5547, 1239, 0.27%, 0, 356, 51, 3.76, 5262312, 22607
28991, 0, 7549, 7619, 5547, 1239, 0.27%, 0, 356, 51, 204.51, 5263352, 22607
28996, 0, 7549, 7619, 5547, 1239, 0.27%, 0, 356, 51, 205.40, 5264376, 22607
29001, 0, 7549, 7620, 5548, 1239, 0.27%, 0, 356, 51, 203.21, 5265383, 22607
29007, 0, 7549, 7624, 5552, 1239, 0.27%, 0, 356, 51, 190.11, 5266316, 22608
29012, 0, 7549, 7624, 5552, 1239, 0.27%, 0, 356, 51, 205.29, 5267378, 22608
29020, 0, 2231, 7624, 5551, 1239, 0.27%, 0, 356, 51, 11.73, 5268470, 22608
29026, 0, 7485, 7624, 5550, 1238, 0.27%, 0, 356, 51, 3.91, 5269065, 22608
29033, 0, 7600, 7624, 5549, 1237, 0.27%, 0, 356, 51, 9.98, 5269805, 22608
29038, 0, 7600, 7626, 5551, 1237, 0.27%, 0, 356, 51, 188.98, 5270848, 22608
29043, 0, 7600, 7626, 5551, 1237, 0.27%, 0, 357, 51, 218.83, 5271724, 22608
29048, 0, 7600, 7627, 5552, 1237, 0.27%, 0, 357, 51, 218.82, 5272823, 22608
29053, 0, 7600, 7627, 5552, 1237, 0.27%, 0, 357, 51, 215.66, 5273907, 22608
29058, 0, 7600, 7628, 5553, 1237, 0.27%, 0, 357, 51, 217.64, 5275026, 22608
29063, 0, 7600, 7633, 5558, 1237, 0.27%, 0, 357, 51, 213.29, 5276101, 22608
29068, 0, 7600, 7634, 5559, 1237, 0.27%, 0, 357, 51, 217.42, 5277192, 22608
29073, 0, 7600, 7634, 5559, 1237, 0.27%, 0, 357, 51, 214.94, 5278274, 22608
29078, 0, 7600, 7634, 5559, 1237, 0.27%, 0, 357, 51, 223.10, 5279407, 22608
29083, 0, 7629, 7634, 5558, 1237, 0.27%, 0, 357, 51, 121.21, 5279815, 22608
29090, 0, 7544, 7634, 5556, 1235, 0.27%, 0, 357, 51, 3.95, 5280519, 22608
29095, 0, 7544, 7637, 5559, 1235, 0.27%, 0, 357, 51, 170.21, 5281425, 22612
29100, 0, 7544, 7639, 5561, 1235, 0.27%, 0, 357, 51, 184.62, 5282381, 22612
29105, 0, 7544, 7640, 5562, 1235, 0.27%, 0, 358, 51, 208.34, 5283144, 22612
29111, 0, 7544, 7641, 5563, 1235, 0.27%, 0, 359, 51, 24.09, 5283972, 22612
29116, 0, 7544, 7642, 5564, 1235, 0.27%, 0, 360, 51, 203.49, 5284804, 22612
29121, 0, 7544, 7643, 5565, 1235, 0.27%, 0, 360, 51, 197.57, 5285793, 22612
29126, 0, 7544, 7645, 5567, 1235, 0.27%, 0, 360, 51, 194.42, 5286782, 22612
29131, 0, 7544, 7647, 5569, 1235, 0.27%, 0, 360, 51, 196.53, 5287777, 22613
29136, 0, 7544, 7648, 5570, 1235, 0.27%, 0, 360, 51, 194.27, 5288743, 22613
29143, 0, 7645, 7648, 5569, 1242, 0.27%, 0, 360, 51, 1.80, 5289581, 22613
29148, 0, 4196, 7648, 5568, 1241, 0.27%, 0, 360, 51, 194.32, 5290677, 22613
29153, 0, 4196, 7648, 5568, 1241, 0.27%, 0, 360, 51, 213.27, 5291767, 22613
29158, 0, 7418, 7649, 5569, 1241, 0.27%, 0, 360, 51, 218.10, 5292850, 22613
29163, 0, 7635, 7650, 5569, 1240, 0.27%, 0, 360, 51, 85.18, 5293067, 22613
29169, 0, 5491, 7650, 5568, 1239, 0.27%, 0, 360, 51, 179.09, 5294051, 22613
29174, 0, 7634, 7650, 5567, 1238, 0.27%, 0, 360, 51, 6.88, 5294619, 22613
29180, 0, 7634, 7653, 5570, 1238, 0.27%, 0, 360, 51, 181.28, 5295610, 22613
29185, 0, 7634, 7653, 5570, 1238, 0.27%, 0, 360, 51, 202.39, 5296696, 22613
29190, 0, 7634, 7655, 5572, 1238, 0.27%, 0, 360, 51, 209.59, 5297762, 22613
29195, 0, 7634, 7655, 5572, 1238, 0.27%, 0, 360, 51, 211.64, 5298846, 22613
29200, 0, 7634, 7655, 5572, 1238, 0.27%, 0, 360, 51, 213.99, 5299926, 22613
29205, 0, 7634, 7655, 5572, 1238, 0.27%, 0, 360, 51, 214.28, 5301022, 22613
29210, 0, 7634, 7655, 5572, 1238, 0.27%, 0, 360, 51, 216.54, 5302118, 22613
29215, 0, 7634, 7657, 5574, 1238, 0.27%, 0, 360, 51, 214.10, 5303150, 22613
29224, 0, 7647, 7657, 5572, 1236, 0.27%, 0, 360, 51, 13.37, 5304287, 22613
29229, 0, 7647, 7659, 5574, 1236, 0.27%, 0, 361, 51, 156.67, 5304954, 22613
29234, 0, 7647, 7666, 5581, 1236, 0.27%, 0, 361, 51, 165.38, 5305729, 22613
29239, 0, 7647, 7671, 5586, 1236, 0.27%, 0, 361, 51, 158.37, 5306481, 22613
29244, 0, 7647, 7672, 5587, 1236, 0.27%, 0, 361, 51, 172.28, 5307367, 22613
29249, 0, 7647, 7677, 5592, 1236, 0.27%, 0, 361, 51, 100.44, 5308111, 22613
29254, 0, 7647, 7679, 5594, 1236, 0.27%, 0, 361, 51, 155.30, 5309000, 22613
29259, 0, 7647, 7681, 5596, 1236, 0.27%, 0, 361, 51, 168.93, 5309884, 22613
29264, 0, 7647, 7683, 5598, 1236, 0.27%, 0, 361, 51, 180.70, 5310831, 22613
29270, 0, 7647, 7687, 5602, 1236, 0.27%, 0, 361, 51, 178.20, 5311762, 22617
29275, 0, 7647, 7689, 5604, 1236, 0.27%, 0, 361, 51, 172.68, 5312643, 22617
29280, 0, 7647, 7691, 5606, 1236, 0.27%, 0, 361, 51, 34.21, 5313503, 22620
29285, 0, 7647, 7692, 5607, 1236, 0.27%, 0, 361, 51, 181.29, 5314410, 22620
29290, 0, 7647, 7694, 5609, 1236, 0.27%, 0, 361, 51, 181.40, 5315348, 22620
29295, 0, 7647, 7695, 5610, 1236, 0.27%, 0, 361, 51, 188.56, 5316294, 22620
29300, 0, 7647, 7695, 5610, 1236, 0.27%, 0, 361, 51, 212.74, 5317410, 22620
29306, 0, 7690, 7695, 5609, 1241, 0.27%, 0, 361, 51, 12.96, 5317977, 22620
29313, 0, 4274, 7695, 5607, 1239, 0.27%, 0, 361, 51, 3.04, 5318745, 22620
29319, 0, 4274, 7695, 5607, 1239, 0.27%, 0, 361, 51, 212.13, 5319843, 22620
29324, 0, 5812, 7696, 5607, 1238, 0.27%, 0, 361, 51, 220.88, 5320999, 22620
29332, 0, 7676, 7696, 5605, 1236, 0.27%, 0, 361, 51, 5.72, 5321940, 22620
29337, 0, 7676, 7699, 5608, 1236, 0.27%, 0, 362, 51, 42.07, 5322521, 22620
29342, 0, 7676, 7704, 5613, 1236, 0.27%, 0, 362, 51, 124.43, 5323227, 22620
29347, 0, 7676, 7708, 5617, 1236, 0.27%, 0, 362, 51, 136.87, 5323984, 22620
29352, 0, 7676, 7710, 5619, 1236, 0.27%, 0, 362, 51, 146.30, 5324744, 22622
29358, 0, 7676, 7712, 5621, 1236, 0.27%, 0, 363, 51, 90.11, 5325357, 22622
29363, 0, 7676, 7715, 5624, 1236, 0.27%, 0, 364, 51, 132.77, 5325929, 22622
29368, 0, 7676, 7720, 5629, 1236, 0.27%, 0, 364, 51, 144.70, 5326618, 22622
29373, 0, 7676, 7721, 5630, 1236, 0.27%, 0, 364, 51, 155.17, 5327420, 22624
29378, 0, 7676, 7722, 5631, 1236, 0.27%, 0, 364, 51, 151.97, 5328174, 22624
29384, 0, 7676, 7723, 5632, 1236, 0.27%, 0, 366, 51, 26.25, 5328705, 22624
29389, 0, 7676, 7724, 5633, 1236, 0.27%, 0, 366, 51, 159.04, 5329453, 22624
29394, 0, 7676, 7727, 5636, 1236, 0.27%, 0, 366, 51, 152.36, 5330188, 22627
29402, 0, 7709, 7727, 5635, 1240, 0.27%, 0, 366, 51, 2.38, 5331123, 22627
29407, 0, 1693, 7727, 5634, 1239, 0.27%, 0, 366, 51, 199.49, 5332268, 22627
29412, 0, 7710, 7727, 5633, 1238, 0.27%, 0, 367, 51, 92.65, 5332450, 22627
29417, 0, 7710, 7730, 5636, 1238, 0.27%, 0, 367, 51, 147.76, 5333245, 22627
29422, 0, 7710, 7733, 5639, 1238, 0.27%, 0, 367, 51, 155.05, 5334019, 22627
29427, 0, 7710, 7736, 5642, 1238, 0.27%, 0, 367, 51, 158.69, 5334793, 22627
29432, 0, 7710, 7740, 5646, 1238, 0.27%, 0, 367, 51, 155.41, 5335571, 22627
29438, 0, 7710, 7741, 5647, 1238, 0.27%, 0, 368, 51, 162.58, 5336212, 22627
29443, 0, 7710, 7742, 5648, 1238, 0.27%, 0, 368, 51, 161.82, 5336982, 22627
29448, 0, 7710, 7743, 5649, 1238, 0.27%, 0, 368, 51, 169.42, 5337823, 22627
29453, 0, 7710, 7744, 5650, 1238, 0.27%, 0, 368, 51, 166.11, 5338679, 22627
29458, 0, 7710, 7747, 5653, 1238, 0.27%, 0, 368, 51, 162.55, 5339504, 22627
29463, 0, 7710, 7747, 5653, 1238, 0.27%, 0, 368, 51, 166.64, 5340335, 22627
29468, 0, 7710, 7747, 5653, 1238, 0.27%, 0, 368, 51, 208.93, 5341417, 22627
29473, 0, 3828, 7747, 5651, 1238, 0.27%, 0, 368, 51, 139.11, 5341760, 22627
29479, 0, 7720, 7748, 5651, 1238, 0.27%, 0, 368, 51, 8.43, 5342245, 22628
29484, 0, 7720, 7750, 5653, 1238, 0.27%, 0, 368, 51, 185.76, 5343255, 22628
29489, 0, 7720, 7750, 5653, 1238, 0.27%, 0, 368, 51, 211.82, 5344358, 22628
29494, 0, 3162, 7750, 5652, 1237, 0.27%, 0, 368, 51, 221.52, 5345516, 22628
29499, 0, 7747, 7750, 5651, 1236, 0.27%, 0, 368, 51, 11.20, 5345957, 22628
29506, 0, 7708, 7750, 5650, 1235, 0.27%, 0, 368, 51, 10.44, 5346697, 22628
29511, 0, 7708, 7753, 5653, 1235, 0.27%, 0, 368, 51, 189.17, 5347714, 22628
29516, 0, 7708, 7753, 5653, 1235, 0.27%, 0, 368, 51, 199.54, 5348761, 22628
29521, 0, 7708, 7754, 5654, 1235, 0.27%, 0, 368, 51, 200.78, 5349779, 22628
29526, 0, 7708, 7754, 5654, 1235, 0.27%, 0, 368, 51, 206.62, 5350823, 22628
29531, 0, 7708, 7759, 5659, 1235, 0.27%, 0, 368, 51, 198.16, 5351846, 22630
29536, 0, 7708, 7759, 5659, 1235, 0.27%, 0, 368, 51, 203.46, 5352874, 22630
29541, 0, 7708, 7759, 5659, 1235, 0.27%, 0, 368, 51, 207.79, 5353934, 22630
29546, 0, 7708, 7760, 5660, 1235, 0.27%, 0, 368, 51, 204.76, 5354945, 22630
29552, 0, 7708, 7760, 5660, 1235, 0.27%, 0, 368, 51, 210.78, 5356045, 22630
29557, 0, 7708, 7762, 5662, 1235, 0.27%, 0, 368, 51, 204.31, 5357091, 22632
29562, 0, 7708, 7762, 5662, 1235, 0.27%, 0, 368, 51, 211.49, 5358199, 22632
29567, 0, 7708, 7762, 5662, 1235, 0.27%, 0, 368, 51, 219.17, 5359296, 22632
29574, 0, 7755, 7762, 5661, 1237, 0.27%, 0, 368, 51, 7.44, 5360206, 22632
29581, 0, 7724, 7762, 5659, 1235, 0.27%, 0, 368, 51, 4.33, 5360973, 22632
29587, 0, 7724, 7766, 5663, 1235, 0.27%, 0, 368, 51, 146.19, 5361707, 22632
29592, 0, 7724, 7767, 5664, 1235, 0.27%, 0, 369, 51, 217.15, 5362411, 22632
29597, 0, 7724, 7767, 5664, 1235, 0.27%, 0, 369, 51, 194.86, 5363346, 22632
29602, 0, 7724, 7767, 5664, 1235, 0.27%, 0, 370, 51, 9.19, 5364091, 22632
29607, 0, 7724, 7768, 5665, 1235, 0.27%, 0, 370, 51, 173.99, 5364986, 22632
29612, 0, 7724, 7772, 5669, 1235, 0.27%, 0, 370, 51, 165.61, 5365806, 22632
29617, 0, 7724, 7774, 5671, 1235, 0.27%, 0, 371, 51, 217.32, 5366450, 22632
29622, 0, 7724, 7774, 5671, 1235, 0.27%, 0, 371, 51, 183.13, 5367321, 22632
29627, 0, 7724, 7777, 5674, 1235, 0.27%, 0, 371, 51, 175.56, 5368245, 22632
29632, 0, 7724, 7780, 5677, 1235, 0.27%, 0, 371, 51, 181.35, 5369162, 22632
29640, 0, 7766, 7780, 5676, 1235, 0.27%, 0, 371, 51, 5.32, 5370062, 22632
29646, 0, 7742, 7780, 5674, 1233, 0.27%, 0, 371, 51, 5.69, 5370677, 22632
29651, 0, 7742, 7780, 5674, 1233, 0.27%, 0, 371, 51, 198.45, 5371749, 22632
29656, 0, 7742, 7780, 5674, 1233, 0.27%, 0, 371, 51, 218.10, 5372868, 22632
29663, 0, 6817, 7780, 5673, 1232, 0.27%, 0, 371, 51, 6.38, 5373582, 22632
29669, 0, 7293, 7780, 5672, 1231, 0.27%, 0, 371, 51, 3.33, 5374349, 22632
29675, 0, 7293, 7780, 5672, 1231, 0.27%, 0, 371, 51, 204.54, 5375428, 22632
29680, 0, 5936, 7780, 5671, 1230, 0.27%, 0, 371, 51, 217.16, 5376521, 22632
29685, 0, 5411, 7781, 5671, 1229, 0.27%, 0, 371, 51, 221.48, 5377644, 22634
29690, 0, 6137, 7781, 5670, 1229, 0.27%, 0, 371, 51, 185.78, 5378014, 22634
29696, 0, 6482, 7781, 5669, 1228, 0.27%, 0, 371, 51, 4.50, 5378576, 22634
29702, 0, 6380, 7781, 5668, 1227, 0.27%, 0, 371, 51, 11.02, 5379303, 22634
29709, 0, 2423, 7781, 5667, 1226, 0.27%, 0, 371, 51, 11.16, 5380039, 22634
29715, 0, 3511, 7781, 5666, 1225, 0.27%, 0, 371, 51, 4.84, 5380617, 22634
29722, 0, 7291, 7781, 5665, 1224, 0.27%, 0, 371, 51, 6.62, 5381342, 22634
29727, 0, 7291, 7781, 5665, 1224, 0.27%, 0, 371, 51, 208.46, 5382429, 22634
29732, 0, 7291, 7782, 5666, 1224, 0.27%, 0, 371, 51, 219.29, 5383548, 22634
29739, 0, 3298, 7782, 5664, 1222, 0.27%, 0, 371, 51, 0.92, 5384330, 22634
29745, 0, 5493, 7782, 5663, 1221, 0.27%, 0, 371, 51, 3.85, 5385063, 22634
29752, 0, 1364, 7782, 5662, 1220, 0.27%, 0, 371, 51, 4.82, 5385803, 22634
29759, 0, 5658, 7782, 5661, 1219, 0.27%, 0, 371, 51, 3.02, 5386482, 22634
29766, 0, 2678, 7783, 5661, 1219, 0.27%, 0, 371, 51, 12.96, 5387249, 22635
29771, 0, 2678, 7783, 5661, 1219, 0.27%, 0, 371, 51, 215.70, 5388341, 22635
29777, 0, 6505, 7783, 5659, 1217, 0.27%, 0, 371, 51, 6.92, 5389091, 22635
29784, 0, 6088, 7783, 5658, 1216, 0.27%, 0, 371, 51, 3.91, 5389842, 22635
29791, 0, 3822, 7783, 5657, 1215, 0.27%, 0, 371, 51, 6.56, 5390571, 22635
29799, 0, 1183, 7784, 5657, 1215, 0.27%, 0, 371, 51, 6.85, 5391565, 22638
29806, 0, 5699, 7784, 5656, 1214, 0.27%, 0, 371, 51, 7.05, 5392529, 22638
29814, 0, 3843, 7784, 5655, 1213, 0.27%, 0, 371, 51, 2.12, 5393508, 22638
29821, 0, 5684, 7784, 5654, 1212, 0.27%, 0, 371, 51, 0.92, 5394257, 22638
29826, 0, 4438, 7784, 5653, 1211, 0.27%, 0, 371, 51, 209.82, 5395389, 22638
29831, 0, 5367, 7784, 5652, 1210, 0.27%, 0, 371, 51, 185.24, 5395784, 22638
29836, 0, 607, 7784, 5651, 1209, 0.27%, 0, 371, 51, 220.62, 5396923, 22638
29841, 0, 7489, 7784, 5650, 1208, 0.27%, 0, 371, 51, 190.58, 5397325, 22638
29847, 0, 7784, 7785, 5650, 1208, 0.27%, 0, 371, 51, 4.58, 5397877, 22641
29854, 0, 621, 7785, 5648, 1206, 0.27%, 0, 371, 51, 3.07, 5398623, 22641
29861, 0, 828, 7785, 5647, 1205, 0.27%, 0, 371, 51, 9.32, 5399623, 22641
29868, 0, 6372, 7785, 5646, 1204, 0.27%, 0, 371, 51, 11.77, 5400445, 22641
29873, 0, 6372, 7789, 5650, 1204, 0.27%, 0, 371, 51, 208.73, 5401507, 22648
29878, 0, 6372, 7794, 5655, 1204, 0.27%, 0, 371, 51, 216.56, 5402630, 22652
29884, 0, 6372, 7796, 5657, 1204, 0.27%, 0, 371, 51, 219.93, 5403736, 22653
29889, 0, 6372, 7799, 5660, 1204, 0.27%, 0, 371, 51, 219.85, 5404873, 22657
29894, 0, 6372, 7800, 5661, 1204, 0.27%, 0, 371, 51, 223.91, 5406004, 22658
29899, 0, 6372, 7800, 5661, 1204, 0.27%, 0, 371, 51, 223.96, 5407172, 22658
29904, 0, 6372, 7802, 5663, 1204, 0.27%, 0, 371, 51, 214.96, 5408254, 22659
29911, 0, 7786, 7802, 5662, 1215, 0.27%, 0, 371, 51, 2.10, 5409043, 22659
29919, 0, 7802, 7803, 5661, 1214, 0.27%, 0, 371, 51, 4.50, 5410044, 22662
29925, 0, 7796, 7803, 5659, 1212, 0.27%, 0, 371, 51, 5.62, 5410774, 22662
29931, 0, 7303, 7804, 5659, 1211, 0.27%, 0, 371, 51, 215.15, 5411901, 22664
29937, 0, 2406, 7804, 5658, 1211, 0.27%, 0, 371, 51, 6.76, 5412518, 22664
29943, 0, 3879, 7804, 5657, 1210, 0.27%, 0, 371, 51, 8.64, 5413111, 22664
29949, 0, 6758, 7804, 5656, 1209, 0.27%, 0, 371, 51, 10.36, 5413838, 22664
29955, 0, 6758, 7805, 5657, 1209, 0.27%, 0, 371, 51, 218.39, 5415003, 22666
29960, 0, 7804, 7805, 5656, 1209, 0.27%, 0, 371, 51, 7.86, 5415438, 22666
29968, 0, 836, 7805, 5654, 1207, 0.27%, 0, 371, 51, 3.33, 5416443, 22666
29975, 0, 5652, 7805, 5653, 1206, 0.27%, 0, 371, 51, 0.30, 5417232, 22666
29980, 0, 3500, 7805, 5652, 1205, 0.27%, 0, 371, 51, 207.98, 5418322, 22666
29985, 0, 6468, 7806, 5652, 1204, 0.27%, 0, 371, 51, 147.06, 5418704, 22668
29990, 0, 6468, 7807, 5653, 1204, 0.27%, 0, 371, 51, 205.18, 5419828, 22669
29995, 0, 4385, 7807, 5651, 1204, 0.27%, 0, 371, 51, 151.96, 5420196, 22669
30002, 0, 5959, 7807, 5650, 1203, 0.27%, 0, 371, 51, 2.91, 5420921, 22669
30009, 0, 3504, 7807, 5649, 1202, 0.27%, 0, 371, 51, 6.95, 5421647, 22669
30014, 0, 3538, 7807, 5648, 1201, 0.27%, 0, 371, 51, 184.08, 5422049, 22669
30020, 0, 6883, 7807, 5647, 1200, 0.27%, 0, 371, 51, 7.77, 5422744, 22669
30026, 0, 6883, 7809, 5649, 1200, 0.27%, 0, 371, 51, 211.36, 5423875, 22669
30031, 0, 1697, 7809, 5647, 1199, 0.27%, 0, 371, 51, 200.00, 5424275, 22669
30037, 0, 7199, 7809, 5646, 1198, 0.27%, 0, 371, 51, 6.05, 5424862, 22669
30042, 0, 7199, 7810, 5647, 1198, 0.27%, 0, 371, 51, 196.86, 5425854, 22669
30047, 0, 6122, 7810, 5646, 1197, 0.27%, 0, 371, 51, 211.51, 5426972, 22669
30052, 0, 4543, 7810, 5645, 1196, 0.27%, 0, 371, 51, 215.42, 5428074, 22669
30057, 0, 6374, 7810, 5644, 1195, 0.27%, 0, 371, 51, 198.80, 5428453, 22669
30063, 0, 6159, 7810, 5643, 1194, 0.27%, 0, 371, 51, 9.09, 5428906, 22669
30070, 0, 3505, 7810, 5642, 1193, 0.27%, 0, 371, 51, 4.79, 5429633, 22669
30075, 0, 6138, 7810, 5641, 1192, 0.27%, 0, 371, 51, 189.05, 5430029, 22669
30080, 0, 7335, 7810, 5640, 1191, 0.27%, 0, 371, 51, 209.88, 5431114, 22669
30085, 0, 3409, 7810, 5639, 1190, 0.27%, 0, 371, 51, 174.88, 5431515, 22669
30091, 0, 6776, 7810, 5638, 1189, 0.27%, 0, 371, 51, 6.63, 5432029, 22669
30096, 0, 6776, 7811, 5639, 1189, 0.27%, 0, 371, 51, 189.74, 5433059, 22669
30101, 0, 6776, 7813, 5641, 1189, 0.27%, 0, 371, 51, 198.11, 5434057, 22669
30106, 0, 6776, 7814, 5642, 1189, 0.27%, 0, 371, 51, 206.03, 5435132, 22669
30111, 0, 6776, 7814, 5642, 1189, 0.27%, 0, 371, 51, 205.97, 5436164, 22669
30116, 0, 6776, 7816, 5644, 1189, 0.27%, 0, 371, 51, 203.73, 5437170, 22669
30121, 0, 6776, 7816, 5644, 1189, 0.27%, 0, 371, 51, 209.51, 5438238, 22669
30126, 0, 6776, 7816, 5644, 1189, 0.27%, 0, 371, 51, 207.27, 5439266, 22669
30131, 0, 6776, 7817, 5645, 1189, 0.27%, 0, 371, 51, 197.50, 5440265, 22669
30136, 0, 6776, 7817, 5645, 1189, 0.27%, 0, 371, 51, 205.65, 5441313, 22669
30141, 0, 6776, 7818, 5646, 1189, 0.27%, 0, 371, 51, 202.76, 5442332, 22670
30146, 0, 6776, 7818, 5646, 1189, 0.27%, 0, 371, 51, 208.25, 5443384, 22670
30151, 0, 6776, 7818, 5646, 1189, 0.27%, 0, 371, 51, 208.32, 5444419, 22670
30159, 0, 7817, 7818, 5645, 1190, 0.27%, 0, 371, 51, 12.82, 5445495, 22670
30167, 0, 2557, 7818, 5643, 1188, 0.27%, 0, 371, 51, 1.84, 5446463, 22670
30173, 0, 3808, 7818, 5642, 1187, 0.27%, 0, 371, 51, 5.11, 5447062, 22670
30180, 0, 6351, 7818, 5641, 1186, 0.27%, 0, 371, 51, 11.11, 5447796, 22670
30185, 0, 1649, 7818, 5640, 1185, 0.27%, 0, 371, 51, 219.90, 5448947, 22670
30192, 0, 4582, 7818, 5639, 1184, 0.27%, 0, 371, 51, 1.82, 5449715, 22670
30200, 0, 648, 7820, 5640, 1185, 0.27%, 0, 371, 51, 12.16, 5450733, 22672
30207, 0, 7780, 7820, 5639, 1184, 0.27%, 0, 371, 51, 1.22, 5451578, 22672
30213, 0, 383, 7820, 5638, 1183, 0.27%, 0, 371, 51, 13.45, 5452196, 22672
30219, 0, 5741, 7820, 5637, 1182, 0.27%, 0, 371, 51, 6.11, 5452964, 22672
30224, 0, 5741, 7822, 5639, 1182, 0.27%, 0, 371, 51, 213.11, 5454073, 22672
30230, 0, 5316, 7822, 5638, 1181, 0.27%, 0, 371, 51, 218.23, 5455239, 22672
30236, 0, 6035, 7822, 5637, 1180, 0.27%, 0, 371, 51, 8.00, 5455966, 22672
30243, 0, 2845, 7822, 5636, 1179, 0.27%, 0, 371, 51, 3.35, 5456694, 22672
30248, 0, 1114, 7822, 5635, 1178, 0.27%, 0, 371, 51, 214.52, 5457817, 22672
30255, 0, 3245, 7822, 5634, 1177, 0.27%, 0, 371, 51, 8.38, 5458617, 22672
30260, 0, 3245, 7822, 5634, 1177, 0.27%, 0, 371, 51, 207.53, 5459724, 22672
30265, 0, 4564, 7822, 5632, 1175, 0.27%, 0, 371, 51, 214.43, 5460803, 22672
30271, 0, 6433, 7822, 5631, 1174, 0.27%, 0, 371, 51, 9.38, 5461524, 22672
30278, 0, 3379, 7822, 5630, 1173, 0.27%, 0, 371, 51, 6.90, 5462251, 22672
30284, 0, 7822, 7823, 5630, 1173, 0.27%, 0, 371, 51, 1.22, 5462893, 22675
30291, 0, 3802, 7823, 5628, 1171, 0.27%, 0, 371, 51, 0.93, 5463653, 22675
30298, 0, 6626, 7823, 5627, 1170, 0.27%, 0, 371, 51, 5.73, 5464383, 22675
30303, 0, 6626, 7823, 5627, 1170, 0.27%, 0, 371, 51, 203.78, 5465455, 22675
30311, 0, 6282, 7823, 5625, 1168, 0.27%, 0, 371, 51, 3.35, 5466569, 22675
30318, 0, 4447, 7823, 5624, 1167, 0.27%, 0, 371, 51, 6.87, 5467292, 22675
30324, 0, 7043, 7823, 5623, 1166, 0.27%, 0, 371, 51, 6.50, 5468015, 22675
30331, 0, 4439, 7823, 5622, 1165, 0.27%, 0, 371, 51, 11.95, 5468741, 22675
30336, 0, 3519, 7823, 5621, 1164, 0.27%, 0, 371, 51, 212.14, 5469865, 22675
30341, 0, 275, 7823, 5620, 1163, 0.27%, 0, 371, 51, 202.97, 5470239, 22675
30347, 0, 3572, 7823, 5619, 1162, 0.27%, 0, 371, 51, 195.30, 5470636, 22675
30352, 0, 7292, 7823, 5618, 1161, 0.27%, 0, 371, 51, 2.13, 5471102, 22675
30357, 0, 7292, 7824, 5619, 1161, 0.27%, 0, 371, 51, 211.35, 5472163, 22675
30362, 0, 7292, 7825, 5620, 1161, 0.27%, 0, 371, 51, 217.39, 5473275, 22676
30369, 0, 7338, 7825, 5619, 1161, 0.27%, 0, 371, 51, 1.48, 5474118, 22676
30375, 0, 7054, 7826, 5619, 1160, 0.27%, 0, 371, 51, 5.70, 5474747, 22676
30381, 0, 373, 7826, 5618, 1159, 0.27%, 0, 371, 51, 218.29, 5475895, 22676
30386, 0, 6420, 7826, 5617, 1158, 0.27%, 0, 371, 51, 198.02, 5476305, 22676
30391, 0, 5757, 7827, 5617, 1157, 0.27%, 0, 371, 51, 212.49, 5477426, 22678
30396, 0, 677, 7827, 5616, 1156, 0.27%, 0, 371, 51, 197.04, 5477807, 22678
30403, 0, 5384, 7827, 5615, 1155, 0.27%, 0, 371, 51, 10.23, 5478712, 22678
30409, 0, 5991, 7828, 5615, 1155, 0.27%, 0, 371, 51, 7.69, 5479329, 22679
30417, 0, 4291, 7829, 5615, 1154, 0.27%, 0, 371, 51, 9.92, 5480306, 22679
30424, 0, 5552, 7829, 5614, 1153, 0.27%, 0, 371, 51, 6.79, 5481036, 22679
30431, 0, 6562, 7829, 5613, 1152, 0.27%, 0, 371, 51, 11.88, 5481781, 22679
30437, 0, 3819, 7829, 5612, 1151, 0.27%, 0, 371, 51, 8.12, 5482520, 22679
30445, 0, 6355, 7830, 5612, 1151, 0.27%, 0, 371, 51, 3.23, 5483507, 22680
30452, 0, 3440, 7830, 5611, 1150, 0.27%, 0, 371, 51, 6.45, 5484234, 22680
30459, 0, 7082, 7830, 5610, 1149, 0.27%, 0, 371, 51, 5.70, 5484963, 22680
30466, 0, 6173, 7831, 5610, 1149, 0.27%, 0, 371, 51, 11.03, 5485736, 22681
30473, 0, 6029, 7831, 5609, 1148, 0.27%, 0, 371, 51, 3.92, 5486463, 22681
30478, 0, 4858, 7831, 5608, 1147, 0.27%, 0, 371, 51, 211.97, 5487578, 22681
30483, 0, 6086, 7831, 5607, 1146, 0.27%, 0, 371, 51, 168.32, 5487953, 22681
30488, 0, 6086, 7837, 5613, 1146, 0.27%, 0, 371, 51, 207.88, 5489081, 22682
30493, 0, 6086, 7839, 5615, 1146, 0.27%, 0, 371, 51, 219.52, 5490195, 22682
30498, 0, 6086, 7841, 5617, 1146, 0.27%, 0, 371, 51, 223.71, 5491321, 22684
30503, 0, 6086, 7842, 5618, 1146, 0.27%, 0, 371, 51, 223.85, 5492444, 22685
30508, 0, 6086, 7842, 5618, 1146, 0.27%, 0, 371, 51, 225.83, 5493584, 22685
30513, 0, 6086, 7843, 5619, 1146, 0.27%, 0, 371, 51, 222.10, 5494699, 22685
30518, 0, 6086, 7843, 5619, 1146, 0.27%, 0, 371, 51, 220.93, 5495827, 22685
30525, 0, 7832, 7843, 5618, 1149, 0.27%, 0, 371, 51, 6.63, 5496500, 22685
30531, 0, 7086, 7843, 5616, 1147, 0.27%, 0, 371, 51, 13.35, 5497261, 22685
30539, 0, 3677, 7843, 5615, 1146, 0.27%, 0, 371, 51, 9.03, 5498130, 22685
30545, 0, 1508, 7843, 5614, 1145, 0.27%, 0, 371, 51, 6.54, 5498853, 22685
30553, 0, 4164, 7843, 5613, 1144, 0.27%, 0, 371, 51, 6.01, 5499805, 22685
30559, 0, 6551, 7843, 5612, 1143, 0.27%, 0, 371, 51, 12.30, 5500539, 22685
30565, 0, 1934, 7843, 5611, 1142, 0.27%, 0, 371, 51, 205.86, 5501642, 22685
30570, 0, 6509, 7843, 5610, 1142, 0.27%, 0, 371, 51, 187.20, 5502039, 22685
30576, 0, 5960, 7843, 5609, 1141, 0.27%, 0, 371, 51, 10.01, 5502619, 22685
30582, 0, 7843, 7844, 5609, 1141, 0.27%, 0, 371, 51, 0.30, 5503378, 22686
30587, 0, 5857, 7847, 5611, 1140, 0.27%, 0, 371, 51, 206.01, 5504456, 22687
30592, 0, 5857, 7850, 5614, 1140, 0.27%, 0, 371, 51, 219.40, 5505573, 22690
30598, 0, 5857, 7850, 5614, 1140, 0.27%, 0, 371, 51, 222.41, 5506697, 22690
30603, 0, 5857, 7850, 5614, 1140, 0.27%, 0, 371, 51, 223.95, 5507825, 22690
30608, 0, 5857, 7851, 5615, 1140, 0.27%, 0, 371, 51, 224.29, 5508960, 22691
30613, 0, 5857, 7852, 5616, 1140, 0.27%, 0, 371, 51, 223.95, 5510095, 22691
30618, 0, 5857, 7853, 5617, 1140, 0.27%, 0, 371, 51, 222.50, 5511222, 22693
30624, 0, 7852, 7853, 5616, 1143, 0.27%, 0, 371, 51, 10.82, 5511939, 22693
30631, 0, 7849, 7853, 5614, 1141, 0.27%, 0, 371, 51, 3.03, 5512607, 22693
30638, 0, 7847, 7853, 5613, 1140, 0.27%, 0, 371, 51, 9.95, 5513346, 22693
30643, 0, 7527, 7853, 5612, 1139, 0.27%, 0, 371, 51, 208.03, 5514461, 22693
30648, 0, 7846, 7854, 5612, 1138, 0.27%, 0, 371, 51, 6.90, 5514851, 22693
30656, 0, 2217, 7855, 5612, 1138, 0.27%, 0, 371, 51, 3.28, 5515837, 22694
30662, 0, 5200, 7855, 5611, 1137, 0.27%, 0, 371, 51, 10.91, 5516442, 22694
30667, 0, 5200, 7856, 5612, 1137, 0.27%, 0, 371, 51, 212.34, 5517508, 22694
30675, 0, 6794, 7856, 5610, 1135, 0.27%, 0, 371, 51, 8.28, 5518610, 22694
30682, 0, 3507, 7856, 5609, 1134, 0.27%, 0, 371, 51, 0.91, 5519367, 22694
30687, 0, 4885, 7857, 5609, 1133, 0.27%, 0, 371, 51, 203.51, 5520437, 22694
30692, 0, 4885, 7860, 5612, 1133, 0.27%, 0, 371, 51, 209.45, 5521506, 22694
30697, 0, 4885, 7861, 5613, 1133, 0.27%, 0, 371, 51, 213.63, 5522581, 22694
30703, 0, 4885, 7863, 5615, 1133, 0.27%, 0, 372, 51, 15.11, 5523648, 22694
30708, 0, 4885, 7864, 5616, 1133, 0.27%, 0, 372, 51, 216.48, 5524743, 22696
30713, 0, 4885, 7865, 5617, 1133, 0.27%, 0, 372, 51, 214.55, 5525866, 22696
30719, 0, 4885, 7865, 5617, 1133, 0.27%, 0, 372, 51, 210.11, 5526958, 22696
30724, 0, 4885, 7867, 5619, 1133, 0.27%, 0, 372, 51, 216.43, 5528056, 22696
30729, 0, 4885, 7868, 5620, 1133, 0.27%, 0, 372, 51, 213.45, 5529131, 22696
30734, 0, 4885, 7868, 5620, 1133, 0.27%, 0, 372, 51, 218.31, 5530243, 22696
30739, 0, 4885, 7868, 5620, 1133, 0.27%, 0, 372, 51, 214.75, 5531347, 22696
30744, 0, 4885, 7868, 5620, 1133, 0.27%, 0, 372, 51, 220.75, 5532461, 22696
30751, 0, 7864, 7868, 5619, 1136, 0.27%, 0, 372, 51, 1.50, 5533218, 22696
30758, 0, 6458, 7868, 5617, 1134, 0.27%, 0, 372, 51, 6.28, 5534068, 22696
30766, 0, 6027, 7869, 5617, 1134, 0.27%, 0, 372, 51, 4.41, 5535052, 22697
30772, 0, 3510, 7869, 5616, 1133, 0.27%, 0, 372, 51, 2.11, 5535776, 22697
30780, 0, 5802, 7870, 5616, 1133, 0.27%, 0, 372, 51, 5.66, 5536762, 22698
30787, 0, 2832, 7870, 5615, 1132, 0.27%, 0, 372, 51, 0.92, 5537507, 22698
30792, 0, 2832, 7871, 5616, 1132, 0.27%, 0, 372, 51, 206.17, 5538608, 22698
30797, 0, 2832, 7871, 5616, 1132, 0.27%, 0, 372, 51, 218.39, 5539711, 22698
30802, 0, 5951, 7871, 5615, 1131, 0.27%, 0, 372, 51, 221.91, 5540861, 22698
30810, 0, 6784, 7871, 5613, 1129, 0.27%, 0, 372, 51, 8.05, 5541899, 22698
30817, 0, 5403, 7871, 5612, 1128, 0.27%, 0, 372, 51, 5.67, 5542629, 22698
30823, 0, 3145, 7871, 5611, 1127, 0.27%, 0, 372, 51, 11.88, 5543189, 22698
30830, 0, 7871, 7872, 5611, 1127, 0.27%, 0, 372, 51, 11.07, 5543955, 22699
30837, 0, 5383, 7872, 5609, 1125, 0.27%, 0, 372, 51, 2.98, 5544716, 22699
30845, 0, 7872, 7876, 5612, 1128, 0.27%, 0, 372, 51, 1.00, 5545615, 22705
30852, 0, 7875, 7876, 5610, 1126, 0.27%, 0, 372, 51, 3.20, 5546357, 22705
30858, 0, 7876, 7877, 5610, 1126, 0.27%, 0, 372, 51, 8.77, 5546988, 22706
30866, 0, 5785, 7877, 5608, 1124, 0.27%, 0, 372, 51, 9.33, 5547732, 22706
30871, 0, 5933, 7877, 5607, 1123, 0.27%, 0, 372, 51, 188.47, 5548703, 22706
30877, 0, 3396, 7877, 5606, 1122, 0.27%, 0, 372, 51, 10.46, 5549184, 22706
30883, 0, 7044, 7877, 5605, 1121, 0.27%, 0, 372, 51, 0.29, 5549914, 22706
30889, 0, 4924, 7877, 5604, 1120, 0.27%, 0, 372, 51, 209.23, 5550998, 22706
30889, 0, 4924, 7877, 5604, 1120, 0.27%, 0, 372, 51, 0.00, 5551117, 22706
